family,scope,column,canonical_residue,residue_letter,feature,entropy_bits,conservation_norm,jsd,jsd_ci_low,jsd_ci_high,gap_fraction
jak,JAK1,0,,,,-0.0,1.0,0.0,0.0,0.0,1.0
jak,JAK1,1,,,,-0.0,1.0,0.0,0.0,0.0,1.0
jak,JAK1,2,,,,-0.0,1.0,0.0,0.0,0.0,1.0
jak,JAK1,3,,,,-0.0,1.0,0.0,0.0,0.0,1.0
jak,JAK1,4,,,,-0.0,1.0,0.0,0.0,0.0,1.0
jak,JAK1,5,865,V,,1.0448,0.7583,0.594,0.5484,0.6643,0.0109
jak,JAK1,6,866,D,,0.2287,0.9471,0.7773,0.7382,0.8384,0.0109
jak,JAK1,7,867,P,,0.1132,0.9738,0.8234,0.7974,0.85,0.0109
jak,JAK1,8,868,T,,0.4219,0.9024,0.7528,0.7256,0.7918,0.0109
jak,JAK1,9,869,H,,2.4278,0.4383,0.4179,0.3909,0.4635,0.023
jak,JAK1,10,870,F,,0.1347,0.9688,0.8292,0.7972,0.8665,0.023
jak,JAK1,11,871,E,,0.5532,0.872,0.7005,0.6689,0.7418,0.023
jak,JAK1,12,872,K,,0.9411,0.7823,0.6262,0.5881,0.6824,0.023
jak,JAK1,13,873,R,,0.0686,0.9841,0.8116,0.7795,0.8449,0.023
jak,JAK1,14,874,F,,0.1813,0.9581,0.8153,0.7832,0.8587,0.023
jak,JAK1,15,875,L,JH1,0.1184,0.9726,0.7333,0.7126,0.7601,0.0172
jak,JAK1,16,876,K,JH1,1.0113,0.766,0.6628,0.6309,0.7131,0.0127
jak,JAK1,17,877,R,JH1,1.4913,0.655,0.6116,0.5759,0.6738,0.0127
jak,JAK1,18,878,I,JH1,0.6502,0.8496,0.674,0.6357,0.7315,0.0361
jak,JAK1,19,879,R,JH1,0.4269,0.9012,0.7432,0.7096,0.7998,0.0207
jak,JAK1,20,880,D,JH1,1.0957,0.7465,0.6118,0.5724,0.6787,0.0207
jak,JAK1,21,881,L,JH1,0.1323,0.9694,0.7221,0.6947,0.7509,0.0207
jak,JAK1,22,882,G,JH1,0.0844,0.9805,0.7783,0.7486,0.8083,0.0207
jak,JAK1,23,883,E,JH1,0.233,0.9461,0.7608,0.7278,0.8046,0.0207
jak,JAK1,24,,,,-0.0,1.0,0.0,0.0,0.0,1.0
jak,JAK1,25,,,,-0.0,1.0,0.0,0.0,0.0,1.0
jak,JAK1,26,,,,-0.0,1.0,0.0,0.0,0.0,1.0
jak,JAK1,27,,,,-0.0,1.0,0.0,0.0,0.0,1.0
jak,JAK1,28,884,G,JH1,0.0935,0.9784,0.7824,0.7503,0.8151,0.0159
jak,JAK1,29,885,H,JH1,0.3136,0.9274,0.8477,0.8087,0.8937,0.0153
jak,JAK1,30,886,F,JH1,0.0656,0.9848,0.8386,0.8009,0.8675,0.0271
jak,JAK1,31,887,G,JH1,-0.0,1.0,0.793,0.7569,0.8151,0.0271
jak,JAK1,32,888,K,JH1,0.4684,0.8916,0.7419,0.7033,0.7759,0.0271
jak,JAK1,33,889,V,JH1,-0.0,1.0,0.7975,0.7611,0.8197,0.0271
jak,JAK1,34,890,E,JH1,0.0954,0.9779,0.782,0.7427,0.826,0.0271
jak,JAK1,35,891,L,JH1,-0.0,1.0,0.7434,0.7095,0.7641,0.0271
jak,JAK1,36,892,C,JH1,0.0541,0.9875,0.9042,0.8617,0.9414,0.0271
jak,JAK1,37,893,R,JH1,0.894,0.7931,0.6564,0.618,0.7081,0.0271
jak,JAK1,38,894,Y,JH1,-0.0,1.0,0.8748,0.8349,0.8992,0.0271
jak,JAK1,39,895,D,JH1,-0.0,1.0,0.825,0.7874,0.848,0.0271
jak,JAK1,40,896,P,JH1,0.0996,0.977,0.8134,0.7717,0.8614,0.0276
jak,JAK1,41,897,E,JH1,1.5103,0.6506,0.6005,0.5669,0.6543,0.0271
jak,JAK1,42,898,G,JH1,0.3052,0.9294,0.7266,0.6867,0.7728,0.0271
jak,JAK1,43,899,D,JH1,-0.0,1.0,0.825,0.7874,0.848,0.0271
jak,JAK1,44,900,N,JH1,1.8518,0.5715,0.5804,0.547,0.6251,0.0271
jak,JAK1,45,901,T,JH1,0.2999,0.9306,0.7569,0.7191,0.8043,0.0271
jak,JAK1,46,902,G,JH1,-0.0,1.0,0.793,0.7569,0.8151,0.0271
jak,JAK1,47,903,E,JH1,0.4242,0.9018,0.7393,0.7039,0.7846,0.0153
jak,JAK1,48,904,Q,JH1,1.496,0.6539,0.6087,0.5776,0.6504,0.0153
jak,JAK1,49,905,V,JH1,-0.0,1.0,0.8071,0.7799,0.8197,0.0153
jak,JAK1,50,906,A,JH1,-0.0,1.0,0.7842,0.7577,0.7964,0.0153
jak,JAK1,51,907,V,JH1,-0.0,1.0,0.8197,0.8197,0.8197,0.0
jak,JAK1,52,908,K,JH1,0.1144,0.9735,0.8091,0.7861,0.8346,0.0
jak,JAK1,53,909,S,JH1,0.1904,0.956,0.7693,0.7378,0.8144,0.0
jak,JAK1,54,910,L,JH1,0.1144,0.9735,0.7462,0.7343,0.7641,0.0
jak,JAK1,55,911,K,JH1,0.1144,0.9735,0.8063,0.779,0.8346,0.0
jak,JAK1,56,912,P,JH1,0.4743,0.8903,0.7668,0.7431,0.8035,0.0
jak,JAK1,57,913,E,JH1,0.6691,0.8452,0.6941,0.6656,0.741,0.0
jak,JAK1,58,915,G,JH1,2.0202,0.5326,0.4607,0.4268,0.5344,0.0348
jak,JAK1,59,916,G,JH1,1.3703,0.6829,0.5959,0.5634,0.6437,0.0348
jak,JAK1,60,917,N,JH1,1.7517,0.5947,0.546,0.5084,0.6136,0.0348
jak,JAK1,61,918,H,JH1,1.5071,0.6513,0.6913,0.6565,0.7448,0.0245
jak,JAK1,62,919,I,JH1,1.9361,0.552,0.4883,0.46,0.5411,0.0245
jak,JAK1,63,920,A,JH1,1.9571,0.5472,0.5144,0.4965,0.5416,0.0245
jak,JAK1,64,921,D,JH1,1.2559,0.7094,0.6678,0.6283,0.7241,0.0286
jak,JAK1,65,922,L,JH1,-0.0,1.0,0.7641,0.7641,0.7641,0.0
jak,JAK1,66,923,K,JH1,2.1602,0.5002,0.5231,0.4962,0.5715,0.0
jak,JAK1,67,924,K,JH1,1.9069,0.5588,0.5667,0.5457,0.6064,0.0
jak,JAK1,68,925,E,JH1,-0.0,1.0,0.826,0.826,0.826,0.0
jak,JAK1,69,926,I,JH1,0.163,0.9623,0.7985,0.7792,0.824,0.0
jak,JAK1,70,927,E,JH1,2.0307,0.5301,0.514,0.4898,0.5547,0.0
jak,JAK1,71,928,I,JH1,0.5159,0.8806,0.753,0.7317,0.7787,0.0
jak,JAK1,72,929,L,JH1,0.5597,0.8705,0.6892,0.6724,0.7147,0.0
jak,JAK1,73,930,R,JH1,0.964,0.777,0.7405,0.7384,0.7438,0.0
jak,JAK1,74,931,N,JH1,1.9566,0.5473,0.5099,0.482,0.5563,0.0
jak,JAK1,75,932,L,JH1,-0.0,1.0,0.7641,0.7641,0.7641,0.0
jak,JAK1,76,933,Y,JH1,0.2076,0.952,0.8485,0.8153,0.8869,0.0
jak,JAK1,77,934,H,JH1,-0.0,1.0,0.9213,0.9213,0.9213,0.0
jak,JAK1,78,935,E,JH1,1.4397,0.6669,0.6029,0.578,0.6592,0.0
jak,JAK1,79,936,N,JH1,-0.0,1.0,0.8712,0.8712,0.8712,0.0
jak,JAK1,80,937,I,JH1,-0.0,1.0,0.8353,0.8353,0.8353,0.0
jak,JAK1,81,938,V,JH1,-0.0,1.0,0.8197,0.8197,0.8197,0.0
jak,JAK1,82,939,K,JH1,0.1558,0.9639,0.8016,0.7891,0.8193,0.0009
jak,JAK1,83,940,Y,JH1,-0.0,1.0,0.8983,0.8965,0.8992,0.0009
jak,JAK1,84,941,K,JH1,0.2326,0.9462,0.7876,0.7693,0.8212,0.0009
jak,JAK1,85,942,G,JH1,-0.0,1.0,0.8144,0.8127,0.8151,0.0009
jak,JAK1,86,943,I,JH1,0.261,0.9396,0.7826,0.7641,0.8105,0.0009
jak,JAK1,87,944,C,JH1,0.2813,0.9349,0.8833,0.8663,0.9061,0.0009
jak,JAK1,88,945,T,JH1,2.3075,0.4661,0.4396,0.4074,0.4984,0.016
jak,JAK1,89,946,E,JH1,0.34,0.9213,0.7703,0.7577,0.7884,0.0009
jak,JAK1,90,947,D,JH1,1.0601,0.7547,0.7145,0.6985,0.731,0.0009
jak,JAK1,91,948,G,JH1,0.2405,0.9444,0.755,0.7297,0.7929,0.0009
jak,JAK1,92,949,G,JH1,0.4626,0.893,0.6914,0.6567,0.7411,0.0261
jak,JAK1,93,950,N,JH1,2.4853,0.425,0.4341,0.3987,0.4925,0.0227
jak,JAK1,94,951,G,JH1,1.9316,0.5531,0.4811,0.4538,0.5208,0.0227
jak,JAK1,95,952,I,JH1,0.9571,0.7785,0.6426,0.6116,0.6955,0.0227
jak,JAK1,96,953,K,JH1,0.1838,0.9575,0.7735,0.7405,0.8122,0.0227
jak,JAK1,97,954,L,JH1,0.0733,0.983,0.7288,0.6986,0.7625,0.0227
jak,JAK1,98,955,I,JH1,0.0805,0.9814,0.7888,0.7558,0.8209,0.0313
jak,JAK1,99,956,M,JH1,-0.0,1.0,0.8895,0.8542,0.9164,0.0313
jak,JAK1,100,957,E,JH1,0.0505,0.9883,0.7884,0.757,0.8187,0.0313
jak,JAK1,101,958,F,JH1,0.9998,0.7687,0.7848,0.754,0.8086,0.0313
jak,JAK1,102,959,L,JH1,0.2802,0.9352,0.6885,0.6591,0.7148,0.0313
jak,JAK1,103,960,P,JH1,0.0631,0.9854,0.818,0.7853,0.8466,0.0313
jak,JAK1,104,961,S,JH1,1.8862,0.5636,0.4772,0.4537,0.5064,0.0313
jak,JAK1,105,962,G,JH1,-0.0,1.0,0.7896,0.7583,0.8134,0.0313
jak,JAK1,106,963,S,JH1,-0.0,1.0,0.7953,0.7681,0.8136,0.0233
jak,JAK1,107,964,L,JH1,-0.0,1.0,0.7529,0.7327,0.7641,0.0147
jak,JAK1,108,965,K,JH1,0.2577,0.9404,0.7697,0.735,0.8328,0.0029
jak,JAK1,109,966,E,JH1,0.7943,0.8162,0.7038,0.6734,0.7482,0.0029
jak,JAK1,110,967,Y,JH1,0.2633,0.9391,0.8461,0.8218,0.8819,0.0029
jak,JAK1,111,968,L,JH1,0.1645,0.9619,0.7211,0.6908,0.7634,0.0029
jak,JAK1,112,969,P,JH1,0.1161,0.9731,0.8297,0.8052,0.8611,0.0029
jak,JAK1,113,970,K,JH1,1.1197,0.7409,0.6678,0.6361,0.7247,0.0029
jak,JAK1,114,971,N,JH1,1.2423,0.7126,0.6909,0.6623,0.7407,0.0116
jak,JAK1,115,972,K,JH1,0.6793,0.8428,0.6964,0.6703,0.7353,0.0116
jak,JAK1,116,973,N,JH1,2.301,0.4676,0.4336,0.4088,0.484,0.0116
jak,JAK1,117,974,K,JH1,1.5554,0.6401,0.5752,0.5433,0.6258,0.0233
jak,JAK1,118,975,I,JH1,1.1675,0.7299,0.6598,0.6268,0.7023,0.0233
jak,JAK1,119,976,N,JH1,1.7937,0.585,0.5536,0.5232,0.5952,0.0419
jak,JAK1,120,977,L,JH1,0.8901,0.794,0.5879,0.5595,0.6424,0.0224
jak,JAK1,121,978,K,JH1,2.1559,0.5012,0.4081,0.3812,0.4773,0.0224
jak,JAK1,122,979,Q,JH1,2.0599,0.5234,0.5227,0.4937,0.589,0.0224
jak,JAK1,123,980,Q,JH1,0.8916,0.7937,0.6434,0.6123,0.6839,0.0351
jak,JAK1,124,981,L,JH1,0.168,0.9611,0.7034,0.6723,0.7316,0.0351
jak,JAK1,125,982,K,JH1,2.338,0.459,0.4373,0.4108,0.4798,0.0351
jak,JAK1,126,983,Y,JH1,0.1163,0.9731,0.8443,0.806,0.8842,0.0357
jak,JAK1,127,984,A,JH1,1.0847,0.749,0.6201,0.5903,0.6505,0.0351
jak,JAK1,128,985,V,JH1,1.7242,0.6011,0.4836,0.4491,0.5387,0.0351
jak,JAK1,129,986,Q,JH1,-0.0,1.0,0.8483,0.8132,0.8773,0.0351
jak,JAK1,130,987,I,JH1,0.0496,0.9885,0.7925,0.7573,0.8261,0.0351
jak,JAK1,131,988,C,JH1,0.3298,0.9237,0.8512,0.8194,0.8983,0.0087
jak,JAK1,132,989,K,JH1,1.7026,0.606,0.5716,0.5395,0.6329,0.0087
jak,JAK1,133,990,G,JH1,0.0986,0.9772,0.7843,0.757,0.8151,0.006
jak,JAK1,134,991,M,JH1,0.1181,0.9727,0.8835,0.8587,0.9183,0.006
jak,JAK1,135,992,D,JH1,1.0475,0.7576,0.6555,0.6269,0.6961,0.0187
jak,JAK1,136,993,Y,JH1,-0.0,1.0,0.8823,0.8569,0.8992,0.0187
jak,JAK1,137,994,L,JH1,-0.0,1.0,0.7498,0.7282,0.7641,0.0187
jak,JAK1,138,995,G,JH1,-0.0,1.0,0.7999,0.7768,0.8151,0.0187
jak,JAK1,139,996,S,JH1,0.3557,0.9177,0.71,0.6746,0.7597,0.0187
jak,JAK1,140,997,R,JH1,1.9439,0.5502,0.6204,0.594,0.6554,0.0187
jak,JAK1,141,998,Q,JH1,1.4149,0.6726,0.6761,0.6471,0.724,0.0187
jak,JAK1,142,999,Y,JH1,0.2157,0.9501,0.846,0.8195,0.8759,0.0193
jak,JAK1,143,1000,V,JH1,1.0859,0.7487,0.6834,0.6552,0.7157,0.0066
jak,JAK1,144,1001,H,JH1,0.0987,0.9772,0.894,0.8717,0.9213,0.0066
jak,JAK1,145,1002,R,JH1,-0.0,1.0,0.8435,0.8321,0.8491,0.0066
jak,JAK1,146,1003,D,JH1,-0.0,1.0,0.8316,0.8081,0.848,0.0193
jak,JAK1,147,1004,L,JH1,-0.0,1.0,0.7494,0.7282,0.7641,0.0193
jak,JAK1,148,1005,A,JH1,-0.0,1.0,0.781,0.7589,0.7964,0.0193
jak,JAK1,149,1006,A,JH1,0.0399,0.9908,0.7697,0.7428,0.7964,0.0193
jak,JAK1,150,1007,R,JH1,-0.0,1.0,0.8327,0.8091,0.8491,0.0193
jak,JAK1,151,1008,N,JH1,-0.0,1.0,0.8544,0.8302,0.8712,0.0193
jak,JAK1,152,1009,V,JH1,0.2214,0.9488,0.7612,0.7338,0.7927,0.0193
jak,JAK1,153,1010,L,JH1,-0.0,1.0,0.7494,0.7282,0.7641,0.0193
jak,JAK1,154,1011,V,JH1,0.3403,0.9213,0.734,0.7029,0.7744,0.0193
jak,JAK1,155,1012,E,JH1,0.1195,0.9724,0.7799,0.7461,0.8205,0.0193
jak,JAK1,156,1013,S,JH1,1.1781,0.7274,0.6788,0.6539,0.7105,0.0193
jak,JAK1,157,1014,E,JH1,0.2984,0.9309,0.7373,0.7068,0.793,0.0193
jak,JAK1,158,1015,H,JH1,2.4288,0.438,0.5002,0.4775,0.5321,0.0193
jak,JAK1,159,1016,Q,JH1,2.251,0.4792,0.4684,0.4333,0.5338,0.0193
jak,JAK1,160,1017,V,JH1,0.067,0.9845,0.787,0.7608,0.8149,0.0193
jak,JAK1,161,1018,K,JH1,-0.0,1.0,0.8185,0.7954,0.8346,0.0193
jak,JAK1,162,1019,I,JH1,-0.0,1.0,0.8191,0.796,0.8353,0.0193
jak,JAK1,163,1020,G,JH1,-0.0,1.0,0.7994,0.7768,0.8151,0.0193
jak,JAK1,164,1021,D,JH1,-0.0,1.0,0.8316,0.8081,0.848,0.0193
jak,JAK1,165,1022,F,JH1,-0.0,1.0,0.8589,0.8347,0.8758,0.0193
jak,JAK1,166,1023,G,JH1,-0.0,1.0,0.7994,0.7768,0.8151,0.0193
jak,JAK1,167,1024,L,JH1,-0.0,1.0,0.7494,0.7282,0.7641,0.0193
jak,JAK1,168,1025,T,JH1,0.0987,0.9772,0.8134,0.7877,0.8439,0.0066
jak,JAK1,169,1026,K,JH1,0.0987,0.9772,0.8031,0.776,0.8346,0.0066
jak,JAK1,170,1027,A,JH1,1.4456,0.6655,0.5818,0.5635,0.607,0.0066
jak,JAK1,171,1028,I,JH1,0.347,0.9197,0.761,0.7403,0.7887,0.0066
jak,JAK1,172,1029,E,JH1,1.2573,0.7091,0.6595,0.641,0.6826,0.0066
jak,JAK1,173,1030,T,JH1,1.6992,0.6069,0.5958,0.5767,0.623,0.0066
jak,JAK1,174,1031,D,JH1,1.1328,0.7379,0.7193,0.6918,0.758,0.0066
jak,JAK1,175,1032,K,JH1,1.3433,0.6892,0.6344,0.6127,0.6667,0.0066
jak,JAK1,176,1033,E,JH1,1.4187,0.6718,0.5823,0.5462,0.6417,0.0066
jak,JAK1,177,1034,Y,JH1,-0.0,1.0,0.8933,0.8812,0.8992,0.0066
jak,JAK1,178,1035,Y,JH1,-0.0,1.0,0.8933,0.8812,0.8992,0.0066
jak,JAK1,179,1036,T,JH1,0.8401,0.8056,0.6756,0.6382,0.7366,0.0066
jak,JAK1,180,1037,V,JH1,-0.0,1.0,0.8143,0.8034,0.8197,0.0066
jak,JAK1,181,1038,K,JH1,0.9536,0.7794,0.6552,0.6238,0.7037,0.0066
jak,JAK1,182,1039,D,JH1,0.4784,0.8893,0.7669,0.7499,0.7871,0.0066
jak,JAK1,183,1040,D,JH1,0.8583,0.8014,0.7362,0.7245,0.7454,0.0066
jak,JAK1,184,1041,R,JH1,2.3757,0.4503,0.4727,0.4473,0.5225,0.0066
jak,JAK1,185,1042,D,JH1,0.4408,0.898,0.7556,0.7255,0.7962,0.0066
jak,JAK1,186,1043,S,JH1,0.0675,0.9844,0.7985,0.7854,0.8139,0.0066
jak,JAK1,187,1044,P,JH1,-0.0,1.0,0.8562,0.8447,0.8618,0.0066
jak,JAK1,188,1045,V,JH1,0.0726,0.9832,0.796,0.772,0.8197,0.0066
jak,JAK1,189,1046,F,JH1,0.4279,0.901,0.8237,0.8106,0.8368,0.0066
jak,JAK1,190,1047,W,JH1,-0.0,1.0,0.9456,0.9309,0.9536,0.0084
jak,JAK1,191,1048,Y,JH1,0.2824,0.9347,0.8293,0.789,0.8975,0.0018
jak,JAK1,192,1049,A,JH1,0.239,0.9447,0.7412,0.7124,0.7921,0.0018
jak,JAK1,193,1050,P,JH1,0.3752,0.9132,0.7639,0.7234,0.8336,0.0018
jak,JAK1,194,1051,E,JH1,0.3529,0.9184,0.7365,0.6901,0.8204,0.0066
jak,JAK1,195,1052,C,JH1,0.3529,0.9184,0.8552,0.8112,0.9351,0.0066
jak,JAK1,196,1053,L,JH1,0.318,0.9264,0.6922,0.6526,0.7627,0.0066
jak,JAK1,197,1054,M,JH1,2.0863,0.5173,0.4819,0.4643,0.5045,0.0066
jak,JAK1,198,1055,Q,JH1,1.8947,0.5616,0.5872,0.5465,0.6688,0.0103
jak,JAK1,199,1056,S,JH1,1.6253,0.6239,0.6398,0.593,0.7346,0.0103
jak,JAK1,200,1057,K,JH1,0.3005,0.9305,0.7758,0.7522,0.8181,0.0103
jak,JAK1,201,1058,F,JH1,0.3189,0.9262,0.7997,0.7591,0.8714,0.0103
jak,JAK1,202,1059,Y,JH1,0.3647,0.9156,0.8174,0.7771,0.8809,0.0103
jak,JAK1,203,1060,I,JH1,1.9712,0.5439,0.4776,0.452,0.5279,0.0103
jak,JAK1,204,1061,A,JH1,0.1919,0.9556,0.7238,0.6763,0.7673,0.0406
jak,JAK1,205,1062,S,JH1,0.1249,0.9711,0.7563,0.7002,0.8103,0.0406
jak,JAK1,206,1063,D,JH1,0.1249,0.9711,0.786,0.7258,0.8437,0.0406
jak,JAK1,207,1064,V,JH1,0.0382,0.9912,0.7761,0.7255,0.8133,0.0406
jak,JAK1,208,1065,W,JH1,-0.0,1.0,0.9438,0.9296,0.9536,0.0103
jak,JAK1,209,1066,S,JH1,0.2004,0.9536,0.751,0.7086,0.8103,0.0267
jak,JAK1,210,1067,F,JH1,0.2004,0.9536,0.8145,0.7725,0.8714,0.0267
jak,JAK1,211,,,,-0.0,1.0,0.0,0.0,0.0,1.0
jak,JAK1,212,,,,-0.0,1.0,0.0,0.0,0.0,1.0
jak,JAK1,213,,,,-0.0,1.0,0.0,0.0,0.0,1.0
jak,JAK1,214,,,,-0.0,1.0,0.0,0.0,0.0,1.0
jak,JAK1,215,,,,-0.0,1.0,0.0,0.0,0.0,1.0
jak,JAK1,216,,,,-0.0,1.0,0.0,0.0,0.0,1.0
jak,JAK1,217,,,,-0.0,1.0,0.0,0.0,0.0,1.0
jak,JAK1,218,1068,G,JH1,0.2004,0.9536,0.7511,0.7081,0.8111,0.0267
jak,JAK1,219,1069,V,JH1,0.1844,0.9573,0.7662,0.7338,0.7965,0.0267
jak,JAK1,220,1070,T,JH1,0.2004,0.9536,0.7885,0.7519,0.8397,0.0267
jak,JAK1,221,1071,L,JH1,1.1674,0.7299,0.6791,0.6522,0.7208,0.0267
jak,JAK1,222,1072,H,JH1,0.6806,0.8425,0.815,0.782,0.846,0.0267
jak,JAK1,223,1073,E,JH1,0.2004,0.9536,0.7616,0.7183,0.8218,0.0267
jak,JAK1,224,1074,L,JH1,0.7623,0.8236,0.6257,0.5855,0.6866,0.0267
jak,JAK1,225,1075,L,JH1,1.4595,0.6623,0.5655,0.5302,0.6223,0.0267
jak,JAK1,226,1076,T,JH1,0.2288,0.9471,0.7438,0.6799,0.8004,0.0571
jak,JAK1,227,1077,Y,JH1,0.3303,0.9236,0.7942,0.7427,0.8755,0.0267
jak,JAK1,228,1078,C,JH1,0.0754,0.9826,0.9012,0.8647,0.9367,0.0267
jak,JAK1,229,1079,D,JH1,0.9535,0.7794,0.6786,0.6514,0.7214,0.0103
jak,JAK1,230,1080,S,JH1,1.657,0.6166,0.5153,0.4881,0.5595,0.0222
jak,JAK1,231,1081,D,JH1,2.4508,0.4329,0.3688,0.3358,0.4347,0.0526
jak,JAK1,232,1082,S,JH1,2.6009,0.3982,0.4122,0.3792,0.4747,0.0406
jak,JAK1,233,1083,S,JH1,0.6134,0.8581,0.6492,0.6056,0.7378,0.0406
jak,JAK1,234,1084,P,JH1,0.1249,0.9711,0.8005,0.7403,0.8575,0.0406
jak,JAK1,235,1085,M,JH1,0.9333,0.7841,0.7122,0.6602,0.7927,0.0406
jak,JAK1,236,1086,A,JH1,2.3384,0.4589,0.3931,0.3616,0.4579,0.0512
jak,JAK1,237,1087,L,JH1,2.4496,0.4332,0.4365,0.4135,0.4716,0.035
jak,JAK1,238,1088,F,JH1,0.4483,0.8963,0.7517,0.7084,0.81,0.0524
jak,JAK1,239,1089,L,JH1,0.8713,0.7984,0.5607,0.5215,0.6396,0.0434
jak,JAK1,240,1090,K,JH1,2.3241,0.4623,0.3822,0.355,0.4556,0.0484
jak,JAK1,241,1091,M,JH1,0.9544,0.7792,0.6766,0.6298,0.74,0.0484
jak,JAK1,242,1092,I,JH1,0.9168,0.7879,0.6212,0.5818,0.7034,0.0484
jak,JAK1,243,1093,G,JH1,0.5473,0.8734,0.662,0.6229,0.743,0.0484
jak,JAK1,244,1094,P,JH1,1.6468,0.619,0.5496,0.5105,0.6202,0.0484
jak,JAK1,245,,,JH1,-0.0,1.0,0.0254,0.0,0.0751,0.9696
jak,JAK1,246,1095,T,JH1,1.1984,0.7227,0.5961,0.5599,0.6587,0.0371
jak,JAK1,247,1096,H,JH1,1.1909,0.7245,0.7277,0.6902,0.7879,0.0371
jak,JAK1,248,1097,G,JH1,0.1743,0.9597,0.7402,0.6991,0.7919,0.0418
jak,JAK1,249,1098,Q,JH1,0.3991,0.9077,0.7415,0.6939,0.8268,0.0507
jak,JAK1,250,1099,M,JH1,0.3595,0.9168,0.7915,0.7469,0.8692,0.0554
jak,JAK1,251,1100,T,JH1,0.5433,0.8743,0.6842,0.6437,0.7657,0.0554
jak,JAK1,252,1101,V,JH1,1.4494,0.6646,0.5575,0.5163,0.6371,0.0554
jak,JAK1,253,1102,T,JH1,2.1683,0.4983,0.4502,0.4255,0.4956,0.0572
jak,JAK1,254,1103,R,JH1,0.6775,0.8432,0.6718,0.6288,0.7606,0.0524
jak,JAK1,255,1104,L,JH1,0.2831,0.9345,0.6668,0.6263,0.7306,0.0427
jak,JAK1,256,1105,V,JH1,0.6965,0.8389,0.641,0.5974,0.7298,0.0263
jak,JAK1,257,1106,N,JH1,2.5599,0.4077,0.387,0.3546,0.4817,0.0263
jak,JAK1,258,1107,T,JH1,2.0991,0.5143,0.4188,0.3904,0.4748,0.0399
jak,JAK1,259,1108,L,JH1,0.1882,0.9565,0.7128,0.6901,0.7514,0.0259
jak,JAK1,260,1109,K,JH1,2.583,0.4024,0.3906,0.3654,0.4399,0.0307
jak,JAK1,261,1110,E,JH1,1.7618,0.5923,0.4805,0.4416,0.5452,0.0897
jak,JAK1,262,1111,G,JH1,1.2365,0.7139,0.5615,0.5163,0.6049,0.0897
jak,JAK1,263,1112,K,JH1,1.6224,0.6246,0.5463,0.5005,0.6147,0.0882
jak,JAK1,264,1113,R,JH1,0.2481,0.9426,0.719,0.6581,0.7852,0.0888
jak,JAK1,265,1114,L,JH1,0.5317,0.877,0.6287,0.5846,0.6844,0.0718
jak,JAK1,266,1115,P,JH1,0.4517,0.8955,0.7188,0.6778,0.7753,0.0429
jak,JAK1,267,1116,C,JH1,1.7143,0.6033,0.6083,0.572,0.6657,0.0435
jak,JAK1,268,1117,P,JH1,0.5889,0.8637,0.6945,0.6455,0.7837,0.0435
jak,JAK1,269,1118,P,JH1,2.5083,0.4196,0.3764,0.3476,0.4458,0.0435
jak,JAK1,270,1119,N,JH1,2.9115,0.3263,0.3134,0.286,0.3804,0.0435
jak,JAK1,271,1120,C,JH1,0.2374,0.9451,0.8376,0.8011,0.891,0.0429
jak,JAK1,272,1121,P,JH1,0.7197,0.8335,0.6963,0.6658,0.7365,0.0429
jak,JAK1,273,1122,D,JH1,1.7671,0.5911,0.5044,0.4739,0.5668,0.0542
jak,JAK1,274,1123,E,JH1,2.7162,0.3715,0.3118,0.2846,0.3687,0.0965
jak,JAK1,275,1124,V,JH1,0.6388,0.8522,0.6546,0.6209,0.7035,0.0416
jak,JAK1,276,1125,Y,JH1,0.6414,0.8516,0.5554,0.5143,0.6175,0.2881
jak,JAK1,277,1126,Q,JH1,2.6128,0.3955,0.333,0.2993,0.4111,0.0949
jak,JAK1,278,1127,L,JH1,1.0744,0.7514,0.5292,0.4948,0.6093,0.0911
jak,JAK1,279,1128,M,JH1,0.7082,0.8361,0.7299,0.6883,0.7915,0.0343
jak,JAK1,280,1129,R,JH1,1.4067,0.6745,0.5371,0.5037,0.6235,0.0426
jak,JAK1,281,,,,-0.0,1.0,0.0016,0.0,0.0058,0.9982
jak,JAK1,282,,,,-0.0,1.0,0.0015,0.0,0.0054,0.9982
jak,JAK1,283,1130,K,JH1,1.5326,0.6454,0.525,0.4835,0.6084,0.073
jak,JAK1,284,1131,C,JH1,0.1193,0.9724,0.8657,0.8253,0.9122,0.0505
jak,JAK1,285,1132,W,JH1,0.4206,0.9027,0.8179,0.7753,0.8868,0.0421
jak,JAK1,286,,,,-0.0,1.0,0.0069,0.0,0.0218,0.9918
jak,JAK1,287,,,,-0.0,1.0,0.0074,0.0,0.0234,0.9918
jak,JAK1,288,,,,-0.0,1.0,0.0068,0.0,0.0218,0.9918
jak,JAK1,289,,,,-0.0,1.0,0.007,0.0,0.0221,0.9918
jak,JAK1,290,1133,E,JH1,1.9051,0.5592,0.4337,0.3945,0.5029,0.0884
jak,JAK1,291,1134,F,JH1,2.8417,0.3425,0.4162,0.3824,0.4731,0.0884
jak,JAK1,292,1135,Q,JH1,2.9572,0.3158,0.2764,0.2524,0.322,0.0923
jak,JAK1,293,1136,P,JH1,0.8963,0.7926,0.7126,0.661,0.7597,0.098
jak,JAK1,294,1137,S,JH1,2.0353,0.5291,0.4404,0.401,0.4868,0.098
jak,JAK1,295,1138,N,JH1,2.7846,0.3557,0.3488,0.3189,0.4007,0.098
jak,JAK1,296,1139,R,JH1,0.1893,0.9562,0.7195,0.6624,0.7886,0.0989
jak,JAK1,297,1140,T,JH1,1.6111,0.6272,0.5223,0.477,0.5893,0.0989
jak,JAK1,298,1141,S,JH1,1.6659,0.6146,0.4817,0.4389,0.5533,0.0874
jak,JAK1,299,1142,F,JH1,0.1667,0.9614,0.7667,0.7115,0.8287,0.0874
jak,JAK1,300,1143,Q,JH1,2.4433,0.4347,0.4321,0.3955,0.4985,0.0957
jak,JAK1,301,1144,N,JH1,2.8351,0.344,0.3102,0.2823,0.3801,0.0957
jak,JAK1,302,1145,L,JH1,0.2609,0.9396,0.6564,0.6056,0.713,0.0791
jak,JAK1,303,1146,I,JH1,0.8385,0.806,0.6137,0.5697,0.6811,0.0872
jak,JAK1,304,1147,E,JH1,2.7146,0.3719,0.3294,0.2946,0.3875,0.082
jak,JAK1,305,1148,G,JH1,2.234,0.4831,0.3772,0.3425,0.4396,0.0776
jak,JAK1,306,1149,F,JH1,0.9337,0.784,0.6481,0.6006,0.6943,0.0929
jak,JAK1,307,1150,E,JH1,1.8686,0.5676,0.4873,0.4469,0.5347,0.102
jak,JAK1,308,1151,A,JH1,3.2927,0.2381,0.1953,0.1714,0.2618,0.1011
jak,JAK1,309,1152,L,JH1,1.8718,0.5669,0.4929,0.4536,0.5439,0.0966
jak,JAK1,310,1154,K,JH1,3.1874,0.2625,0.2205,0.1948,0.2686,0.097
jak,JAK1,311,,,JH1,2.7949,0.3533,0.2848,0.2554,0.3474,0.1751
jak,JAK1,312,,,JH1,3.0093,0.3037,0.1528,0.1327,0.204,0.512
jak,JAK1,313,,,,3.1893,0.2621,0.0466,0.0383,0.0801,0.8342
jak,JAK1,314,,,,0.8696,0.7988,0.0093,0.0,0.0277,0.9882
jak,JAK1,315,,,,-0.0,1.0,0.0073,0.0,0.0236,0.9916
jak,JAK1,316,,,,-0.0,1.0,0.0067,0.0,0.0216,0.9916
jak,JAK1,317,,,,-0.0,1.0,0.0,0.0,0.0,1.0
jak,JAK1,318,,,,-0.0,1.0,0.0,0.0,0.0,1.0
jak,JAK2,0,834,G,,1.044,0.7584,0.6656,0.6307,0.7253,0.0136
jak,JAK2,1,835,A,,1.4941,0.6543,0.5159,0.4826,0.5981,0.016
jak,JAK2,2,836,F,,1.515,0.6495,0.573,0.5354,0.6807,0.0073
jak,JAK2,3,837,E,,1.2829,0.7032,0.5741,0.5365,0.6712,0.0086
jak,JAK2,4,838,D,,1.9441,0.5502,0.5325,0.4988,0.6049,0.0086
jak,JAK2,5,839,R,,1.7746,0.5894,0.6069,0.5814,0.6774,0.0073
jak,JAK2,6,840,D,,1.4609,0.662,0.6165,0.5844,0.6889,0.0073
jak,JAK2,7,841,P,,0.337,0.922,0.7627,0.729,0.805,0.0073
jak,JAK2,8,842,T,,1.6552,0.617,0.5535,0.5285,0.6085,0.0073
jak,JAK2,9,843,Q,,1.1254,0.7396,0.6595,0.6208,0.771,0.0131
jak,JAK2,10,844,F,,0.3192,0.9261,0.8299,0.8105,0.8758,0.0073
jak,JAK2,11,845,E,,0.148,0.9658,0.7917,0.7723,0.8201,0.0073
jak,JAK2,12,846,E,,0.4357,0.8992,0.7319,0.6972,0.8037,0.0073
jak,JAK2,13,847,R,,-0.0,1.0,0.8429,0.8308,0.8491,0.0073
jak,JAK2,14,848,H,,0.5639,0.8695,0.8329,0.8023,0.9195,0.0073
jak,JAK2,15,849,L,JH1,-0.0,1.0,0.7586,0.7477,0.7641,0.0073
jak,JAK2,16,850,K,JH1,0.9861,0.7718,0.7223,0.7118,0.729,0.0073
jak,JAK2,17,851,F,JH1,0.0607,0.986,0.8566,0.8397,0.8758,0.0073
jak,JAK2,18,852,L,JH1,0.6315,0.8539,0.6608,0.6325,0.7416,0.0073
jak,JAK2,19,853,Q,JH1,1.1606,0.7315,0.681,0.6396,0.7872,0.0073
jak,JAK2,20,854,Q,JH1,0.7166,0.8342,0.7401,0.7092,0.8208,0.0073
jak,JAK2,21,855,L,JH1,0.0493,0.9886,0.7491,0.7302,0.7641,0.0017
jak,JAK2,22,856,G,JH1,0.0493,0.9886,0.8004,0.7824,0.8151,0.0017
jak,JAK2,23,857,K,JH1,0.6101,0.8588,0.7139,0.6688,0.833,0.0017
jak,JAK2,24,,,,-0.0,1.0,0.0,0.0,0.0,1.0
jak,JAK2,25,,,,-0.0,1.0,0.0,0.0,0.0,1.0
jak,JAK2,26,,,,-0.0,1.0,0.0,0.0,0.0,1.0
jak,JAK2,27,,,,-0.0,1.0,0.0,0.0,0.0,1.0
jak,JAK2,28,858,G,JH1,-0.0,1.0,0.8151,0.8151,0.8151,0.0
jak,JAK2,29,859,N,JH1,-0.0,1.0,0.8712,0.8712,0.8712,0.0
jak,JAK2,30,860,F,JH1,-0.0,1.0,0.8758,0.8758,0.8758,0.0
jak,JAK2,31,861,G,JH1,-0.0,1.0,0.8151,0.8151,0.8151,0.0
jak,JAK2,32,862,S,JH1,0.4643,0.8926,0.747,0.7263,0.8144,0.0
jak,JAK2,33,863,V,JH1,-0.0,1.0,0.8197,0.8197,0.8197,0.0
jak,JAK2,34,864,E,JH1,0.1173,0.9729,0.7999,0.7805,0.826,0.0
jak,JAK2,35,865,M,JH1,0.8659,0.7996,0.7511,0.7182,0.8047,0.0
jak,JAK2,36,866,C,JH1,-0.0,1.0,0.9414,0.9414,0.9414,0.0
jak,JAK2,37,867,R,JH1,-0.0,1.0,0.8491,0.8491,0.8491,0.0
jak,JAK2,38,868,Y,JH1,-0.0,1.0,0.8992,0.8992,0.8992,0.0
jak,JAK2,39,869,D,JH1,-0.0,1.0,0.848,0.848,0.848,0.0
jak,JAK2,40,870,P,JH1,0.5609,0.8702,0.7455,0.6927,0.8618,0.0
jak,JAK2,41,871,L,JH1,0.0932,0.9784,0.7449,0.734,0.7641,0.0
jak,JAK2,42,872,Q,JH1,0.6508,0.8494,0.7475,0.7136,0.8396,0.0
jak,JAK2,43,873,D,JH1,-0.0,1.0,0.848,0.848,0.848,0.0
jak,JAK2,44,874,N,JH1,1.0357,0.7604,0.689,0.66,0.7423,0.0
jak,JAK2,45,875,T,JH1,-0.0,1.0,0.8439,0.8439,0.8439,0.0
jak,JAK2,46,876,G,JH1,-0.0,1.0,0.8151,0.8151,0.8151,0.0
jak,JAK2,47,877,E,JH1,0.4112,0.9049,0.7574,0.7336,0.795,0.0
jak,JAK2,48,878,V,JH1,0.6914,0.84,0.6738,0.6207,0.8197,0.0
jak,JAK2,49,879,V,JH1,0.1333,0.9691,0.7898,0.7634,0.8197,0.0
jak,JAK2,50,880,A,JH1,0.1333,0.9691,0.7651,0.7369,0.7964,0.0
jak,JAK2,51,881,V,JH1,0.1333,0.9691,0.7879,0.7587,0.8197,0.0
jak,JAK2,52,882,K,JH1,0.1333,0.9691,0.8037,0.7758,0.8346,0.0
jak,JAK2,53,883,K,JH1,-0.0,1.0,0.8346,0.8346,0.8346,0.0
jak,JAK2,54,884,L,JH1,-0.0,1.0,0.7641,0.7641,0.7641,0.0
jak,JAK2,55,885,Q,JH1,0.1333,0.9691,0.8469,0.8168,0.8791,0.0
jak,JAK2,56,886,H,JH1,0.5172,0.8803,0.7932,0.746,0.875,0.0186
jak,JAK2,57,887,S,JH1,0.7005,0.8379,0.6687,0.6297,0.7797,0.0186
jak,JAK2,58,888,T,JH1,0.7833,0.8188,0.7088,0.6751,0.7946,0.0186
jak,JAK2,59,889,E,JH1,1.569,0.637,0.5571,0.5242,0.635,0.0186
jak,JAK2,60,890,E,JH1,0.6235,0.8557,0.7217,0.6862,0.8068,0.0186
jak,JAK2,61,891,H,JH1,0.5661,0.869,0.7524,0.6557,0.8693,0.0761
jak,JAK2,62,892,L,JH1,1.1839,0.7261,0.548,0.479,0.633,0.0761
jak,JAK2,63,893,R,JH1,0.6166,0.8573,0.7147,0.668,0.8358,0.0186
jak,JAK2,64,894,D,JH1,0.3966,0.9082,0.766,0.7298,0.8225,0.0186
jak,JAK2,65,895,F,JH1,-0.0,1.0,0.8596,0.8241,0.8758,0.0186
jak,JAK2,66,896,E,JH1,0.0559,0.9871,0.7961,0.7606,0.826,0.0186
jak,JAK2,67,897,R,JH1,0.6543,0.8486,0.7307,0.6964,0.8173,0.0186
jak,JAK2,68,898,E,JH1,0.1333,0.9691,0.7926,0.7607,0.826,0.0
jak,JAK2,69,899,I,JH1,0.1873,0.9567,0.8009,0.7796,0.8353,0.0
jak,JAK2,70,900,E,JH1,0.6003,0.8611,0.7205,0.6902,0.7834,0.0
jak,JAK2,71,901,I,JH1,0.1333,0.9691,0.8079,0.7853,0.8353,0.0
jak,JAK2,72,902,L,JH1,-0.0,1.0,0.7641,0.7641,0.7641,0.0
jak,JAK2,73,903,K,JH1,0.2997,0.9307,0.7758,0.7548,0.8054,0.0
jak,JAK2,74,904,S,JH1,-0.0,1.0,0.7992,0.7662,0.8144,0.0186
jak,JAK2,75,905,L,JH1,0.0638,0.9852,0.7319,0.698,0.7641,0.0186
jak,JAK2,76,906,Q,JH1,0.9168,0.7879,0.7512,0.7095,0.8378,0.0186
jak,JAK2,77,907,H,JH1,0.0303,0.993,0.8962,0.8597,0.9213,0.0186
jak,JAK2,78,908,D,JH1,0.9937,0.7701,0.7175,0.689,0.7343,0.0186
jak,JAK2,79,909,N,JH1,-0.0,1.0,0.855,0.8197,0.8712,0.0186
jak,JAK2,80,910,I,JH1,-0.0,1.0,0.8197,0.7859,0.8353,0.0186
jak,JAK2,81,911,V,JH1,0.0737,0.9829,0.7866,0.7509,0.8197,0.0186
jak,JAK2,82,912,K,JH1,0.471,0.891,0.7416,0.7084,0.7987,0.0186
jak,JAK2,83,913,Y,JH1,0.0737,0.9829,0.8693,0.8321,0.8992,0.0186
jak,JAK2,84,914,K,JH1,0.6476,0.8501,0.7188,0.6755,0.8183,0.0
jak,JAK2,85,915,G,JH1,0.0728,0.9832,0.7957,0.778,0.8151,0.0035
jak,JAK2,86,916,V,JH1,0.4504,0.8958,0.7256,0.6837,0.8197,0.0035
jak,JAK2,87,917,C,JH1,0.0544,0.9874,0.9228,0.9029,0.9414,0.0035
jak,JAK2,88,918,Y,JH1,0.5763,0.8667,0.7924,0.7547,0.8653,0.0221
jak,JAK2,89,919,S,JH1,0.6661,0.8459,0.6644,0.6223,0.7335,0.0221
jak,JAK2,90,920,A,JH1,0.6413,0.8516,0.6615,0.622,0.7557,0.0327
jak,JAK2,91,921,G,JH1,0.0349,0.9919,0.7783,0.7353,0.8113,0.0373
jak,JAK2,92,922,R,JH1,0.8623,0.8005,0.6956,0.6627,0.8131,0.0086
jak,JAK2,93,923,R,JH1,0.8114,0.8123,0.6709,0.5963,0.7674,0.0662
jak,JAK2,94,924,N,JH1,0.8448,0.8045,0.712,0.6743,0.8301,0.0086
jak,JAK2,95,925,L,JH1,0.7173,0.834,0.6353,0.6005,0.7492,0.0086
jak,JAK2,96,926,K,JH1,1.2206,0.7176,0.6681,0.64,0.7382,0.0086
jak,JAK2,97,927,L,JH1,0.3871,0.9104,0.6898,0.6594,0.7607,0.0086
jak,JAK2,98,928,I,JH1,0.9501,0.7802,0.688,0.6601,0.7436,0.0086
jak,JAK2,99,929,M,JH1,0.3871,0.9104,0.8586,0.8345,0.9142,0.0086
jak,JAK2,100,930,E,JH1,0.3871,0.9104,0.7458,0.713,0.8223,0.0086
jak,JAK2,101,931,Y,JH1,0.8099,0.8126,0.7559,0.7203,0.8528,0.0086
jak,JAK2,102,932,L,JH1,-0.0,1.0,0.7575,0.7476,0.7641,0.0086
jak,JAK2,103,933,P,JH1,0.1871,0.9567,0.8109,0.772,0.8615,0.0086
jak,JAK2,104,934,Y,JH1,1.389,0.6786,0.7276,0.6885,0.7854,0.0086
jak,JAK2,105,935,G,JH1,0.3871,0.9104,0.7266,0.6845,0.8115,0.0086
jak,JAK2,106,936,S,JH1,0.572,0.8676,0.7271,0.7009,0.8058,0.0086
jak,JAK2,107,937,L,JH1,0.3871,0.9104,0.701,0.6792,0.7607,0.0086
jak,JAK2,108,938,R,JH1,0.4308,0.9003,0.7536,0.7136,0.8408,0.0086
jak,JAK2,109,939,D,JH1,0.7526,0.8259,0.6992,0.6587,0.8159,0.0043
jak,JAK2,110,940,Y,JH1,0.3858,0.9107,0.8131,0.7692,0.8987,0.0043
jak,JAK2,111,941,L,JH1,0.3183,0.9263,0.699,0.6748,0.7325,0.0043
jak,JAK2,112,942,Q,JH1,2.3873,0.4476,0.4452,0.411,0.5336,0.0089
jak,JAK2,113,943,K,JH1,0.5711,0.8679,0.7356,0.7082,0.8137,0.0093
jak,JAK2,114,944,H,JH1,1.7436,0.5966,0.6689,0.6266,0.7825,0.0043
jak,JAK2,115,945,K,JH1,0.8188,0.8106,0.7074,0.6825,0.7556,0.0043
jak,JAK2,116,946,E,JH1,1.5936,0.6313,0.5628,0.5249,0.6441,0.0043
jak,JAK2,117,947,R,JH1,1.315,0.6957,0.6343,0.602,0.7364,0.0043
jak,JAK2,118,948,I,JH1,2.3204,0.4631,0.4398,0.4055,0.5498,0.0043
jak,JAK2,119,949,D,JH1,0.6708,0.8448,0.7156,0.6858,0.7962,0.0043
jak,JAK2,120,950,H,JH1,1.9411,0.5509,0.5593,0.5316,0.659,0.0043
jak,JAK2,121,951,I,JH1,1.395,0.6772,0.5726,0.5279,0.6505,0.0043
jak,JAK2,122,952,K,JH1,1.0664,0.7533,0.674,0.6471,0.7687,0.0043
jak,JAK2,123,953,L,JH1,0.3858,0.9107,0.6855,0.6494,0.7637,0.0043
jak,JAK2,124,954,L,JH1,0.82,0.8103,0.6098,0.5779,0.6739,0.0056
jak,JAK2,125,955,Q,JH1,2.0452,0.5268,0.5625,0.5294,0.6408,0.0056
jak,JAK2,126,956,Y,JH1,0.7486,0.8268,0.8124,0.7972,0.8676,0.0056
jak,JAK2,127,957,T,JH1,1.3857,0.6794,0.615,0.6041,0.6472,0.0056
jak,JAK2,128,958,S,JH1,1.0159,0.7649,0.625,0.5886,0.6927,0.0339
jak,JAK2,129,959,Q,JH1,-0.0,1.0,0.822,0.7501,0.8778,0.065
jak,JAK2,130,960,I,JH1,0.2248,0.948,0.7596,0.7014,0.8279,0.0367
jak,JAK2,131,961,C,JH1,0.7196,0.8335,0.7653,0.7069,0.8876,0.0367
jak,JAK2,132,962,K,JH1,0.4177,0.9034,0.74,0.6963,0.8293,0.0056
jak,JAK2,133,963,G,JH1,0.4302,0.9005,0.7055,0.6566,0.7914,0.0251
jak,JAK2,134,964,M,JH1,0.1545,0.9642,0.8581,0.8156,0.8948,0.0251
jak,JAK2,135,965,E,JH1,0.9534,0.7794,0.6898,0.6581,0.7196,0.0251
jak,JAK2,136,966,Y,JH1,0.4302,0.9005,0.8053,0.7612,0.8758,0.0251
jak,JAK2,137,967,L,JH1,-0.0,1.0,0.7449,0.7109,0.7639,0.0251
jak,JAK2,138,968,G,JH1,1.6443,0.6195,0.5338,0.5027,0.572,0.0251
jak,JAK2,139,969,T,JH1,1.6943,0.608,0.5049,0.4611,0.568,0.0212
jak,JAK2,140,970,K,JH1,0.516,0.8806,0.7317,0.6965,0.7824,0.0212
jak,JAK2,141,971,R,JH1,0.1219,0.9718,0.7972,0.7563,0.829,0.0212
jak,JAK2,142,972,Y,JH1,0.7023,0.8375,0.7928,0.7587,0.8935,0.0054
jak,JAK2,143,973,I,JH1,0.9643,0.7769,0.7142,0.7083,0.7226,0.0059
jak,JAK2,144,974,H,JH1,-0.0,1.0,0.9159,0.9086,0.9207,0.0059
jak,JAK2,145,975,R,JH1,-0.0,1.0,0.8441,0.8373,0.8485,0.0059
jak,JAK2,146,976,D,JH1,-0.0,1.0,0.826,0.7859,0.8467,0.0259
jak,JAK2,147,977,L,JH1,-0.0,1.0,0.7443,0.7082,0.763,0.0259
jak,JAK2,148,978,A,JH1,-0.0,1.0,0.7917,0.7854,0.7959,0.0059
jak,JAK2,149,979,T,JH1,0.5093,0.8822,0.7337,0.6913,0.8307,0.0059
jak,JAK2,150,980,R,JH1,0.1423,0.9671,0.8125,0.783,0.8478,0.0059
jak,JAK2,151,981,N,JH1,0.1418,0.9672,0.8491,0.8355,0.8709,0.0016
jak,JAK2,152,982,I,JH1,0.2893,0.9331,0.7793,0.7603,0.8117,0.0016
jak,JAK2,153,983,L,JH1,-0.0,1.0,0.7629,0.7613,0.7641,0.0016
jak,JAK2,154,984,V,JH1,-0.0,1.0,0.802,0.7655,0.8195,0.0216
jak,JAK2,155,985,E,JH1,0.2511,0.9419,0.7702,0.7328,0.8252,0.0216
jak,JAK2,156,986,N,JH1,1.219,0.7179,0.6751,0.6431,0.7148,0.0216
jak,JAK2,157,987,E,JH1,0.588,0.8639,0.7453,0.7114,0.795,0.0216
jak,JAK2,158,988,N,JH1,2.3049,0.4667,0.4875,0.4619,0.5463,0.0249
jak,JAK2,159,989,R,JH1,0.7442,0.8278,0.7207,0.6832,0.7869,0.0216
jak,JAK2,160,990,V,JH1,0.0458,0.9894,0.7897,0.7496,0.8192,0.0216
jak,JAK2,161,991,K,JH1,-0.0,1.0,0.8166,0.7794,0.8344,0.0216
jak,JAK2,162,992,I,JH1,-0.0,1.0,0.8172,0.78,0.835,0.0216
jak,JAK2,163,993,G,JH1,-0.0,1.0,0.7975,0.7612,0.8149,0.0216
jak,JAK2,164,994,D,JH1,0.0425,0.9902,0.8191,0.7813,0.8473,0.0216
jak,JAK2,165,995,F,JH1,0.0425,0.9902,0.8473,0.8091,0.8751,0.0216
jak,JAK2,166,996,G,JH1,-0.0,1.0,0.7975,0.7612,0.8149,0.0216
jak,JAK2,167,997,L,JH1,-0.0,1.0,0.7476,0.7136,0.7639,0.0216
jak,JAK2,168,998,T,JH1,0.6,0.8612,0.7083,0.655,0.8237,0.0216
jak,JAK2,169,999,K,JH1,0.3226,0.9254,0.7646,0.7228,0.8341,0.0216
jak,JAK2,170,1000,V,JH1,0.6187,0.8569,0.7082,0.6746,0.7805,0.0216
jak,JAK2,171,1001,L,JH1,0.2511,0.9419,0.7019,0.6633,0.7635,0.0216
jak,JAK2,172,1002,P,JH1,-0.0,1.0,0.8432,0.8048,0.8616,0.0216
jak,JAK2,173,1003,Q,JH1,0.6139,0.858,0.7327,0.6782,0.8252,0.0216
jak,JAK2,174,1004,D,JH1,0.5139,0.8811,0.7392,0.697,0.7867,0.0216
jak,JAK2,175,1005,K,JH1,0.493,0.8859,0.7468,0.7103,0.8091,0.0216
jak,JAK2,176,1006,E,JH1,0.3316,0.9233,0.7551,0.7174,0.7807,0.0216
jak,JAK2,177,1007,Y,JH1,-0.0,1.0,0.8797,0.8397,0.8989,0.0216
jak,JAK2,178,1008,Y,JH1,-0.0,1.0,0.8797,0.8397,0.8989,0.0216
jak,JAK2,179,1009,K,JH1,1.4626,0.6616,0.6418,0.6066,0.7069,0.0216
jak,JAK2,180,1010,V,JH1,0.3226,0.9254,0.7535,0.7143,0.8192,0.0216
jak,JAK2,181,1011,K,JH1,1.38,0.6807,0.5975,0.5631,0.6689,0.0216
jak,JAK2,182,1012,E,JH1,0.6252,0.8553,0.7252,0.6872,0.7829,0.0216
jak,JAK2,183,1013,P,JH1,-0.0,1.0,0.8611,0.8598,0.8618,0.0008
jak,JAK2,184,1014,G,JH1,-0.0,1.0,0.8145,0.8132,0.8151,0.0008
jak,JAK2,185,1015,E,JH1,-0.0,1.0,0.8088,0.7716,0.826,0.0208
jak,JAK2,186,1016,S,JH1,-0.0,1.0,0.7974,0.7607,0.8144,0.0208
jak,JAK2,187,1017,P,JH1,0.0554,0.9872,0.8331,0.7947,0.8615,0.0208
jak,JAK2,188,1018,I,JH1,0.0554,0.9872,0.8013,0.7585,0.835,0.0208
jak,JAK2,189,1019,F,JH1,0.3606,0.9166,0.8106,0.7729,0.8698,0.027
jak,JAK2,190,1020,W,JH1,0.0935,0.9784,0.9061,0.8625,0.9529,0.027
jak,JAK2,191,1021,Y,JH1,0.255,0.941,0.8452,0.8197,0.8917,0.0109
jak,JAK2,192,1022,A,JH1,0.4897,0.8867,0.6915,0.6588,0.765,0.0104
jak,JAK2,193,1023,P,JH1,0.7474,0.8271,0.6736,0.6244,0.7703,0.0281
jak,JAK2,194,1024,E,JH1,0.2935,0.9321,0.7392,0.6932,0.8059,0.0281
jak,JAK2,195,1025,S,JH1,0.1421,0.9671,0.776,0.7428,0.8138,0.0042
jak,JAK2,196,1026,L,JH1,0.2548,0.9411,0.7112,0.6798,0.7629,0.0042
jak,JAK2,197,1027,T,JH1,0.9545,0.7792,0.6963,0.6675,0.7958,0.0158
jak,JAK2,198,1028,E,JH1,0.682,0.8422,0.6801,0.6349,0.7542,0.0242
jak,JAK2,199,1029,S,JH1,0.5439,0.8742,0.7338,0.6999,0.7666,0.0242
jak,JAK2,200,1030,K,JH1,0.4767,0.8897,0.7378,0.7014,0.7855,0.0242
jak,JAK2,201,1031,F,JH1,-0.0,1.0,0.8546,0.8158,0.8752,0.0242
jak,JAK2,202,1032,S,JH1,0.4392,0.8984,0.7029,0.654,0.7972,0.0242
jak,JAK2,203,1033,V,JH1,0.8001,0.8149,0.6446,0.5977,0.79,0.0242
jak,JAK2,204,1034,A,JH1,0.2757,0.9362,0.7242,0.6866,0.7532,0.0242
jak,JAK2,205,1035,S,JH1,0.1661,0.9616,0.7559,0.7091,0.8132,0.0242
jak,JAK2,206,1036,D,JH1,0.1661,0.9616,0.7904,0.7438,0.8468,0.0242
jak,JAK2,207,1037,V,JH1,0.7136,0.8349,0.6814,0.6453,0.7366,0.0242
jak,JAK2,208,1038,W,JH1,0.1661,0.9616,0.9002,0.8552,0.9522,0.0242
jak,JAK2,209,1039,S,JH1,0.1661,0.9616,0.7635,0.7229,0.8132,0.0242
jak,JAK2,210,1040,F,JH1,0.164,0.9621,0.8286,0.7893,0.8526,0.0242
jak,JAK2,211,,,,-0.0,1.0,0.02,0.0,0.0652,0.9761
jak,JAK2,212,,,,-0.0,1.0,0.0203,0.0,0.0663,0.9761
jak,JAK2,213,,,,-0.0,1.0,0.0215,0.0,0.0703,0.9761
jak,JAK2,214,,,,-0.0,1.0,0.0209,0.0,0.0685,0.9761
jak,JAK2,215,,,,-0.0,1.0,0.022,0.0,0.0718,0.9761
jak,JAK2,216,,,,-0.0,1.0,0.0202,0.0,0.066,0.9761
jak,JAK2,217,,,,-0.0,1.0,0.02,0.0,0.0653,0.9761
jak,JAK2,218,1041,G,JH1,0.0334,0.9923,0.7857,0.7464,0.8141,0.0242
jak,JAK2,219,1042,V,JH1,0.1661,0.9616,0.758,0.7076,0.8186,0.0242
jak,JAK2,220,1043,V,JH1,0.1668,0.9614,0.7808,0.7447,0.8166,0.0293
jak,JAK2,221,1044,L,JH1,0.2017,0.9533,0.7034,0.6639,0.7567,0.0293
jak,JAK2,222,1045,Y,JH1,0.1668,0.9614,0.8435,0.7987,0.8958,0.0293
jak,JAK2,223,1046,E,JH1,-0.0,1.0,0.8018,0.7623,0.8246,0.0293
jak,JAK2,224,1047,L,JH1,-0.0,1.0,0.7235,0.6731,0.7612,0.0532
jak,JAK2,225,1048,F,JH1,0.1343,0.9689,0.7976,0.7398,0.853,0.0532
jak,JAK2,226,1049,T,JH1,-0.0,1.0,0.799,0.7434,0.8407,0.0532
jak,JAK2,227,1050,Y,JH1,1.239,0.7133,0.7155,0.6649,0.7807,0.0532
jak,JAK2,228,1051,I,JH1,1.4515,0.6642,0.6024,0.5571,0.6603,0.0532
jak,JAK2,229,1052,E,JH1,1.1211,0.7406,0.6544,0.6078,0.708,0.0532
jak,JAK2,230,1053,K,JH1,0.125,0.9711,0.7643,0.7079,0.8127,0.0532
jak,JAK2,231,1054,S,JH1,2.0791,0.519,0.4308,0.3917,0.5314,0.0532
jak,JAK2,232,1055,K,JH1,1.8442,0.5733,0.5895,0.5492,0.6681,0.0532
jak,JAK2,233,1056,S,JH1,0.3304,0.9236,0.7126,0.6563,0.8057,0.0532
jak,JAK2,234,1057,P,JH1,-0.0,1.0,0.816,0.7592,0.8586,0.0532
jak,JAK2,235,1058,P,JH1,-0.0,1.0,0.816,0.7592,0.8586,0.0532
jak,JAK2,236,1059,A,JH1,1.5874,0.6327,0.5016,0.4619,0.5706,0.0622
jak,JAK2,237,1060,E,JH1,1.1452,0.735,0.6434,0.5972,0.6803,0.0619
jak,JAK2,238,1061,F,JH1,0.3455,0.9201,0.7782,0.7328,0.8348,0.038
jak,JAK2,239,1062,M,JH1,0.4431,0.8975,0.783,0.7332,0.8555,0.0425
jak,JAK2,240,1063,R,JH1,2.0939,0.5155,0.4449,0.4092,0.5107,0.0425
jak,JAK2,241,1064,M,JH1,1.315,0.6957,0.6495,0.6072,0.7267,0.0408
jak,JAK2,242,1065,I,JH1,1.24,0.7131,0.7053,0.664,0.764,0.0408
jak,JAK2,243,1066,G,JH1,-0.0,1.0,0.7565,0.6936,0.8053,0.0719
jak,JAK2,244,1067,N,JH1,1.7612,0.5925,0.4927,0.4482,0.5749,0.0719
jak,JAK2,245,1068,D,JH1,1.1145,0.7421,0.6005,0.5461,0.7281,0.0719
jak,JAK2,246,1069,K,JH1,0.4327,0.8999,0.7042,0.6475,0.7956,0.0719
jak,JAK2,247,1070,Q,JH1,0.2563,0.9407,0.765,0.6984,0.8224,0.0719
jak,JAK2,248,1071,G,JH1,0.261,0.9396,0.7263,0.6742,0.7684,0.0519
jak,JAK2,249,1072,Q,JH1,0.1477,0.9658,0.8009,0.7369,0.8685,0.0519
jak,JAK2,250,1073,M,JH1,1.1301,0.7385,0.6852,0.6531,0.7412,0.0331
jak,JAK2,251,1074,I,JH1,0.7037,0.8372,0.6921,0.6541,0.7971,0.0148
jak,JAK2,252,1075,V,JH1,0.079,0.9817,0.7849,0.7602,0.8122,0.0148
jak,JAK2,253,1076,F,JH1,1.5577,0.6396,0.6713,0.6366,0.7819,0.0122
jak,JAK2,254,1077,H,JH1,0.7915,0.8169,0.736,0.6893,0.8763,0.0122
jak,JAK2,255,1078,L,JH1,0.2665,0.9383,0.7096,0.6877,0.7525,0.0122
jak,JAK2,256,1079,I,JH1,0.7547,0.8254,0.6695,0.6367,0.7449,0.0122
jak,JAK2,257,1080,E,JH1,1.3549,0.6865,0.6109,0.5773,0.6817,0.0122
jak,JAK2,258,1081,L,JH1,0.4631,0.8929,0.6515,0.6142,0.7163,0.0122
jak,JAK2,259,1082,L,JH1,0.196,0.9547,0.7079,0.6732,0.7586,0.0122
jak,JAK2,260,1083,K,JH1,0.5572,0.8711,0.6824,0.6285,0.7583,0.0433
jak,JAK2,261,1084,N,JH1,2.3385,0.4589,0.4505,0.4068,0.533,0.0433
jak,JAK2,262,1085,N,JH1,1.4296,0.6692,0.6041,0.5532,0.6748,0.066
jak,JAK2,263,1086,G,JH1,2.5472,0.4106,0.3847,0.3561,0.4823,0.0719
jak,JAK2,264,1087,R,JH1,0.0574,0.9867,0.7718,0.7055,0.8262,0.0719
jak,JAK2,265,1088,L,JH1,-0.0,1.0,0.7092,0.6502,0.7549,0.0719
jak,JAK2,266,1089,P,JH1,0.3639,0.9158,0.7149,0.6514,0.7908,0.0719
jak,JAK2,267,1090,R,JH1,2.1661,0.4988,0.4467,0.3998,0.5183,0.0719
jak,JAK2,268,1091,P,JH1,-0.0,1.0,0.7999,0.7334,0.8515,0.0719
jak,JAK2,269,1092,D,JH1,2.387,0.4477,0.3566,0.3258,0.4419,0.0719
jak,JAK2,270,1093,G,JH1,1.4136,0.6729,0.5421,0.498,0.6175,0.0719
jak,JAK2,271,1094,C,JH1,0.0845,0.9804,0.8529,0.783,0.9124,0.0719
jak,JAK2,272,1095,P,JH1,0.2376,0.945,0.739,0.6753,0.8037,0.0719
jak,JAK2,273,1096,D,JH1,2.6338,0.3906,0.321,0.2935,0.4012,0.0719
jak,JAK2,274,1097,E,JH1,0.6457,0.8506,0.6257,0.5671,0.7013,0.0719
jak,JAK2,275,1098,I,JH1,1.2883,0.7019,0.6422,0.6072,0.6837,0.0385
jak,JAK2,276,1099,Y,JH1,1.6275,0.6234,0.5866,0.5131,0.699,0.0974
jak,JAK2,277,1100,M,JH1,3.1993,0.2598,0.2119,0.1864,0.2714,0.0398
jak,JAK2,278,1101,I,JH1,1.3558,0.6863,0.5863,0.5482,0.6637,0.0353
jak,JAK2,279,1102,M,JH1,0.6858,0.8413,0.7403,0.6925,0.8478,0.0353
jak,JAK2,280,1103,T,JH1,2.8932,0.3306,0.3288,0.2973,0.394,0.0307
jak,JAK2,281,,,,-0.0,1.0,0.0,0.0,0.0,1.0
jak,JAK2,282,,,,-0.0,1.0,0.0,0.0,0.0,1.0
jak,JAK2,283,1104,E,JH1,1.2647,0.7074,0.599,0.5682,0.6777,0.0321
jak,JAK2,284,1105,C,JH1,0.1305,0.9698,0.874,0.828,0.9147,0.0376
jak,JAK2,285,1106,W,JH1,0.539,0.8753,0.8244,0.78,0.9148,0.0376
jak,JAK2,286,,,,-0.0,1.0,0.0,0.0,0.0,1.0
jak,JAK2,287,,,,-0.0,1.0,0.0,0.0,0.0,1.0
jak,JAK2,288,,,,-0.0,1.0,0.0,0.0,0.0,1.0
jak,JAK2,289,,,,-0.0,1.0,0.0,0.0,0.0,1.0
jak,JAK2,290,1107,N,JH1,2.1681,0.4983,0.4561,0.4146,0.5878,0.0376
jak,JAK2,291,1108,N,JH1,1.9417,0.5507,0.4606,0.4233,0.5733,0.0376
jak,JAK2,292,1109,N,JH1,2.0693,0.5212,0.5085,0.4755,0.5842,0.0376
jak,JAK2,293,1110,V,JH1,2.0423,0.5275,0.4604,0.4248,0.5361,0.0321
jak,JAK2,294,1111,N,JH1,3.2434,0.2496,0.2316,0.2084,0.3053,0.0374
jak,JAK2,295,1112,Q,JH1,2.0291,0.5305,0.4549,0.4176,0.5398,0.0446
jak,JAK2,296,1113,R,JH1,0.5241,0.8787,0.705,0.6592,0.8087,0.0446
jak,JAK2,297,1114,P,JH1,0.1658,0.9616,0.7883,0.7447,0.8376,0.0446
jak,JAK2,298,1115,S,JH1,1.9382,0.5516,0.4617,0.4221,0.5523,0.0446
jak,JAK2,299,1116,F,JH1,0.5268,0.8781,0.75,0.7064,0.8362,0.0446
jak,JAK2,300,1117,R,JH1,1.8011,0.5833,0.5161,0.4762,0.6246,0.0446
jak,JAK2,301,1118,D,JH1,2.0991,0.5143,0.4464,0.4056,0.5028,0.0446
jak,JAK2,302,1119,L,JH1,0.2673,0.9382,0.6698,0.6307,0.7276,0.0446
jak,JAK2,303,1120,A,JH1,1.7129,0.6037,0.4331,0.3878,0.5303,0.0446
jak,JAK2,304,1121,L,JH1,2.364,0.453,0.4098,0.3777,0.5097,0.0446
jak,JAK2,305,1122,R,JH1,1.7623,0.5922,0.501,0.4626,0.576,0.0401
jak,JAK2,306,1123,V,JH1,0.9165,0.788,0.6251,0.5893,0.6826,0.0444
jak,JAK2,307,1124,D,JH1,0.9946,0.7699,0.6708,0.6372,0.7346,0.0444
jak,JAK2,308,1125,Q,JH1,3.0564,0.2928,0.3007,0.2773,0.3574,0.0444
jak,JAK2,309,1126,I,JH1,2.0167,0.5334,0.4795,0.4427,0.5384,0.0468
jak,JAK2,310,1127,R,JH1,0.7907,0.8171,0.6739,0.639,0.7555,0.0484
jak,JAK2,311,1128,D,JH1,1.5238,0.6474,0.5768,0.5393,0.6428,0.062
jak,JAK2,312,1129,N,JH1,2.2279,0.4845,0.4251,0.3934,0.5283,0.046
jak,JAK2,313,1130,M,,2.5769,0.4038,0.3484,0.3023,0.4308,0.1181
jak,JAK2,314,1131,A,,2.2419,0.4813,0.3718,0.3199,0.4454,0.1276
jak,JAK2,315,1132,G,,1.7684,0.5908,0.3912,0.3279,0.4761,0.175
jak,JAK2,316,,,,-0.0,1.0,0.0,0.0,0.0,1.0
jak,JAK2,317,,,,-0.0,1.0,0.0,0.0,0.0,1.0
jak,JAK2,318,,,,-0.0,1.0,0.0,0.0,0.0,1.0
jak,TYK2,0,,,,-0.0,1.0,0.0,0.0,0.0,1.0
jak,TYK2,1,,,,-0.0,1.0,0.0,0.0,0.0,1.0
jak,TYK2,2,,,,-0.0,1.0,0.0,0.0,0.0,1.0
jak,TYK2,3,,,,-0.0,1.0,0.0,0.0,0.0,1.0
jak,TYK2,4,886,A,,2.6084,0.3965,0.344,0.3102,0.4154,0.0416
jak,TYK2,5,887,S,,2.2998,0.4679,0.3895,0.3513,0.4528,0.0349
jak,TYK2,6,888,D,,0.5135,0.8812,0.7138,0.6604,0.7995,0.0349
jak,TYK2,7,889,P,,0.6187,0.8568,0.7026,0.6486,0.789,0.0306
jak,TYK2,8,890,T,,1.4647,0.6611,0.5901,0.5425,0.6563,0.0306
jak,TYK2,9,891,V,,0.9678,0.7761,0.6456,0.5935,0.6999,0.0306
jak,TYK2,10,892,F,,0.2693,0.9377,0.8139,0.7543,0.8535,0.0306
jak,TYK2,11,893,H,,1.7021,0.6062,0.646,0.5951,0.6901,0.0306
jak,TYK2,12,894,K,,0.0662,0.9847,0.7946,0.7362,0.8346,0.0306
jak,TYK2,13,895,R,,-0.0,1.0,0.8231,0.7662,0.8491,0.0306
jak,TYK2,14,896,Y,,0.5432,0.8743,0.8106,0.7541,0.8642,0.0306
jak,TYK2,15,897,L,JH1,0.1023,0.9763,0.7246,0.6738,0.7641,0.0306
jak,TYK2,16,898,K,JH1,0.4244,0.9018,0.7561,0.7269,0.8036,0.0
jak,TYK2,17,899,K,JH1,0.9242,0.7862,0.6805,0.6526,0.7308,0.0
jak,TYK2,18,900,I,JH1,1.2936,0.7007,0.6441,0.5997,0.7276,0.0
jak,TYK2,19,901,R,JH1,0.5713,0.8678,0.727,0.6846,0.8237,0.0
jak,TYK2,20,902,D,JH1,1.6848,0.6102,0.546,0.5082,0.643,0.0
jak,TYK2,21,903,L,JH1,0.1973,0.9543,0.7225,0.6908,0.7641,0.0
jak,TYK2,22,904,G,JH1,-0.0,1.0,0.8151,0.8151,0.8151,0.0
jak,TYK2,23,905,E,JH1,0.6051,0.86,0.7118,0.6763,0.7888,0.0
jak,TYK2,24,,,,-0.0,1.0,0.026,0.0,0.0828,0.9694
jak,TYK2,25,,,,-0.0,1.0,0.0251,0.0,0.08,0.9694
jak,TYK2,26,,,,-0.0,1.0,0.0255,0.0,0.0814,0.9694
jak,TYK2,27,,,,-0.0,1.0,0.0258,0.0,0.0823,0.9694
jak,TYK2,28,906,G,JH1,-0.0,1.0,0.8144,0.8126,0.8151,0.0009
jak,TYK2,29,907,H,JH1,0.6558,0.8483,0.8019,0.76,0.8778,0.0009
jak,TYK2,30,908,F,JH1,0.1975,0.9543,0.8322,0.798,0.8758,0.0009
jak,TYK2,31,909,G,JH1,0.1975,0.9543,0.7784,0.7536,0.8151,0.0009
jak,TYK2,32,910,K,JH1,0.7114,0.8354,0.7018,0.6628,0.7857,0.0009
jak,TYK2,33,911,V,JH1,0.1975,0.9543,0.7776,0.7458,0.8197,0.0009
jak,TYK2,34,912,S,JH1,2.0823,0.5182,0.5285,0.5023,0.5923,0.0009
jak,TYK2,35,913,L,JH1,-0.0,1.0,0.7634,0.7618,0.7641,0.0009
jak,TYK2,36,914,Y,JH1,0.6504,0.8495,0.8209,0.7974,0.8613,0.0009
jak,TYK2,37,915,C,JH1,2.1267,0.5079,0.549,0.511,0.6173,0.0009
jak,TYK2,38,916,Y,JH1,0.2271,0.9474,0.8521,0.8208,0.8992,0.0009
jak,TYK2,39,917,D,JH1,0.3394,0.9215,0.769,0.7268,0.8472,0.0009
jak,TYK2,40,918,P,JH1,0.1975,0.9543,0.8177,0.783,0.8618,0.0009
jak,TYK2,41,919,T,JH1,2.0943,0.5154,0.4761,0.4472,0.5348,0.0009
jak,TYK2,42,920,N,JH1,0.3131,0.9276,0.7983,0.7569,0.8577,0.0009
jak,TYK2,43,921,D,JH1,0.2952,0.9317,0.806,0.793,0.831,0.0009
jak,TYK2,44,922,G,JH1,0.3028,0.9299,0.7458,0.7191,0.7921,0.0009
jak,TYK2,45,923,T,JH1,0.3282,0.9241,0.7656,0.7253,0.8311,0.0009
jak,TYK2,46,924,G,JH1,0.0592,0.9863,0.7975,0.7775,0.8151,0.0009
jak,TYK2,47,925,E,JH1,0.3285,0.924,0.7607,0.7335,0.8061,0.0009
jak,TYK2,48,926,M,JH1,2.4101,0.4424,0.5023,0.4592,0.5913,0.0009
jak,TYK2,49,927,V,JH1,0.2492,0.9423,0.7726,0.746,0.8197,0.0009
jak,TYK2,50,928,A,JH1,0.1975,0.9543,0.7468,0.7043,0.7964,0.0009
jak,TYK2,51,929,V,JH1,0.371,0.9141,0.7274,0.6837,0.797,0.0009
jak,TYK2,52,930,K,JH1,0.1975,0.9543,0.7977,0.7724,0.8346,0.0009
jak,TYK2,53,931,A,JH1,1.6014,0.6295,0.5552,0.5318,0.6074,0.0009
jak,TYK2,54,932,L,JH1,0.1901,0.956,0.7259,0.711,0.7442,0.0009
jak,TYK2,55,933,K,JH1,0.2327,0.9462,0.781,0.7441,0.8338,0.0009
jak,TYK2,56,934,A,JH1,2.0802,0.5187,0.5126,0.4833,0.5673,0.0009
jak,TYK2,57,935,D,JH1,1.7888,0.5861,0.5612,0.5244,0.6299,0.0009
jak,TYK2,58,936,C,JH1,2.2195,0.4865,0.5395,0.4954,0.6133,0.0315
jak,TYK2,59,937,G,JH1,1.2555,0.7095,0.6042,0.5604,0.6549,0.0378
jak,TYK2,60,938,P,JH1,2.2718,0.4743,0.3341,0.2864,0.4014,0.3067
jak,TYK2,61,939,Q,JH1,2.0226,0.532,0.5014,0.4571,0.6009,0.0555
jak,TYK2,62,940,H,JH1,1.9399,0.5511,0.3892,0.35,0.4788,0.0315
jak,TYK2,63,941,R,JH1,2.7553,0.3625,0.3525,0.3176,0.4291,0.0462
jak,TYK2,64,942,S,JH1,2.7081,0.3734,0.3419,0.3098,0.4108,0.0315
jak,TYK2,65,944,W,JH1,0.0795,0.9816,0.9062,0.8405,0.9536,0.0315
jak,TYK2,66,945,K,JH1,2.3873,0.4476,0.4758,0.435,0.5409,0.0315
jak,TYK2,67,946,Q,JH1,1.3293,0.6924,0.6311,0.5815,0.6797,0.0315
jak,TYK2,68,947,E,JH1,0.0498,0.9885,0.7863,0.7268,0.826,0.0315
jak,TYK2,69,948,I,JH1,0.0498,0.9885,0.794,0.7324,0.8353,0.0315
jak,TYK2,70,949,D,JH1,2.1539,0.5016,0.4418,0.3998,0.5203,0.0369
jak,TYK2,71,950,I,JH1,0.3353,0.9224,0.7358,0.6754,0.805,0.0369
jak,TYK2,72,951,L,JH1,-0.0,1.0,0.7359,0.6828,0.7641,0.0369
jak,TYK2,73,952,R,JH1,0.8591,0.8012,0.7078,0.6586,0.7446,0.0369
jak,TYK2,74,953,T,JH1,1.5583,0.6394,0.566,0.5207,0.6343,0.0369
jak,TYK2,75,954,L,JH1,0.1313,0.9696,0.7118,0.6562,0.7634,0.0369
jak,TYK2,76,955,Y,JH1,0.8793,0.7965,0.7162,0.6621,0.7842,0.0369
jak,TYK2,77,956,H,JH1,0.0687,0.9841,0.8718,0.8101,0.9205,0.0369
jak,TYK2,78,957,E,JH1,2.8715,0.3356,0.2732,0.2393,0.35,0.0369
jak,TYK2,79,958,H,JH1,0.7746,0.8208,0.7935,0.7361,0.8243,0.0369
jak,TYK2,80,959,I,JH1,0.0515,0.9881,0.7906,0.7322,0.8346,0.0369
jak,TYK2,81,960,I,JH1,0.0988,0.9771,0.7667,0.7117,0.8044,0.0369
jak,TYK2,82,961,K,JH1,0.4143,0.9041,0.7249,0.6666,0.7834,0.0369
jak,TYK2,83,962,Y,JH1,0.0786,0.9818,0.8559,0.7947,0.8983,0.0369
jak,TYK2,84,963,K,JH1,0.116,0.9732,0.7742,0.7133,0.8243,0.0369
jak,TYK2,85,964,G,JH1,-0.0,1.0,0.7851,0.7283,0.8151,0.0369
jak,TYK2,86,965,C,JH1,0.3131,0.9275,0.8278,0.759,0.8969,0.0369
jak,TYK2,87,966,C,JH1,0.2129,0.9507,0.8617,0.7978,0.9111,0.0369
jak,TYK2,88,967,E,JH1,1.8538,0.5711,0.5264,0.4847,0.5795,0.0369
jak,TYK2,89,968,D,JH1,0.8936,0.7932,0.6911,0.6378,0.7362,0.0369
jak,TYK2,90,969,Q,JH1,1.8604,0.5695,0.5202,0.4681,0.5937,0.0315
jak,TYK2,91,970,G,JH1,0.2201,0.9491,0.7579,0.729,0.7975,0.0
jak,TYK2,92,971,E,JH1,1.6004,0.6297,0.566,0.5272,0.608,0.038
jak,TYK2,93,972,K,JH1,1.609,0.6277,0.5772,0.5282,0.6681,0.0293
jak,TYK2,94,973,S,JH1,2.2303,0.484,0.422,0.3822,0.4938,0.0293
jak,TYK2,95,974,L,JH1,0.6463,0.8505,0.6518,0.6063,0.7228,0.0293
jak,TYK2,96,975,Q,JH1,0.1971,0.9544,0.7885,0.7233,0.8618,0.0468
jak,TYK2,97,976,L,JH1,-0.0,1.0,0.7418,0.6971,0.7641,0.0293
jak,TYK2,98,977,V,JH1,0.8663,0.7995,0.7042,0.6591,0.7303,0.0293
jak,TYK2,99,978,M,JH1,-0.0,1.0,0.9175,0.9155,0.9183,0.0009
jak,TYK2,100,979,E,JH1,0.1862,0.9569,0.7847,0.7532,0.826,0.0009
jak,TYK2,101,980,Y,JH1,0.6361,0.8528,0.799,0.7627,0.8509,0.0009
jak,TYK2,102,981,V,JH1,1.3576,0.6859,0.6013,0.5785,0.6429,0.0009
jak,TYK2,103,982,P,JH1,-0.0,1.0,0.8611,0.8592,0.8618,0.0009
jak,TYK2,104,983,L,JH1,0.7163,0.8343,0.6561,0.6343,0.7146,0.0009
jak,TYK2,105,984,G,JH1,-0.0,1.0,0.8144,0.8126,0.8151,0.0009
jak,TYK2,106,985,S,JH1,0.0509,0.9882,0.7821,0.736,0.8144,0.0293
jak,TYK2,107,986,L,JH1,-0.0,1.0,0.7418,0.6971,0.7641,0.0293
jak,TYK2,108,987,R,JH1,0.9319,0.7844,0.6478,0.5953,0.7418,0.0293
jak,TYK2,109,988,D,JH1,1.2027,0.7217,0.6597,0.6165,0.7019,0.0293
jak,TYK2,110,989,Y,JH1,0.5585,0.8708,0.7989,0.7481,0.8387,0.0293
jak,TYK2,111,990,L,JH1,0.3304,0.9236,0.6705,0.6193,0.7281,0.0293
jak,TYK2,112,991,P,JH1,0.9456,0.7812,0.6242,0.5738,0.7125,0.0293
jak,TYK2,113,992,R,JH1,1.303,0.6985,0.64,0.6081,0.6896,0.0009
jak,TYK2,114,993,H,JH1,1.4958,0.6539,0.6716,0.634,0.7512,0.0009
jak,TYK2,115,994,S,JH1,2.6683,0.3826,0.4327,0.4092,0.5057,0.0009
jak,TYK2,116,,,JH1,-0.0,1.0,0.0249,0.0,0.0755,0.9716
jak,TYK2,117,,,JH1,-0.0,1.0,0.0249,0.0,0.0755,0.9716
jak,TYK2,118,995,I,JH1,1.542,0.6432,0.5129,0.4757,0.5855,0.0163
jak,TYK2,119,996,G,JH1,1.2164,0.7185,0.6205,0.5934,0.668,0.0009
jak,TYK2,120,997,L,JH1,1.9596,0.5466,0.4545,0.4181,0.5357,0.0009
jak,TYK2,121,998,A,JH1,1.8939,0.5618,0.4769,0.441,0.5441,0.0009
jak,TYK2,122,999,Q,JH1,1.3449,0.6888,0.7095,0.67,0.781,0.0009
jak,TYK2,123,1000,L,JH1,2.2948,0.469,0.4831,0.4572,0.5301,0.0009
jak,TYK2,124,1001,L,JH1,0.2839,0.9343,0.7143,0.689,0.7635,0.0009
jak,TYK2,125,1002,L,JH1,1.1741,0.7283,0.6406,0.6108,0.7057,0.0009
jak,TYK2,126,1003,F,JH1,0.2288,0.9471,0.8485,0.8383,0.8751,0.0009
jak,TYK2,127,1004,A,JH1,0.49,0.8866,0.7042,0.6798,0.7522,0.0009
jak,TYK2,128,1005,Q,JH1,0.925,0.786,0.6716,0.6327,0.7423,0.0009
jak,TYK2,129,1006,Q,JH1,0.0722,0.9833,0.8594,0.838,0.8791,0.0009
jak,TYK2,130,1007,I,JH1,0.3048,0.9295,0.7827,0.7615,0.8217,0.0009
jak,TYK2,131,1008,C,JH1,-0.0,1.0,0.9139,0.8589,0.9414,0.0293
jak,TYK2,132,1009,E,JH1,1.2809,0.7036,0.6572,0.6117,0.7028,0.0293
jak,TYK2,133,1010,G,JH1,-0.0,1.0,0.7358,0.6615,0.8008,0.0973
jak,TYK2,134,1011,M,JH1,0.2844,0.9342,0.7661,0.6867,0.8629,0.0964
jak,TYK2,135,1012,A,JH1,2.0093,0.5351,0.4352,0.3864,0.5195,0.1019
jak,TYK2,136,1013,Y,JH1,0.1047,0.9758,0.7738,0.6923,0.8581,0.118
jak,TYK2,137,1014,L,JH1,0.1047,0.9758,0.651,0.581,0.7281,0.118
jak,TYK2,138,1015,H,JH1,0.1713,0.9604,0.7853,0.7021,0.8671,0.118
jak,TYK2,139,1016,A,JH1,1.685,0.6101,0.4269,0.3785,0.5145,0.1301
jak,TYK2,140,1017,Q,JH1,1.6318,0.6224,0.5291,0.471,0.5945,0.1301
jak,TYK2,141,1018,H,JH1,0.9785,0.7736,0.6996,0.6228,0.7708,0.1301
jak,TYK2,142,1019,Y,JH1,0.183,0.9577,0.7569,0.6764,0.8382,0.1264
jak,TYK2,143,1020,I,JH1,0.8677,0.7992,0.6666,0.6067,0.7149,0.0809
jak,TYK2,144,1021,H,JH1,0.3255,0.9247,0.7814,0.71,0.8803,0.0809
jak,TYK2,145,1022,R,JH1,0.3629,0.916,0.7397,0.6824,0.826,0.0621
jak,TYK2,146,1023,D,JH1,0.241,0.9442,0.7386,0.6723,0.8213,0.0621
jak,TYK2,147,1024,L,JH1,0.0993,0.977,0.6924,0.6335,0.7542,0.0621
jak,TYK2,148,1025,A,JH1,0.4085,0.9055,0.6775,0.6226,0.7596,0.0621
jak,TYK2,149,1026,A,JH1,0.4773,0.8896,0.6645,0.6109,0.7589,0.0499
jak,TYK2,150,1027,R,JH1,0.4569,0.8943,0.7152,0.6541,0.823,0.0499
jak,TYK2,151,1028,N,JH1,0.3629,0.916,0.7532,0.6971,0.8432,0.062
jak,TYK2,152,1029,V,JH1,0.6174,0.8571,0.6754,0.6187,0.7564,0.062
jak,TYK2,153,1030,L,JH1,0.467,0.892,0.6255,0.5735,0.7167,0.062
jak,TYK2,154,1031,L,JH1,1.0856,0.7488,0.5992,0.5509,0.6525,0.062
jak,TYK2,155,1032,D,JH1,1.4479,0.665,0.5721,0.5248,0.6776,0.062
jak,TYK2,156,1033,N,JH1,0.9605,0.7778,0.6616,0.6081,0.7601,0.0566
jak,TYK2,157,1034,D,JH1,1.7578,0.5933,0.5401,0.4985,0.6175,0.0566
jak,TYK2,158,1035,R,JH1,2.6903,0.3775,0.3899,0.3561,0.463,0.0566
jak,TYK2,159,1036,L,JH1,1.4988,0.6532,0.5342,0.4913,0.5842,0.0566
jak,TYK2,160,1037,V,JH1,0.3588,0.917,0.6977,0.6415,0.7879,0.0566
jak,TYK2,161,1038,K,JH1,0.1986,0.9541,0.7367,0.6757,0.8163,0.0805
jak,TYK2,162,1039,I,JH1,0.2483,0.9426,0.7226,0.6597,0.8016,0.0805
jak,TYK2,163,1040,G,JH1,0.1565,0.9638,0.7147,0.6512,0.7871,0.0805
jak,TYK2,164,1041,D,JH1,0.3208,0.9258,0.7262,0.6637,0.8261,0.0644
jak,TYK2,165,1042,F,JH1,0.1257,0.9709,0.7931,0.7296,0.8648,0.0644
jak,TYK2,166,1043,G,JH1,0.1959,0.9547,0.7292,0.6668,0.8047,0.0644
jak,TYK2,167,1044,L,JH1,0.1203,0.9722,0.7249,0.6944,0.7641,0.0121
jak,TYK2,168,1045,A,JH1,1.6453,0.6193,0.5602,0.5265,0.6312,0.0121
jak,TYK2,169,1046,K,JH1,0.6937,0.8395,0.6878,0.6418,0.804,0.0
jak,TYK2,170,1047,A,JH1,1.5185,0.6486,0.6152,0.565,0.6938,0.0523
jak,TYK2,171,1048,V,JH1,1.437,0.6675,0.5706,0.5209,0.649,0.0523
jak,TYK2,172,1049,P,JH1,0.1861,0.9569,0.8204,0.788,0.8618,0.0
jak,TYK2,173,1050,E,JH1,0.9998,0.7687,0.6337,0.5978,0.7333,0.0121
jak,TYK2,174,1051,G,JH1,0.6713,0.8447,0.68,0.6439,0.7562,0.0121
jak,TYK2,175,1052,H,JH1,2.484,0.4252,0.4557,0.421,0.5592,0.0121
jak,TYK2,176,1053,E,JH1,2.5557,0.4087,0.3645,0.331,0.4826,0.0121
jak,TYK2,177,1054,Y,JH1,0.3208,0.9258,0.782,0.7209,0.876,0.0644
jak,TYK2,178,1055,Y,JH1,0.2759,0.9362,0.8223,0.7569,0.8821,0.0644
jak,TYK2,179,1056,R,JH1,1.11,0.7432,0.6543,0.6072,0.77,0.0309
jak,TYK2,180,1057,V,JH1,0.5624,0.8699,0.6841,0.6344,0.7684,0.0309
jak,TYK2,181,1058,R,JH1,1.3086,0.6972,0.6097,0.56,0.6968,0.0593
jak,TYK2,182,1059,E,JH1,0.6644,0.8463,0.6612,0.6075,0.7495,0.0593
jak,TYK2,183,1060,D,JH1,0.8213,0.81,0.6705,0.6224,0.7387,0.0593
jak,TYK2,184,1061,G,JH1,0.0764,0.9823,0.7478,0.6843,0.8045,0.0593
jak,TYK2,185,1062,D,JH1,0.8016,0.8145,0.6242,0.5695,0.743,0.0593
jak,TYK2,186,1063,S,JH1,0.7416,0.8284,0.6477,0.6038,0.772,0.0189
jak,TYK2,187,1064,P,JH1,0.0957,0.9779,0.8215,0.7758,0.8618,0.0189
jak,TYK2,188,1065,V,JH1,0.5153,0.8808,0.682,0.6332,0.7839,0.0379
jak,TYK2,189,1066,F,JH1,0.5849,0.8647,0.7697,0.7228,0.8234,0.0379
jak,TYK2,190,1067,W,JH1,0.2178,0.9496,0.8707,0.8163,0.9504,0.0389
jak,TYK2,191,1068,Y,JH1,0.6656,0.846,0.6969,0.631,0.8136,0.0785
jak,TYK2,192,1069,A,JH1,0.3738,0.9135,0.6488,0.5862,0.7542,0.0785
jak,TYK2,193,1070,P,JH1,2.358,0.4544,0.4243,0.3875,0.5234,0.0596
jak,TYK2,194,1071,E,JH1,0.583,0.8651,0.6614,0.611,0.7694,0.0596
jak,TYK2,195,1072,C,JH1,0.3665,0.9152,0.8119,0.7498,0.9071,0.0739
jak,TYK2,196,1073,L,JH1,0.2924,0.9324,0.656,0.6039,0.7367,0.0739
jak,TYK2,197,1074,K,JH1,0.7656,0.8229,0.6479,0.5919,0.7505,0.0619
jak,TYK2,198,1075,E,JH1,0.7982,0.8153,0.6246,0.5716,0.7205,0.0619
jak,TYK2,199,1076,Y,JH1,2.0422,0.5275,0.5408,0.5014,0.6017,0.0522
jak,TYK2,200,1077,K,JH1,0.308,0.9287,0.7422,0.6877,0.8177,0.0522
jak,TYK2,201,1078,F,JH1,0.5273,0.878,0.7231,0.6656,0.836,0.0522
jak,TYK2,202,1079,Y,JH1,1.5171,0.649,0.585,0.5305,0.6873,0.0619
jak,TYK2,203,1080,Y,JH1,1.3888,0.6787,0.6813,0.6212,0.7739,0.0619
jak,TYK2,204,1081,A,JH1,1.609,0.6277,0.4991,0.4561,0.5974,0.0522
jak,TYK2,205,1082,S,JH1,0.5564,0.8713,0.6686,0.6179,0.7579,0.0522
jak,TYK2,206,1083,D,JH1,0.2381,0.9449,0.7542,0.6992,0.8286,0.0522
jak,TYK2,207,1084,V,JH1,1.0551,0.7559,0.6065,0.5503,0.6909,0.0856
jak,TYK2,208,1085,W,JH1,-0.0,1.0,0.9038,0.8394,0.9511,0.0522
jak,TYK2,209,1086,S,JH1,0.4913,0.8863,0.6467,0.5856,0.7526,0.071
jak,TYK2,210,1087,F,JH1,0.3695,0.9145,0.7353,0.6684,0.8347,0.071
jak,TYK2,211,,,,-0.0,1.0,0.0,0.0,0.0,1.0
jak,TYK2,212,,,,-0.0,1.0,0.0,0.0,0.0,1.0
jak,TYK2,213,,,,-0.0,1.0,0.0,0.0,0.0,1.0
jak,TYK2,214,,,,-0.0,1.0,0.0,0.0,0.0,1.0
jak,TYK2,215,,,,-0.0,1.0,0.0,0.0,0.0,1.0
jak,TYK2,216,,,,-0.0,1.0,0.0,0.0,0.0,1.0
jak,TYK2,217,,,,-0.0,1.0,0.0,0.0,0.0,1.0
jak,TYK2,218,1088,G,JH1,0.2804,0.9351,0.6774,0.6054,0.7439,0.1045
jak,TYK2,219,1089,V,JH1,0.103,0.9762,0.7044,0.629,0.7827,0.1142
jak,TYK2,220,1090,T,JH1,0.3447,0.9202,0.6675,0.5953,0.7475,0.1142
jak,TYK2,221,1091,L,JH1,0.602,0.8607,0.6166,0.5478,0.6842,0.1262
jak,TYK2,222,1092,Y,JH1,0.1436,0.9668,0.7593,0.6793,0.8451,0.1262
jak,TYK2,223,1093,E,JH1,-0.0,1.0,0.7397,0.6628,0.8094,0.1045
jak,TYK2,224,1094,L,JH1,1.228,0.7159,0.5556,0.4973,0.613,0.1045
jak,TYK2,225,1095,L,JH1,0.3279,0.9241,0.6236,0.559,0.6921,0.1164
jak,TYK2,226,1096,T,JH1,0.0877,0.9797,0.7234,0.6444,0.8112,0.1164
jak,TYK2,227,1097,H,JH1,2.0714,0.5207,0.5347,0.4803,0.6235,0.1164
jak,TYK2,228,1098,C,JH1,0.137,0.9683,0.8338,0.7632,0.8966,0.0819
jak,TYK2,229,1099,D,JH1,1.3267,0.693,0.5498,0.5013,0.6296,0.0808
jak,TYK2,230,1100,S,JH1,2.5241,0.416,0.4078,0.3693,0.4924,0.0808
jak,TYK2,231,1101,S,JH1,2.5686,0.4057,0.342,0.3066,0.4399,0.0525
jak,TYK2,232,1102,Q,JH1,1.4663,0.6607,0.5523,0.5061,0.6438,0.0514
jak,TYK2,233,1103,S,JH1,0.6422,0.8514,0.6336,0.5892,0.7246,0.069
jak,TYK2,234,1104,P,JH1,0.4224,0.9023,0.7147,0.6593,0.8259,0.0811
jak,TYK2,235,1105,P,JH1,0.6661,0.8459,0.6827,0.6282,0.7617,0.0713
jak,TYK2,236,1106,T,JH1,2.9403,0.3197,0.2266,0.2029,0.3068,0.1523
jak,TYK2,237,1107,K,JH1,0.4948,0.8855,0.6213,0.5501,0.7213,0.1478
jak,TYK2,238,1108,F,JH1,0.7947,0.8161,0.6226,0.553,0.7179,0.1478
jak,TYK2,239,1109,L,JH1,3.1477,0.2717,0.2165,0.1924,0.302,0.1478
jak,TYK2,240,1110,E,JH1,0.9663,0.7764,0.5533,0.4883,0.6413,0.1478
jak,TYK2,241,1111,L,JH1,1.2911,0.7013,0.5666,0.5032,0.6653,0.1478
jak,TYK2,242,1112,I,JH1,1.9369,0.5518,0.4611,0.4059,0.5686,0.1503
jak,TYK2,243,1113,G,JH1,1.3462,0.6885,0.4726,0.4214,0.5514,0.1609
jak,TYK2,244,1114,I,JH1,3.5077,0.1884,0.1054,0.0906,0.1614,0.1438
jak,TYK2,245,,,JH1,1.3862,0.6793,0.0173,0.0,0.0482,0.9734
jak,TYK2,246,1115,A,JH1,2.2548,0.4783,0.3456,0.3058,0.425,0.1825
jak,TYK2,247,1116,Q,JH1,1.5894,0.6322,0.4916,0.4361,0.5882,0.1661
jak,TYK2,248,1117,G,JH1,0.9142,0.7885,0.5392,0.476,0.6421,0.1492
jak,TYK2,249,1118,Q,JH1,0.9016,0.7914,0.5741,0.5118,0.6937,0.1404
jak,TYK2,250,1119,M,JH1,0.9943,0.7699,0.6087,0.5451,0.7249,0.1229
jak,TYK2,251,1120,T,JH1,1.4085,0.6741,0.4986,0.4473,0.6046,0.1229
jak,TYK2,252,1121,V,JH1,0.9595,0.778,0.5465,0.4915,0.6457,0.1266
jak,TYK2,253,1122,L,JH1,1.97,0.5442,0.457,0.407,0.543,0.1266
jak,TYK2,254,1123,R,JH1,2.3679,0.4521,0.3492,0.31,0.4397,0.1266
jak,TYK2,255,1124,L,JH1,0.4202,0.9028,0.587,0.5193,0.6871,0.1266
jak,TYK2,256,1125,T,JH1,1.3213,0.6943,0.5479,0.4848,0.6304,0.1318
jak,TYK2,257,1126,E,JH1,2.2941,0.4692,0.3462,0.2987,0.4361,0.1472
jak,TYK2,258,1127,L,JH1,0.4545,0.8948,0.5788,0.5141,0.6578,0.1472
jak,TYK2,259,1128,L,JH1,-0.0,1.0,0.6425,0.5679,0.7168,0.1591
jak,TYK2,260,1129,E,JH1,0.8643,0.8,0.5983,0.5326,0.6812,0.143
jak,TYK2,261,1130,R,JH1,1.6045,0.6288,0.4922,0.4381,0.5815,0.143
jak,TYK2,262,1131,G,JH1,2.4131,0.4417,0.4033,0.357,0.4838,0.143
jak,TYK2,263,1132,E,JH1,2.8963,0.3299,0.2849,0.2524,0.3603,0.1591
jak,TYK2,264,1133,R,JH1,0.3061,0.9292,0.6534,0.5687,0.745,0.1591
jak,TYK2,265,1134,L,JH1,0.1372,0.9683,0.6211,0.5477,0.701,0.1591
jak,TYK2,266,1135,P,JH1,0.2931,0.9322,0.6672,0.5902,0.7638,0.1494
jak,TYK2,267,1136,R,JH1,2.0776,0.5193,0.4759,0.4187,0.5754,0.1494
jak,TYK2,268,1137,P,JH1,-0.0,1.0,0.7331,0.6463,0.8161,0.1494
jak,TYK2,269,1138,D,JH1,2.5553,0.4088,0.3505,0.3126,0.4373,0.121
jak,TYK2,270,1139,K,JH1,2.2754,0.4735,0.3903,0.3545,0.4705,0.121
jak,TYK2,271,1140,C,JH1,0.412,0.9047,0.7672,0.6988,0.8553,0.1056
jak,TYK2,272,1141,P,JH1,0.2996,0.9307,0.7026,0.6302,0.798,0.1056
jak,TYK2,273,1142,C,JH1,2.8784,0.334,0.1731,0.1624,0.2513,0.5537
jak,TYK2,274,1143,E,JH1,0.8913,0.7938,0.611,0.5528,0.7393,0.0414
jak,TYK2,275,1144,V,JH1,1.4125,0.6732,0.5418,0.4891,0.6193,0.092
jak,TYK2,276,1145,Y,JH1,1.7458,0.5961,0.5165,0.4665,0.6208,0.109
jak,TYK2,277,1146,H,JH1,3.2253,0.2537,0.2284,0.2039,0.3177,0.1043
jak,TYK2,278,1147,L,JH1,1.0102,0.7663,0.521,0.4726,0.5953,0.1043
jak,TYK2,279,1148,M,JH1,0.7055,0.8368,0.6836,0.6208,0.7844,0.1043
jak,TYK2,280,1149,K,JH1,2.2522,0.4789,0.409,0.3694,0.5001,0.1043
jak,TYK2,281,,,,-0.0,1.0,0.0,0.0,0.0,1.0
jak,TYK2,282,,,,-0.0,1.0,0.0,0.0,0.0,1.0
jak,TYK2,283,1150,N,JH1,2.2069,0.4894,0.4571,0.4112,0.5473,0.1043
jak,TYK2,284,1151,C,JH1,0.2,0.9537,0.7602,0.6784,0.8637,0.1488
jak,TYK2,285,1152,W,JH1,0.2313,0.9465,0.7611,0.6761,0.8589,0.1509
jak,TYK2,286,,,,-0.0,1.0,0.0,0.0,0.0,1.0
jak,TYK2,287,,,,-0.0,1.0,0.0,0.0,0.0,1.0
jak,TYK2,288,,,,-0.0,1.0,0.0,0.0,0.0,1.0
jak,TYK2,289,,,,-0.0,1.0,0.0,0.0,0.0,1.0
jak,TYK2,290,1153,E,JH1,2.4191,0.4403,0.3646,0.3318,0.4326,0.1064
jak,TYK2,291,1154,T,JH1,2.4153,0.4411,0.3136,0.2735,0.3919,0.1239
jak,TYK2,292,1155,E,JH1,1.9177,0.5563,0.459,0.4143,0.5403,0.1239
jak,TYK2,293,1156,A,JH1,1.7987,0.5838,0.4586,0.4153,0.5691,0.1218
jak,TYK2,294,1157,S,JH1,2.3216,0.4628,0.3043,0.2686,0.3931,0.1218
jak,TYK2,295,1158,F,JH1,2.7334,0.3675,0.3217,0.2858,0.4238,0.1218
jak,TYK2,296,1159,R,JH1,0.4494,0.896,0.6596,0.5927,0.7748,0.1168
jak,TYK2,297,1160,P,JH1,0.1532,0.9646,0.7219,0.6484,0.7999,0.1189
jak,TYK2,298,1161,T,JH1,2.0114,0.5346,0.4191,0.3754,0.4994,0.1189
jak,TYK2,299,1162,F,JH1,0.2327,0.9462,0.7218,0.6509,0.8267,0.1189
jak,TYK2,300,1163,E,JH1,3.0462,0.2952,0.2576,0.2234,0.3241,0.1189
jak,TYK2,301,1164,N,JH1,2.412,0.4419,0.3564,0.3197,0.4559,0.1189
jak,TYK2,302,1165,L,JH1,0.373,0.9137,0.6227,0.5659,0.6978,0.1189
jak,TYK2,303,1166,I,JH1,1.5466,0.6421,0.4911,0.4387,0.5615,0.1523
jak,TYK2,304,1167,P,JH1,1.9476,0.5494,0.4219,0.3739,0.5163,0.1542
jak,TYK2,305,1168,I,JH1,2.7701,0.3591,0.279,0.25,0.3556,0.1542
jak,TYK2,306,1169,L,JH1,1.4929,0.6546,0.4825,0.4291,0.5509,0.1542
jak,TYK2,307,1170,K,JH1,2.2448,0.4806,0.3894,0.3461,0.4603,0.1542
jak,TYK2,308,1171,T,JH1,2.6333,0.3907,0.293,0.2545,0.3587,0.1706
jak,TYK2,309,1172,V,JH1,2.3604,0.4539,0.3513,0.3095,0.4284,0.1762
jak,TYK2,310,1173,H,JH1,1.8285,0.5769,0.5175,0.4594,0.6043,0.1741
jak,TYK2,311,1174,E,JH1,2.3356,0.4596,0.3593,0.3131,0.4374,0.1895
jak,TYK2,312,1175,K,JH1,2.3111,0.4653,0.3691,0.3283,0.4536,0.1798
jak,TYK2,313,1177,Q,,2.6479,0.3873,0.3228,0.2795,0.3847,0.2283
jak,TYK2,314,,,,1.7074,0.6049,0.0166,0.0027,0.0474,0.9703
jak,TYK2,315,,,,1.3867,0.6792,0.0194,0.0028,0.0508,0.9703
jak,TYK2,316,,,,-0.0,1.0,0.0091,0.0,0.0238,0.9904
jak,TYK2,317,,,,-0.0,1.0,0.0083,0.0,0.0218,0.9904
jak,TYK2,318,,,,-0.0,1.0,0.0078,0.0,0.0206,0.9904
jak,FAMILY,0,,,,0.9858,0.7719,0.1995,0.167,0.239,0.7056
jak,FAMILY,1,,,,1.34,0.69,0.1586,0.1331,0.196,0.7062
jak,FAMILY,2,,,,1.3148,0.6958,0.1796,0.1533,0.2233,0.7031
jak,FAMILY,3,,,,1.1257,0.7395,0.1767,0.1508,0.2161,0.7035
jak,FAMILY,4,,,,2.6843,0.3789,0.2274,0.2045,0.2703,0.3348
jak,FAMILY,5,,,,2.9698,0.3129,0.2804,0.2557,0.3223,0.0256
jak,FAMILY,6,,,,0.9318,0.7844,0.6378,0.6011,0.6996,0.0256
jak,FAMILY,7,,,,0.4339,0.8996,0.7291,0.6919,0.7749,0.0249
jak,FAMILY,8,,,,1.4366,0.6676,0.5532,0.5206,0.5919,0.0249
jak,FAMILY,9,,,,2.3804,0.4492,0.4279,0.4002,0.4668,0.0309
jak,FAMILY,10,,,,0.2605,0.9397,0.8069,0.7717,0.8432,0.0287
jak,FAMILY,11,,,,1.7944,0.5848,0.5673,0.5401,0.5996,0.0287
jak,FAMILY,12,,,,1.3757,0.6817,0.5737,0.5419,0.6283,0.0287
jak,FAMILY,13,,,,0.0327,0.9924,0.8153,0.7796,0.8432,0.0287
jak,FAMILY,14,,,,1.6146,0.6264,0.7366,0.7061,0.7643,0.0287
jak,FAMILY,15,,,JH1,0.106,0.9755,0.7245,0.6959,0.7526,0.0259
jak,FAMILY,16,,,JH1,1.1522,0.7334,0.6271,0.5989,0.6747,0.0064
jak,FAMILY,17,,,JH1,1.9754,0.5429,0.5506,0.5244,0.5976,0.0064
jak,FAMILY,18,,,JH1,1.6105,0.6274,0.5446,0.5166,0.5909,0.0132
jak,FAMILY,19,,,JH1,1.4098,0.6738,0.6356,0.6041,0.694,0.0097
jak,FAMILY,20,,,JH1,2.1292,0.5074,0.4802,0.452,0.5405,0.0097
jak,FAMILY,21,,,JH1,0.2112,0.9511,0.7096,0.6804,0.751,0.0078
jak,FAMILY,22,,,JH1,0.0657,0.9848,0.7906,0.7738,0.8085,0.0078
jak,FAMILY,23,,,JH1,1.2698,0.7062,0.633,0.6025,0.687,0.0078
jak,FAMILY,24,,,,-0.0,1.0,0.0147,0.0,0.0452,0.9827
jak,FAMILY,25,,,,-0.0,1.0,0.0142,0.0,0.0436,0.9827
jak,FAMILY,26,,,,-0.0,1.0,0.0144,0.0,0.0444,0.9827
jak,FAMILY,27,,,,-0.0,1.0,0.0146,0.0,0.0449,0.9827
jak,FAMILY,28,,,JH1,0.047,0.9891,0.8003,0.7846,0.815,0.004
jak,FAMILY,29,,,JH1,1.1328,0.7379,0.7715,0.7383,0.8284,0.0038
jak,FAMILY,30,,,JH1,0.1531,0.9646,0.8312,0.801,0.8712,0.009
jak,FAMILY,31,,,JH1,0.1269,0.9706,0.7817,0.7582,0.8149,0.009
jak,FAMILY,32,,,JH1,1.4173,0.6721,0.6019,0.5757,0.6468,0.009
jak,FAMILY,33,,,JH1,0.1269,0.9706,0.7829,0.7549,0.8195,0.009
jak,FAMILY,34,,,JH1,1.8489,0.5722,0.5097,0.4841,0.5598,0.009
jak,FAMILY,35,,,JH1,0.9017,0.7914,0.6978,0.6839,0.713,0.009
jak,FAMILY,36,,,JH1,1.0669,0.7532,0.8285,0.8061,0.861,0.009
jak,FAMILY,37,,,JH1,1.8393,0.5744,0.5802,0.5523,0.6181,0.009
jak,FAMILY,38,,,JH1,0.1461,0.9662,0.8582,0.8302,0.8955,0.009
jak,FAMILY,39,,,JH1,0.1987,0.954,0.7902,0.7586,0.8428,0.009
jak,FAMILY,40,,,JH1,0.3062,0.9291,0.774,0.7331,0.844,0.0092
jak,FAMILY,41,,,JH1,2.8114,0.3495,0.2877,0.2669,0.3271,0.009
jak,FAMILY,42,,,JH1,1.7281,0.6002,0.6224,0.6044,0.6455,0.009
jak,FAMILY,43,,,JH1,0.1756,0.9594,0.8134,0.7996,0.8352,0.009
jak,FAMILY,44,,,JH1,1.9809,0.5417,0.5231,0.4996,0.5534,0.009
jak,FAMILY,45,,,JH1,0.2776,0.9358,0.7653,0.7328,0.8137,0.009
jak,FAMILY,46,,,JH1,0.0352,0.9919,0.7972,0.778,0.8149,0.009
jak,FAMILY,47,,,JH1,0.4527,0.8953,0.7275,0.7,0.7731,0.0038
jak,FAMILY,48,,,JH1,2.7081,0.3734,0.4118,0.3819,0.4721,0.0038
jak,FAMILY,49,,,JH1,0.2074,0.952,0.7698,0.7434,0.8166,0.0038
jak,FAMILY,50,,,JH1,0.183,0.9577,0.7439,0.708,0.7961,0.0038
jak,FAMILY,51,,,JH1,0.257,0.9405,0.751,0.718,0.8014,0.0003
jak,FAMILY,52,,,JH1,0.216,0.95,0.7834,0.7565,0.8344,0.0003
jak,FAMILY,53,,,JH1,1.8181,0.5793,0.5201,0.4942,0.5648,0.0003
jak,FAMILY,54,,,JH1,0.1169,0.973,0.7389,0.7289,0.7522,0.0003
jak,FAMILY,55,,,JH1,1.0579,0.7552,0.7158,0.6921,0.7564,0.0003
jak,FAMILY,56,,,JH1,2.4682,0.4289,0.4897,0.4629,0.536,0.0068
jak,FAMILY,57,,,JH1,1.9689,0.5444,0.5074,0.4838,0.5463,0.0068
jak,FAMILY,58,,,JH1,2.7901,0.3544,0.3998,0.373,0.4423,0.034
jak,FAMILY,59,,,JH1,2.1496,0.5026,0.4379,0.4186,0.4673,0.0361
jak,FAMILY,60,,,JH1,2.2575,0.4777,0.4132,0.3845,0.4543,0.1331
jak,FAMILY,61,,,JH1,1.8328,0.5759,0.5793,0.5466,0.6386,0.0497
jak,FAMILY,62,,,JH1,2.4203,0.44,0.3154,0.2902,0.3565,0.0412
jak,FAMILY,63,,,JH1,2.8337,0.3443,0.3083,0.2899,0.3434,0.0354
jak,FAMILY,64,,,JH1,2.2787,0.4728,0.427,0.4009,0.4737,0.0319
jak,FAMILY,65,,,JH1,1.5781,0.6349,0.6918,0.6638,0.7125,0.0241
jak,FAMILY,66,,,JH1,2.6871,0.3783,0.396,0.3726,0.4298,0.0241
jak,FAMILY,67,,,JH1,1.5776,0.635,0.586,0.5572,0.6211,0.0241
jak,FAMILY,68,,,JH1,0.0838,0.9806,0.7873,0.753,0.8257,0.0176
jak,FAMILY,69,,,JH1,0.1535,0.9645,0.7815,0.7495,0.8171,0.0176
jak,FAMILY,70,,,JH1,1.8419,0.5738,0.4828,0.4495,0.5362,0.0202
jak,FAMILY,71,,,JH1,0.3809,0.9119,0.74,0.7069,0.7815,0.0202
jak,FAMILY,72,,,JH1,0.2125,0.9508,0.7099,0.6808,0.7345,0.0202
jak,FAMILY,73,,,JH1,0.9288,0.7851,0.7134,0.6853,0.7368,0.0202
jak,FAMILY,74,,,JH1,2.2036,0.4901,0.4464,0.4221,0.4848,0.0267
jak,FAMILY,75,,,JH1,0.0976,0.9774,0.7195,0.6897,0.7542,0.0267
jak,FAMILY,76,,,JH1,1.5476,0.6419,0.6497,0.613,0.7043,0.0267
jak,FAMILY,77,,,JH1,0.0374,0.9914,0.8872,0.8522,0.9162,0.0267
jak,FAMILY,78,,,JH1,2.2198,0.4864,0.4113,0.3796,0.464,0.0267
jak,FAMILY,79,,,JH1,0.4113,0.9048,0.8119,0.7795,0.8341,0.0267
jak,FAMILY,80,,,JH1,0.0317,0.9927,0.8038,0.7694,0.8329,0.0267
jak,FAMILY,81,,,JH1,0.082,0.981,0.7759,0.7412,0.8082,0.0267
jak,FAMILY,82,,,JH1,0.3844,0.911,0.7357,0.701,0.7773,0.0271
jak,FAMILY,83,,,JH1,0.082,0.981,0.8597,0.8232,0.892,0.0271
jak,FAMILY,84,,,JH1,0.3003,0.9305,0.7468,0.7112,0.7954,0.0206
jak,FAMILY,85,,,JH1,0.0444,0.9897,0.7867,0.7538,0.8138,0.0216
jak,FAMILY,86,,,JH1,1.7304,0.5996,0.6422,0.6069,0.6824,0.0216
jak,FAMILY,87,,,JH1,0.2047,0.9526,0.8739,0.8399,0.9052,0.0216
jak,FAMILY,88,,,JH1,2.6717,0.3818,0.3993,0.3749,0.4413,0.0314
jak,FAMILY,89,,,JH1,1.5532,0.6406,0.5591,0.5271,0.6013,0.0281
jak,FAMILY,90,,,JH1,2.6981,0.3757,0.3511,0.324,0.4029,0.0294
jak,FAMILY,91,,,JH1,0.1848,0.9572,0.7552,0.7349,0.782,0.0136
jak,FAMILY,92,,,JH1,1.9905,0.5394,0.4907,0.4603,0.5436,0.0338
jak,FAMILY,93,,,JH1,2.5592,0.4079,0.4181,0.3956,0.465,0.0408
jak,FAMILY,94,,,JH1,2.8865,0.3321,0.3038,0.2826,0.3566,0.0304
jak,FAMILY,95,,,JH1,1.9515,0.5485,0.4785,0.4521,0.5205,0.0304
jak,FAMILY,96,,,JH1,1.8595,0.5697,0.5803,0.5458,0.6344,0.0378
jak,FAMILY,97,,,JH1,0.2232,0.9484,0.6922,0.6541,0.7456,0.0304
jak,FAMILY,98,,,JH1,0.7522,0.826,0.6949,0.6628,0.734,0.0331
jak,FAMILY,99,,,JH1,0.1927,0.9554,0.872,0.8497,0.9083,0.0158
jak,FAMILY,100,,,JH1,0.335,0.9225,0.7354,0.6955,0.8065,0.0158
jak,FAMILY,101,,,JH1,1.0455,0.7581,0.7342,0.693,0.8087,0.0158
jak,FAMILY,102,,,JH1,1.0065,0.7671,0.6121,0.5895,0.6472,0.0158
jak,FAMILY,103,,,JH1,0.1284,0.9703,0.8135,0.7831,0.85,0.0158
jak,FAMILY,104,,,JH1,2.4355,0.4365,0.4181,0.4045,0.4475,0.0158
jak,FAMILY,105,,,JH1,0.1927,0.9554,0.7552,0.7227,0.8063,0.0158
jak,FAMILY,106,,,JH1,0.2526,0.9415,0.7424,0.7068,0.7906,0.0298
jak,FAMILY,107,,,JH1,0.1945,0.955,0.7086,0.6775,0.7545,0.0271
jak,FAMILY,108,,,JH1,1.29,0.7015,0.6306,0.591,0.6947,0.0219
jak,FAMILY,109,,,JH1,1.3389,0.6902,0.6252,0.5852,0.6863,0.0202
jak,FAMILY,110,,,JH1,0.5289,0.8776,0.7819,0.7396,0.8368,0.0202
jak,FAMILY,111,,,JH1,0.3332,0.9229,0.671,0.6391,0.7144,0.0202
jak,FAMILY,112,,,JH1,1.8478,0.5725,0.5103,0.4739,0.5614,0.0211
jak,FAMILY,113,,,JH1,1.4254,0.6702,0.6193,0.5963,0.6702,0.004
jak,FAMILY,114,,,JH1,1.9719,0.5437,0.5992,0.5613,0.672,0.0056
jak,FAMILY,115,,,JH1,1.9736,0.5434,0.494,0.4695,0.5452,0.0056
jak,FAMILY,116,,,JH1,2.8122,0.3493,0.2131,0.1931,0.2474,0.3772
jak,FAMILY,117,,,JH1,2.0224,0.5321,0.332,0.303,0.3809,0.3824
jak,FAMILY,118,,,JH1,2.473,0.4278,0.3829,0.3561,0.4372,0.0173
jak,FAMILY,119,,,JH1,2.2837,0.4716,0.4693,0.4477,0.5148,0.0166
jak,FAMILY,120,,,JH1,2.4773,0.4268,0.3578,0.3309,0.4293,0.0105
jak,FAMILY,121,,,JH1,2.6153,0.3949,0.3222,0.2895,0.384,0.0105
jak,FAMILY,122,,,JH1,2.4377,0.436,0.487,0.4588,0.5502,0.0105
jak,FAMILY,123,,,JH1,1.8676,0.5679,0.4721,0.444,0.5207,0.0145
jak,FAMILY,124,,,JH1,0.5137,0.8811,0.6432,0.6137,0.6841,0.0149
jak,FAMILY,125,,,JH1,2.6916,0.3772,0.374,0.3553,0.4135,0.0149
jak,FAMILY,126,,,JH1,1.1503,0.7339,0.7831,0.7698,0.8034,0.0151
jak,FAMILY,127,,,JH1,1.2293,0.7156,0.5854,0.5653,0.6224,0.0149
jak,FAMILY,128,,,JH1,2.608,0.3966,0.3583,0.3319,0.4104,0.0276
jak,FAMILY,129,,,JH1,0.0386,0.9911,0.8339,0.8023,0.8654,0.0393
jak,FAMILY,130,,,JH1,0.2836,0.9344,0.76,0.7295,0.8025,0.0266
jak,FAMILY,131,,,JH1,0.3673,0.915,0.818,0.7695,0.8771,0.0339
jak,FAMILY,132,,,JH1,1.9399,0.5512,0.5265,0.4933,0.5826,0.0222
jak,FAMILY,133,,,JH1,0.1679,0.9612,0.721,0.6725,0.7698,0.0647
jak,FAMILY,134,,,JH1,0.2768,0.936,0.7931,0.7417,0.8534,0.0644
jak,FAMILY,135,,,JH1,1.8634,0.5689,0.4933,0.4567,0.5456,0.071
jak,FAMILY,136,,,JH1,0.1898,0.9561,0.7878,0.7367,0.8381,0.0819
jak,FAMILY,137,,,JH1,0.0652,0.9849,0.6854,0.6394,0.731,0.0819
jak,FAMILY,138,,,JH1,1.6585,0.6163,0.5561,0.5181,0.5974,0.0819
jak,FAMILY,139,,,JH1,1.7718,0.59,0.4423,0.4072,0.4946,0.0876
jak,FAMILY,140,,,JH1,2.064,0.5224,0.5142,0.479,0.5554,0.0876
jak,FAMILY,141,,,JH1,1.8617,0.5692,0.5807,0.5409,0.6201,0.0876
jak,FAMILY,142,,,JH1,0.3337,0.9228,0.7684,0.7169,0.8235,0.0818
jak,FAMILY,143,,,JH1,1.0083,0.7667,0.6685,0.6277,0.7028,0.0525
jak,FAMILY,144,,,JH1,0.2423,0.9439,0.8161,0.7675,0.8847,0.0525
jak,FAMILY,145,,,JH1,0.2184,0.9495,0.7733,0.7311,0.8286,0.0415
jak,FAMILY,146,,,JH1,0.1649,0.9619,0.7619,0.7127,0.8179,0.052
jak,FAMILY,147,,,JH1,0.0737,0.9829,0.7052,0.6662,0.7453,0.052
jak,FAMILY,148,,,JH1,0.2637,0.939,0.7078,0.6678,0.7647,0.0455
jak,FAMILY,149,,,JH1,1.1808,0.7268,0.6084,0.5711,0.6675,0.0384
jak,FAMILY,150,,,JH1,0.3242,0.925,0.7439,0.6986,0.8124,0.0384
jak,FAMILY,151,,,JH1,0.2776,0.9358,0.7756,0.7335,0.8416,0.0454
jak,FAMILY,152,,,JH1,1.1943,0.7237,0.6362,0.6022,0.6839,0.0454
jak,FAMILY,153,,,JH1,0.2799,0.9352,0.6667,0.6253,0.726,0.0454
jak,FAMILY,154,,,JH1,0.8236,0.8094,0.6345,0.5998,0.6733,0.0519
jak,FAMILY,155,,,JH1,0.9247,0.7861,0.6253,0.5865,0.6945,0.0519
jak,FAMILY,156,,,JH1,1.3643,0.6843,0.6171,0.5794,0.6704,0.0493
jak,FAMILY,157,,,JH1,1.2617,0.7081,0.589,0.5567,0.6401,0.0493
jak,FAMILY,158,,,JH1,2.8394,0.343,0.3549,0.3308,0.3908,0.0502
jak,FAMILY,159,,,JH1,2.3755,0.4504,0.4113,0.3883,0.4449,0.0493
jak,FAMILY,160,,,JH1,0.2084,0.9518,0.7295,0.6834,0.786,0.0493
jak,FAMILY,161,,,JH1,0.1323,0.9694,0.7608,0.7165,0.8135,0.06
jak,FAMILY,162,,,JH1,0.1552,0.9641,0.7538,0.7097,0.8066,0.06
jak,FAMILY,163,,,JH1,0.0799,0.9815,0.7457,0.7008,0.7911,0.06
jak,FAMILY,164,,,JH1,0.2434,0.9437,0.7493,0.703,0.8163,0.0491
jak,FAMILY,165,,,JH1,0.1127,0.9739,0.8067,0.7632,0.8545,0.0491
jak,FAMILY,166,,,JH1,0.1311,0.9697,0.7495,0.7082,0.7997,0.0491
jak,FAMILY,167,,,JH1,0.0879,0.9797,0.725,0.6951,0.7602,0.0212
jak,FAMILY,168,,,JH1,1.1639,0.7307,0.6182,0.5862,0.6766,0.0172
jak,FAMILY,169,,,JH1,0.5702,0.8681,0.6963,0.6536,0.7758,0.0087
jak,FAMILY,170,,,JH1,2.3605,0.4538,0.4359,0.4112,0.4751,0.0366
jak,FAMILY,171,,,JH1,1.5761,0.6353,0.5415,0.5105,0.5848,0.0366
jak,FAMILY,172,,,JH1,1.3858,0.6794,0.6335,0.6049,0.669,0.0087
jak,FAMILY,173,,,JH1,2.2956,0.4689,0.4805,0.4497,0.5364,0.0172
jak,FAMILY,174,,,JH1,1.6534,0.6174,0.602,0.5745,0.6407,0.0172
jak,FAMILY,175,,,JH1,2.2895,0.4703,0.4609,0.4312,0.5311,0.0172
jak,FAMILY,176,,,JH1,2.1169,0.5102,0.412,0.3787,0.4733,0.0172
jak,FAMILY,177,,,JH1,0.2201,0.9491,0.8127,0.766,0.8742,0.0451
jak,FAMILY,178,,,JH1,0.1917,0.9556,0.8422,0.8013,0.8798,0.0451
jak,FAMILY,179,,,JH1,2.2761,0.4734,0.4817,0.4487,0.5621,0.0282
jak,FAMILY,180,,,JH1,0.4358,0.8992,0.7007,0.6569,0.7686,0.0282
jak,FAMILY,181,,,JH1,1.8442,0.5733,0.5223,0.4907,0.5787,0.0455
jak,FAMILY,182,,,JH1,1.2209,0.7175,0.6381,0.601,0.6872,0.0455
jak,FAMILY,183,,,JH1,1.658,0.6164,0.5909,0.5619,0.6349,0.0387
jak,FAMILY,184,,,JH1,1.6909,0.6088,0.497,0.4659,0.5384,0.0387
jak,FAMILY,185,,,JH1,1.2656,0.7072,0.6125,0.5682,0.6857,0.0452
jak,FAMILY,186,,,JH1,0.4714,0.8909,0.6916,0.6547,0.7715,0.0194
jak,FAMILY,187,,,JH1,0.0909,0.979,0.8215,0.7897,0.8552,0.0194
jak,FAMILY,188,,,JH1,1.2017,0.722,0.6203,0.584,0.6864,0.0308
jak,FAMILY,189,,,JH1,0.4577,0.8941,0.7849,0.7483,0.8223,0.0326
jak,FAMILY,190,,,JH1,0.1645,0.9619,0.8814,0.84,0.9377,0.0333
jak,FAMILY,191,,,JH1,0.5724,0.8676,0.7223,0.6697,0.8132,0.0492
jak,FAMILY,192,,,JH1,0.4703,0.8912,0.6446,0.6012,0.7276,0.049
jak,FAMILY,193,,,JH1,1.7336,0.5989,0.49,0.452,0.5738,0.0451
jak,FAMILY,194,,,JH1,0.5734,0.8673,0.6562,0.6129,0.7435,0.0462
jak,FAMILY,195,,,JH1,1.2732,0.7054,0.6888,0.6456,0.7628,0.0443
jak,FAMILY,196,,,JH1,0.3756,0.9131,0.6509,0.6105,0.719,0.0443
jak,FAMILY,197,,,JH1,2.3844,0.4483,0.3975,0.3707,0.4532,0.0429
jak,FAMILY,198,,,JH1,2.0135,0.5341,0.484,0.445,0.5509,0.0467
jak,FAMILY,199,,,JH1,1.8598,0.5697,0.5462,0.509,0.6082,0.0416
jak,FAMILY,200,,,JH1,0.4294,0.9006,0.7313,0.695,0.7757,0.0416
jak,FAMILY,201,,,JH1,0.4342,0.8995,0.7405,0.6903,0.8247,0.0416
jak,FAMILY,202,,,JH1,1.4924,0.6547,0.6026,0.56,0.6717,0.0467
jak,FAMILY,203,,,JH1,2.8182,0.3479,0.3468,0.3185,0.4076,0.0467
jak,FAMILY,204,,,JH1,1.018,0.7644,0.5694,0.5327,0.6306,0.0534
jak,FAMILY,205,,,JH1,0.4251,0.9016,0.6807,0.6371,0.7473,0.0534
jak,FAMILY,206,,,JH1,0.2538,0.9413,0.7436,0.6968,0.8087,0.0534
jak,FAMILY,207,,,JH1,0.7644,0.8231,0.6354,0.5928,0.692,0.0704
jak,FAMILY,208,,,JH1,0.0758,0.9825,0.8974,0.8551,0.9409,0.0416
jak,FAMILY,209,,,JH1,0.4409,0.898,0.6595,0.6084,0.7496,0.0576
jak,FAMILY,210,,,JH1,0.3653,0.9155,0.7411,0.6893,0.8157,0.0576
jak,FAMILY,211,,,,-0.0,1.0,0.0074,0.0,0.0236,0.9911
jak,FAMILY,212,,,,-0.0,1.0,0.0075,0.0,0.024,0.9911
jak,FAMILY,213,,,,-0.0,1.0,0.008,0.0,0.0255,0.9911
jak,FAMILY,214,,,,-0.0,1.0,0.0078,0.0,0.0248,0.9911
jak,FAMILY,215,,,,-0.0,1.0,0.0081,0.0,0.026,0.9911
jak,FAMILY,216,,,,-0.0,1.0,0.0075,0.0,0.0239,0.9911
jak,FAMILY,217,,,,-0.0,1.0,0.0074,0.0,0.0236,0.9911
jak,FAMILY,218,,,JH1,0.2263,0.9477,0.7014,0.6533,0.7572,0.0745
jak,FAMILY,219,,,JH1,0.1996,0.9538,0.7066,0.6586,0.7651,0.0796
jak,FAMILY,220,,,JH1,1.1799,0.727,0.6074,0.5684,0.6605,0.081
jak,FAMILY,221,,,JH1,0.8584,0.8014,0.6233,0.585,0.6721,0.0863
jak,FAMILY,222,,,JH1,0.4535,0.8951,0.7623,0.7143,0.8163,0.0863
jak,FAMILY,223,,,JH1,0.099,0.9771,0.7401,0.6887,0.797,0.0759
jak,FAMILY,224,,,JH1,0.9226,0.7865,0.5719,0.5279,0.6274,0.0848
jak,FAMILY,225,,,JH1,1.5585,0.6394,0.529,0.4884,0.5768,0.09
jak,FAMILY,226,,,JH1,0.1415,0.9673,0.7207,0.6658,0.7799,0.1019
jak,FAMILY,227,,,JH1,1.7613,0.5925,0.5799,0.5376,0.6433,0.09
jak,FAMILY,228,,,JH1,1.2826,0.7032,0.6681,0.6282,0.7121,0.0728
jak,FAMILY,229,,,JH1,1.2641,0.7075,0.5785,0.5431,0.6332,0.0679
jak,FAMILY,230,,,JH1,2.5021,0.4211,0.3857,0.3613,0.429,0.0703
jak,FAMILY,231,,,JH1,2.9697,0.3129,0.2554,0.2344,0.2966,0.0649
jak,FAMILY,232,,,JH1,2.6948,0.3765,0.4022,0.3751,0.4529,0.0622
jak,FAMILY,233,,,JH1,0.577,0.8665,0.6296,0.5875,0.7038,0.0696
jak,FAMILY,234,,,JH1,0.3141,0.9273,0.7284,0.6804,0.8056,0.0767
jak,FAMILY,235,,,JH1,1.2944,0.7005,0.6512,0.612,0.7097,0.0716
jak,FAMILY,236,,,JH1,2.625,0.3926,0.2776,0.2504,0.33,0.119
jak,FAMILY,237,,,JH1,2.4125,0.4418,0.3838,0.352,0.4262,0.1111
jak,FAMILY,238,,,JH1,0.5827,0.8652,0.6792,0.631,0.7359,0.1075
jak,FAMILY,239,,,JH1,2.4968,0.4223,0.346,0.3163,0.4023,0.1067
jak,FAMILY,240,,,JH1,2.6833,0.3791,0.323,0.292,0.3707,0.1085
jak,FAMILY,241,,,JH1,1.4435,0.666,0.5392,0.5003,0.6042,0.108
jak,FAMILY,242,,,JH1,1.6399,0.6206,0.5183,0.4779,0.5918,0.1091
jak,FAMILY,243,,,JH1,0.8146,0.8115,0.5488,0.5005,0.615,0.1234
jak,FAMILY,244,,,JH1,3.3616,0.2222,0.1683,0.1491,0.2036,0.1159
jak,FAMILY,245,,,JH1,1.334,0.6913,0.1718,0.1529,0.2151,0.7044
jak,FAMILY,246,,,JH1,2.2226,0.4857,0.3782,0.3428,0.4311,0.1304
jak,FAMILY,247,,,JH1,1.2687,0.7065,0.5832,0.54,0.6466,0.1238
jak,FAMILY,248,,,JH1,0.5536,0.8719,0.6067,0.5606,0.6678,0.1129
jak,FAMILY,249,,,JH1,0.6321,0.8537,0.631,0.5785,0.7197,0.1115
jak,FAMILY,250,,,JH1,1.0458,0.758,0.6059,0.5591,0.6859,0.0963
jak,FAMILY,251,,,JH1,1.803,0.5828,0.4792,0.4395,0.5543,0.0919
jak,FAMILY,252,,,JH1,1.0279,0.7622,0.5554,0.5104,0.6196,0.0929
jak,FAMILY,253,,,JH1,3.0778,0.2879,0.3012,0.2766,0.3443,0.093
jak,FAMILY,254,,,JH1,2.2119,0.4882,0.4385,0.3997,0.5043,0.0919
jak,FAMILY,255,,,JH1,0.4029,0.9068,0.6088,0.5627,0.6768,0.0882
jak,FAMILY,256,,,JH1,1.8556,0.5707,0.4646,0.4248,0.5406,0.0854
jak,FAMILY,257,,,JH1,2.6799,0.3799,0.3132,0.2819,0.3727,0.0919
jak,FAMILY,258,,,JH1,1.7285,0.6001,0.4071,0.3769,0.4557,0.0964
jak,FAMILY,259,,,JH1,0.1647,0.9619,0.6531,0.6061,0.7084,0.097
jak,FAMILY,260,,,JH1,2.2705,0.4747,0.4058,0.3728,0.4507,0.0989
jak,FAMILY,261,,,JH1,2.9143,0.3257,0.3045,0.2731,0.3487,0.1197
jak,FAMILY,262,,,JH1,2.2136,0.4878,0.4003,0.3643,0.4485,0.1269
jak,FAMILY,263,,,JH1,3.2439,0.2494,0.2253,0.2023,0.266,0.1391
jak,FAMILY,264,,,JH1,0.2526,0.9415,0.671,0.6149,0.737,0.1393
jak,FAMILY,265,,,JH1,0.2805,0.9351,0.6093,0.5593,0.6658,0.1341
jak,FAMILY,266,,,JH1,0.4013,0.9071,0.6657,0.6131,0.7246,0.1179
jak,FAMILY,267,,,JH1,2.3316,0.4605,0.4264,0.3899,0.4822,0.118
jak,FAMILY,268,,,JH1,0.2796,0.9353,0.6949,0.6412,0.7648,0.118
jak,FAMILY,269,,,JH1,3.0184,0.3016,0.2525,0.2244,0.3005,0.1007
jak,FAMILY,270,,,JH1,2.9123,0.3262,0.27,0.2464,0.3137,0.1007
jak,FAMILY,271,,,JH1,0.3366,0.9221,0.7791,0.7275,0.8388,0.0942
jak,FAMILY,272,,,JH1,0.5027,0.8837,0.6703,0.6236,0.7275,0.0942
jak,FAMILY,273,,,JH1,3.0509,0.2941,0.2186,0.1964,0.2689,0.2553
jak,FAMILY,274,,,JH1,1.6994,0.6068,0.4371,0.4013,0.5007,0.0752
jak,FAMILY,275,,,JH1,1.477,0.6583,0.5535,0.5179,0.5998,0.0732
jak,FAMILY,276,,,JH1,1.6694,0.6137,0.4801,0.4441,0.543,0.1762
jak,FAMILY,277,,,JH1,3.6359,0.1587,0.1313,0.1156,0.1616,0.0957
jak,FAMILY,278,,,JH1,1.7968,0.5843,0.4302,0.3965,0.4801,0.094
jak,FAMILY,279,,,JH1,0.7851,0.8183,0.6697,0.6252,0.7399,0.0773
jak,FAMILY,280,,,JH1,2.853,0.3399,0.3111,0.286,0.3563,0.0793
jak,FAMILY,281,,,,-0.0,1.0,0.0004,0.0,0.0014,0.9995
jak,FAMILY,282,,,,-0.0,1.0,0.0004,0.0,0.0013,0.9995
jak,FAMILY,283,,,JH1,2.814,0.3489,0.34,0.3139,0.3921,0.0915
jak,FAMILY,284,,,JH1,0.1782,0.9588,0.7979,0.745,0.8557,0.1057
jak,FAMILY,285,,,JH1,0.4319,0.9001,0.7613,0.7072,0.8283,0.1027
jak,FAMILY,286,,,,-0.0,1.0,0.0024,0.0,0.0077,0.9971
jak,FAMILY,287,,,,-0.0,1.0,0.0026,0.0,0.0083,0.9971
jak,FAMILY,288,,,,-0.0,1.0,0.0024,0.0,0.0077,0.9971
jak,FAMILY,289,,,,-0.0,1.0,0.0024,0.0,0.0078,0.9971
jak,FAMILY,290,,,JH1,2.8085,0.3502,0.2969,0.2668,0.3475,0.0955
jak,FAMILY,291,,,JH1,3.2289,0.2529,0.2421,0.2152,0.2831,0.1029
jak,FAMILY,292,,,JH1,3.0039,0.305,0.2798,0.2566,0.3191,0.1037
jak,FAMILY,293,,,JH1,2.2851,0.4713,0.3993,0.3682,0.4578,0.103
jak,FAMILY,294,,,JH1,3.0718,0.2893,0.2142,0.1902,0.2556,0.1048
jak,FAMILY,295,,,JH1,3.2666,0.2442,0.2208,0.1928,0.272,0.1076
jak,FAMILY,296,,,JH1,0.4697,0.8913,0.6452,0.5943,0.7286,0.1082
jak,FAMILY,297,,,JH1,1.5097,0.6507,0.5329,0.4958,0.5863,0.109
jak,FAMILY,298,,,JH1,2.0912,0.5162,0.3889,0.3517,0.4475,0.1059
jak,FAMILY,299,,,JH1,0.3521,0.9185,0.7088,0.6584,0.781,0.1059
jak,FAMILY,300,,,JH1,2.9469,0.3182,0.2997,0.273,0.3512,0.1096
jak,FAMILY,301,,,JH1,3.042,0.2961,0.2597,0.2374,0.2985,0.1096
jak,FAMILY,302,,,JH1,0.366,0.9153,0.6146,0.5782,0.6712,0.1062
jak,FAMILY,303,,,JH1,1.9393,0.5513,0.4086,0.3735,0.4631,0.1254
jak,FAMILY,304,,,JH1,3.0358,0.2976,0.245,0.22,0.2862,0.125
jak,FAMILY,305,,,JH1,3.1476,0.2717,0.2133,0.1946,0.2478,0.1221
jak,FAMILY,306,,,JH1,1.9232,0.555,0.4606,0.4286,0.5012,0.1274
jak,FAMILY,307,,,JH1,2.565,0.4065,0.3438,0.3176,0.3831,0.1306
jak,FAMILY,308,,,JH1,3.4527,0.2011,0.1574,0.1401,0.1907,0.1368
jak,FAMILY,309,,,JH1,2.4222,0.4396,0.3624,0.3332,0.4026,0.1365
jak,FAMILY,310,,,JH1,2.7006,0.3752,0.313,0.2824,0.3599,0.1363
jak,FAMILY,311,,,JH1,2.7972,0.3528,0.2991,0.2741,0.3432,0.1736
jak,FAMILY,312,,,JH1,3.2407,0.2502,0.1911,0.1708,0.2297,0.2733
jak,FAMILY,313,,,,3.2338,0.2518,0.1733,0.1492,0.2103,0.404
jak,FAMILY,314,,,,2.3107,0.4654,0.1126,0.0929,0.1447,0.7195
jak,FAMILY,315,,,,1.9139,0.5572,0.1177,0.0978,0.1508,0.7301
jak,FAMILY,316,,,,0.9936,0.7701,0.0064,0.0,0.0143,0.9918
jak,FAMILY,317,,,,-0.0,1.0,0.0038,0.0,0.0106,0.9955
jak,FAMILY,318,,,,-0.0,1.0,0.0036,0.0,0.01,0.9955
socs,SOCS1,0,,,,-0.0,1.0,0.0038,0.0,0.0114,0.9956
socs,SOCS1,1,,,,-0.0,1.0,0.0036,0.0,0.0108,0.9956
socs,SOCS1,2,,,,-0.0,1.0,0.0033,0.0,0.0101,0.9956
socs,SOCS1,3,25,P,,1.597,0.6305,0.0669,0.0498,0.0947,0.8903
socs,SOCS1,4,26,S,,1.3553,0.6864,0.0713,0.0581,0.0985,0.8764
socs,SOCS1,5,27,S,,2.5338,0.4137,0.0689,0.0587,0.1058,0.8198
socs,SOCS1,6,28,S,,1.8605,0.5695,0.1012,0.0851,0.1422,0.8043
socs,SOCS1,7,29,S,,0.8758,0.7974,0.1453,0.1104,0.1983,0.775
socs,SOCS1,8,30,S,,1.833,0.5759,0.1149,0.1006,0.1596,0.7731
socs,SOCS1,9,31,S,,1.5175,0.6489,0.1323,0.1081,0.1746,0.7634
socs,SOCS1,10,32,S,,2.0716,0.5207,0.2684,0.2384,0.3325,0.4217
socs,SOCS1,11,33,P,,1.5296,0.6461,0.4573,0.4109,0.5417,0.1847
socs,SOCS1,12,34,A,,3.1378,0.274,0.1934,0.1746,0.2508,0.1731
socs,SOCS1,13,35,A,,3.2,0.2596,0.1517,0.1353,0.1954,0.4108
socs,SOCS1,14,36,P,,3.2142,0.2563,0.1951,0.1733,0.2552,0.1841
socs,SOCS1,15,37,A,,3.0249,0.3001,0.2349,0.206,0.2948,0.1741
socs,SOCS1,16,38,R,,2.8384,0.3433,0.2772,0.2495,0.3544,0.1763
socs,SOCS1,17,,,,0.488,0.8871,0.0345,0.0,0.0814,0.9562
socs,SOCS1,18,,,,0.9832,0.7725,0.0271,0.0,0.0674,0.9608
socs,SOCS1,19,,,,-0.0,1.0,0.0,0.0,0.0,1.0
socs,SOCS1,20,,,,-0.0,1.0,0.0,0.0,0.0,1.0
socs,SOCS1,21,,,,-0.0,1.0,0.0109,0.0,0.0344,0.9885
socs,SOCS1,22,,,,-0.0,1.0,0.0,0.0,0.0,1.0
socs,SOCS1,23,,,,0.9521,0.7797,0.0241,0.0,0.0594,0.9641
socs,SOCS1,24,39,P,,2.3976,0.4452,0.3083,0.2797,0.3664,0.2424
socs,SOCS1,25,40,R,,3.2076,0.2578,0.1812,0.1596,0.2303,0.3812
socs,SOCS1,26,41,P,,0.9008,0.7916,0.4918,0.4423,0.5494,0.2423
socs,SOCS1,27,42,C,,3.0923,0.2845,0.191,0.1731,0.2331,0.3391
socs,SOCS1,28,43,P,,1.9126,0.5575,0.336,0.293,0.3955,0.3579
socs,SOCS1,29,44,A,,2.942,0.3193,0.1516,0.1313,0.1947,0.3591
socs,SOCS1,30,45,V,,2.3043,0.4668,0.1123,0.0898,0.1478,0.7325
socs,SOCS1,31,,,,-0.0,1.0,0.0048,0.0,0.0156,0.9942
socs,SOCS1,32,,,,-0.0,1.0,0.005,0.0,0.0164,0.9942
socs,SOCS1,33,,,,2.0698,0.5211,0.0967,0.0728,0.1358,0.8186
socs,SOCS1,34,46,P,,1.751,0.5949,0.1454,0.122,0.1964,0.7177
socs,SOCS1,35,47,A,,2.6727,0.3816,0.1799,0.1615,0.2335,0.3971
socs,SOCS1,36,,,,-0.0,1.0,0.0033,0.0,0.0091,0.9961
socs,SOCS1,37,,,,1.6757,0.6123,0.0943,0.069,0.1374,0.8314
socs,SOCS1,38,48,P,,2.6168,0.3945,0.2507,0.2226,0.3083,0.3285
socs,SOCS1,39,49,A,,2.4569,0.4315,0.2417,0.2197,0.3022,0.283
socs,SOCS1,40,50,P,,3.5287,0.1835,0.1438,0.1292,0.1943,0.0906
socs,SOCS1,41,51,G,,3.4168,0.2094,0.2304,0.2101,0.2843,0.0256
socs,SOCS1,42,52,D,,3.0432,0.2959,0.292,0.2629,0.3534,0.0165
socs,SOCS1,43,53,T,,0.4759,0.8899,0.7358,0.7078,0.7833,0.0088
socs,SOCS1,44,54,H,,0.3904,0.9097,0.852,0.8338,0.8771,0.0088
socs,SOCS1,45,55,F,KIR,1.1354,0.7373,0.6686,0.6467,0.7157,0.0043
socs,SOCS1,46,56,R,KIR,1.6671,0.6143,0.5927,0.5589,0.6683,0.0043
socs,SOCS1,47,,,,-0.0,1.0,0.0,0.0,0.0,1.0
socs,SOCS1,48,,,,-0.0,1.0,0.0,0.0,0.0,1.0
socs,SOCS1,49,57,T,KIR,1.7785,0.5885,0.5471,0.5103,0.6213,0.0043
socs,SOCS1,50,58,F,KIR,0.0851,0.9803,0.8463,0.8222,0.8744,0.0043
socs,SOCS1,51,59,R,KIR,1.9198,0.5558,0.5075,0.4813,0.5531,0.0043
socs,SOCS1,52,60,S,KIR,1.6537,0.6174,0.5595,0.5251,0.6312,0.0088
socs,SOCS1,53,61,H,KIR,3.0464,0.2951,0.3033,0.2778,0.388,0.0088
socs,SOCS1,54,62,A,KIR,2.6719,0.3818,0.3189,0.2924,0.4022,0.0126
socs,SOCS1,55,63,D,KIR,1.3347,0.6912,0.6427,0.6146,0.701,0.0063
socs,SOCS1,56,64,Y,KIR,1.8856,0.5637,0.6577,0.6091,0.7315,0.0235
socs,SOCS1,57,,,,-0.0,1.0,0.0,0.0,0.0,1.0
socs,SOCS1,58,,,,-0.0,1.0,0.0,0.0,0.0,1.0
socs,SOCS1,59,,,,-0.0,1.0,0.0,0.0,0.0,1.0
socs,SOCS1,60,,,,-0.0,1.0,0.0,0.0,0.0,1.0
socs,SOCS1,61,,,,-0.0,1.0,0.0,0.0,0.0,1.0
socs,SOCS1,62,,,,-0.0,1.0,0.0,0.0,0.0,1.0
socs,SOCS1,63,,,,-0.0,1.0,0.0,0.0,0.0,1.0
socs,SOCS1,64,,,,-0.0,1.0,0.0,0.0,0.0,1.0
socs,SOCS1,65,,,,-0.0,1.0,0.0,0.0,0.0,1.0
socs,SOCS1,66,65,R,KIR,3.2604,0.2456,0.2362,0.2141,0.296,0.031
socs,SOCS1,67,66,R,KIR,2.2817,0.4721,0.4077,0.3885,0.4372,0.0023
socs,SOCS1,68,67,I,ESS,0.9339,0.7839,0.7126,0.701,0.7282,0.0023
socs,SOCS1,69,68,T,ESS,2.155,0.5014,0.4406,0.4104,0.5154,0.0023
socs,SOCS1,70,69,R,ESS,2.8512,0.3403,0.3687,0.3415,0.4297,0.0023
socs,SOCS1,71,70,A,ESS,1.0273,0.7623,0.667,0.6331,0.7232,0.0023
socs,SOCS1,72,71,S,ESS,2.695,0.3764,0.398,0.3678,0.4741,0.0023
socs,SOCS1,73,72,A,ESS,2.814,0.3489,0.3168,0.2959,0.3866,0.0018
socs,SOCS1,74,73,L,ESS,2.6482,0.3873,0.4424,0.4141,0.5078,0.0018
socs,SOCS1,75,74,L,ESS,-0.0,1.0,0.7627,0.7598,0.7641,0.0018
socs,SOCS1,76,75,D,ESS,2.3271,0.4616,0.4322,0.3997,0.4967,0.0
socs,SOCS1,77,76,A,ESS,2.9221,0.3239,0.3595,0.3299,0.4255,0.0
socs,SOCS1,78,,,,-0.0,1.0,0.0,0.0,0.0,1.0
socs,SOCS1,79,,,,-0.0,1.0,0.0,0.0,0.0,1.0
socs,SOCS1,80,,,,-0.0,1.0,0.0,0.0,0.0,1.0
socs,SOCS1,81,,,,-0.0,1.0,0.0,0.0,0.0,1.0
socs,SOCS1,82,,,,-0.0,1.0,0.0,0.0,0.0,1.0
socs,SOCS1,83,,,,-0.0,1.0,0.0,0.0,0.0,1.0
socs,SOCS1,84,,,,-0.0,1.0,0.0,0.0,0.0,1.0
socs,SOCS1,85,,,,-0.0,1.0,0.0,0.0,0.0,1.0
socs,SOCS1,86,,,,-0.0,1.0,0.0,0.0,0.0,1.0
socs,SOCS1,87,,,,-0.0,1.0,0.0,0.0,0.0,1.0
socs,SOCS1,88,,,,-0.0,1.0,0.0,0.0,0.0,1.0
socs,SOCS1,89,,,,-0.0,1.0,0.0,0.0,0.0,1.0
socs,SOCS1,90,,,,-0.0,1.0,0.0,0.0,0.0,1.0
socs,SOCS1,91,,,,-0.0,1.0,0.0,0.0,0.0,1.0
socs,SOCS1,92,,,,-0.0,1.0,0.0,0.0,0.0,1.0
socs,SOCS1,93,,,,-0.0,1.0,0.0,0.0,0.0,1.0
socs,SOCS1,94,,,,-0.0,1.0,0.0,0.0,0.0,1.0
socs,SOCS1,95,,,,-0.0,1.0,0.0,0.0,0.0,1.0
socs,SOCS1,96,,,,-0.0,1.0,0.0,0.0,0.0,1.0
socs,SOCS1,97,77,C,ESS,1.0278,0.7622,0.7615,0.7443,0.7868,0.0004
socs,SOCS1,98,,,,-0.0,1.0,0.0,0.0,0.0,1.0
socs,SOCS1,99,,,,-0.0,1.0,0.0,0.0,0.0,1.0
socs,SOCS1,100,78,G,ESS,0.3864,0.9106,0.7274,0.7056,0.754,0.0004
socs,SOCS1,101,79,F,SH2,0.6716,0.8446,0.8181,0.8144,0.8238,0.0
socs,SOCS1,102,80,Y,SH2,-0.0,1.0,0.8992,0.8992,0.8992,0.0
socs,SOCS1,103,81,W,SH2,0.0908,0.979,0.9337,0.9153,0.9536,0.0
socs,SOCS1,104,82,G,SH2,-0.0,1.0,0.8151,0.8151,0.8151,0.0
socs,SOCS1,105,83,P,SH2,0.683,0.842,0.7183,0.6843,0.7699,0.0
socs,SOCS1,106,84,L,SH2,1.2623,0.7079,0.6546,0.6245,0.7203,0.0
socs,SOCS1,107,85,S,SH2,2.3039,0.4669,0.4379,0.4092,0.4945,0.0
socs,SOCS1,108,86,V,SH2,1.1659,0.7302,0.6942,0.6597,0.7519,0.0
socs,SOCS1,109,87,H,SH2,2.1703,0.4978,0.469,0.4368,0.5316,0.0
socs,SOCS1,110,88,G,SH2,2.2643,0.4761,0.4302,0.4034,0.4785,0.0
socs,SOCS1,111,89,A,SH2,-0.0,1.0,0.7964,0.7964,0.7964,0.0
socs,SOCS1,112,90,H,SH2,0.1697,0.9607,0.8808,0.8524,0.9213,0.0
socs,SOCS1,113,91,E,SH2,3.0674,0.2903,0.271,0.2461,0.336,0.0
socs,SOCS1,114,92,R,SH2,2.4035,0.4439,0.4846,0.4558,0.5363,0.0
socs,SOCS1,115,93,L,SH2,-0.0,1.0,0.7627,0.7598,0.7641,0.0018
socs,SOCS1,116,94,R,SH2,2.5776,0.4036,0.3863,0.3606,0.4479,0.0
socs,SOCS1,117,95,A,SH2,3.4013,0.213,0.2045,0.1845,0.2769,0.0
socs,SOCS1,118,96,E,SH2,1.9982,0.5377,0.4636,0.4382,0.5203,0.0
socs,SOCS1,119,97,P,SH2,1.0202,0.764,0.6396,0.6046,0.6966,0.0
socs,SOCS1,120,98,V,SH2,2.4553,0.4319,0.3672,0.3409,0.4204,0.0
socs,SOCS1,121,99,G,SH2,-0.0,1.0,0.8151,0.8151,0.8151,0.0
socs,SOCS1,122,100,T,SH2,0.8276,0.8085,0.7118,0.6902,0.743,0.0
socs,SOCS1,123,101,F,SH2,0.2715,0.9372,0.8395,0.8321,0.8482,0.0
socs,SOCS1,124,102,L,SH2,-0.0,1.0,0.7641,0.7641,0.7641,0.0
socs,SOCS1,125,103,V,SH2,1.0338,0.7608,0.658,0.6392,0.6872,0.0
socs,SOCS1,126,104,R,SH2,-0.0,1.0,0.8491,0.8491,0.8491,0.0
socs,SOCS1,127,105,D,SH2,-0.0,1.0,0.848,0.848,0.848,0.0
socs,SOCS1,128,106,S,SH2,-0.0,1.0,0.8144,0.8144,0.8144,0.0
socs,SOCS1,129,107,R,SH2,2.5689,0.4056,0.4085,0.3823,0.4855,0.0
socs,SOCS1,130,108,Q,SH2,0.159,0.9632,0.8426,0.8218,0.8791,0.0
socs,SOCS1,131,109,R,SH2,2.6072,0.3967,0.3758,0.3437,0.4642,0.0018
socs,SOCS1,132,110,N,SH2,1.2363,0.714,0.7103,0.6792,0.7543,0.0
socs,SOCS1,133,111,C,SH2,1.7186,0.6024,0.6425,0.6217,0.6848,0.0
socs,SOCS1,134,112,F,SH2,0.3403,0.9213,0.8003,0.7674,0.8507,0.0
socs,SOCS1,135,113,F,SH2,0.1195,0.9724,0.8544,0.8446,0.8679,0.0
socs,SOCS1,136,114,A,SH2,1.1738,0.7284,0.6519,0.6301,0.6935,0.0
socs,SOCS1,137,115,L,SH2,0.9874,0.7715,0.624,0.6057,0.6482,0.0
socs,SOCS1,138,116,S,SH2,0.0482,0.9888,0.8015,0.7862,0.8144,0.0
socs,SOCS1,139,117,V,SH2,1.2095,0.7201,0.7061,0.6748,0.7565,0.0
socs,SOCS1,140,118,K,SH2,2.2189,0.4866,0.5559,0.5282,0.607,0.0
socs,SOCS1,141,119,M,SH2,2.4851,0.425,0.4488,0.4321,0.4836,0.0
socs,SOCS1,142,120,A,SH2,2.8204,0.3474,0.3075,0.2828,0.3702,0.0
socs,SOCS1,143,121,S,SH2,2.7198,0.3707,0.3433,0.3141,0.4065,0.0
socs,SOCS1,144,122,G,SH2,0.6928,0.8397,0.6626,0.6229,0.7517,0.0
socs,SOCS1,145,123,P,SH2,0.3625,0.9161,0.7813,0.7565,0.8179,0.0
socs,SOCS1,146,124,T,SH2,1.5659,0.6377,0.578,0.5438,0.6497,0.0
socs,SOCS1,147,125,S,SH2,0.2609,0.9396,0.7698,0.7538,0.7995,0.0
socs,SOCS1,148,126,I,SH2,1.2557,0.7095,0.6561,0.629,0.7155,0.0
socs,SOCS1,149,127,R,SH2,0.0696,0.9839,0.8284,0.8026,0.8491,0.0
socs,SOCS1,150,128,V,SH2,1.2067,0.7208,0.6534,0.625,0.6969,0.0
socs,SOCS1,151,129,H,SH2,3.0825,0.2868,0.2999,0.275,0.3678,0.0
socs,SOCS1,152,130,F,SH2,1.5993,0.6299,0.6374,0.6171,0.6666,0.0
socs,SOCS1,153,131,Q,SH2,2.5592,0.4078,0.4456,0.4183,0.5134,0.0
socs,SOCS1,154,132,A,SH2,3.0302,0.2989,0.3085,0.2901,0.3461,0.0
socs,SOCS1,155,133,G,SH2,2.3444,0.4575,0.4276,0.4044,0.4722,0.0
socs,SOCS1,156,134,R,SH2,2.5206,0.4168,0.4202,0.3927,0.474,0.0
socs,SOCS1,157,135,F,SH2,-0.0,1.0,0.8758,0.8758,0.8758,0.0
socs,SOCS1,158,136,H,SH2,1.7541,0.5941,0.5504,0.5272,0.6036,0.0
socs,SOCS1,159,137,L,SH2,0.1231,0.9715,0.7402,0.722,0.7641,0.0
socs,SOCS1,160,138,D,SH2,2.9265,0.3229,0.3369,0.3117,0.4111,0.0
socs,SOCS1,161,139,G,SH2,0.3019,0.9302,0.7568,0.7259,0.8151,0.0
socs,SOCS1,162,140,S,SH2,0.7536,0.8256,0.67,0.6197,0.7261,0.0411
socs,SOCS1,163,141,R,SH2,2.6207,0.3936,0.4025,0.3661,0.4645,0.0411
socs,SOCS1,164,142,E,SH2,2.1775,0.4962,0.4938,0.4527,0.586,0.0
socs,SOCS1,165,143,S,SH2,1.9706,0.544,0.5005,0.4666,0.5702,0.0
socs,SOCS1,166,144,F,SH2,0.2385,0.9448,0.8227,0.788,0.8758,0.0
socs,SOCS1,167,145,D,SH2,2.1525,0.502,0.4612,0.4296,0.5154,0.0
socs,SOCS1,168,146,C,SH2,1.5653,0.6378,0.6875,0.6666,0.7171,0.0
socs,SOCS1,169,147,L,SH2,0.7883,0.8176,0.6133,0.5809,0.6789,0.0
socs,SOCS1,170,148,F,SH2,0.4945,0.8856,0.776,0.7385,0.8473,0.0
socs,SOCS1,171,149,E,SH2,2.4212,0.4398,0.385,0.3588,0.4442,0.0
socs,SOCS1,172,150,L,SH2,0.1286,0.9703,0.7449,0.7364,0.7641,0.0
socs,SOCS1,173,151,L,SH2,0.3916,0.9094,0.6833,0.6573,0.7275,0.0
socs,SOCS1,174,152,E,SH2,1.8749,0.5662,0.4531,0.4164,0.5393,0.0
socs,SOCS1,175,153,H,SH2,1.456,0.6631,0.7312,0.6882,0.7929,0.0
socs,SOCS1,176,154,Y,SH2,0.4851,0.8878,0.8051,0.7627,0.8773,0.0
socs,SOCS1,177,155,V,SH2,2.521,0.4167,0.414,0.3911,0.4565,0.0
socs,SOCS1,178,156,A,SH2,2.939,0.32,0.2689,0.2473,0.3388,0.0
socs,SOCS1,179,157,A,SH2,1.3377,0.6905,0.5505,0.5145,0.6319,0.0134
socs,SOCS1,180,158,P,SH2,0.8409,0.8054,0.5127,0.4635,0.5956,0.2517
socs,SOCS1,181,159,R,SH2,2.3427,0.4579,0.435,0.3962,0.5143,0.0243
socs,SOCS1,182,160,R,SH2,1.8131,0.5805,0.5914,0.5414,0.6864,0.0243
socs,SOCS1,183,161,M,SH2;SOCS_box,2.7432,0.3653,0.3583,0.3289,0.4277,0.0243
socs,SOCS1,184,162,L,SOCS_box,0.4041,0.9065,0.6727,0.6293,0.736,0.0243
socs,SOCS1,185,163,G,SOCS_box,2.6662,0.3831,0.3428,0.3126,0.3911,0.0243
socs,SOCS1,186,164,A,SOCS_box,3.1792,0.2644,0.244,0.2198,0.294,0.0243
socs,SOCS1,187,165,P,SOCS_box,0.2491,0.9424,0.7877,0.7411,0.8267,0.0243
socs,SOCS1,188,166,L,SOCS_box,1.6026,0.6292,0.6287,0.5921,0.668,0.0243
socs,SOCS1,189,167,R,SOCS_box,0.4652,0.8924,0.7665,0.7276,0.8117,0.0243
socs,SOCS1,190,168,Q,SOCS_box,1.6889,0.6092,0.5315,0.4912,0.5956,0.0243
socs,SOCS1,191,169,R,SOCS_box,2.9398,0.3198,0.3805,0.3487,0.4453,0.0243
socs,SOCS1,192,170,R,SOCS_box,2.1217,0.5091,0.45,0.4188,0.5158,0.0
socs,SOCS1,193,,,,-0.0,1.0,0.0,0.0,0.0,1.0
socs,SOCS1,194,171,V,SOCS_box,1.8472,0.5726,0.4395,0.4081,0.5056,0.179
socs,SOCS1,195,172,R,SOCS_box,2.4776,0.4267,0.4787,0.4428,0.5454,0.0
socs,SOCS1,196,173,P,SOCS_box,2.4993,0.4217,0.4516,0.431,0.5001,0.0
socs,SOCS1,197,174,L,SOCS_box,-0.0,1.0,0.7641,0.7641,0.7641,0.0
socs,SOCS1,198,175,Q,SOCS_box,0.8825,0.7958,0.727,0.6941,0.7782,0.0
socs,SOCS1,199,176,E,SOCS_box,1.2131,0.7193,0.6902,0.6723,0.7203,0.0
socs,SOCS1,200,177,L,SOCS_box,0.9655,0.7766,0.6459,0.6224,0.6869,0.0
socs,SOCS1,201,178,C,SOCS_box,0.6068,0.8596,0.7938,0.7519,0.8795,0.0
socs,SOCS1,202,179,R,SOCS_box,-0.0,1.0,0.8491,0.8491,0.8491,0.0
socs,SOCS1,203,180,Q,SOCS_box,1.6023,0.6293,0.6096,0.5759,0.6562,0.0
socs,SOCS1,204,181,R,SOCS_box,2.2209,0.4861,0.4514,0.4242,0.5119,0.0
socs,SOCS1,205,182,I,SOCS_box,1.456,0.6631,0.5937,0.5726,0.6252,0.0
socs,SOCS1,206,183,V,SOCS_box,1.9372,0.5518,0.5375,0.5099,0.5817,0.0
socs,SOCS1,207,184,A,SOCS_box,2.8845,0.3326,0.2904,0.2595,0.3736,0.0
socs,SOCS1,208,185,T,SOCS_box,2.1858,0.4943,0.43,0.4073,0.4757,0.0
socs,SOCS1,209,186,V,SOCS_box,2.5034,0.4208,0.5576,0.531,0.6042,0.0
socs,SOCS1,210,187,G,SOCS_box,0.3852,0.9109,0.7125,0.6783,0.7598,0.0065
socs,SOCS1,211,188,R,SOCS_box,2.4106,0.4422,0.3937,0.3622,0.4691,0.0105
socs,SOCS1,212,189,E,SOCS_box,2.2103,0.4886,0.4347,0.41,0.4861,0.0037
socs,SOCS1,213,190,N,SOCS_box,2.8923,0.3308,0.3386,0.3186,0.3928,0.0088
socs,SOCS1,214,191,L,SOCS_box,1.7353,0.5985,0.5271,0.5019,0.5669,0.0039
socs,SOCS1,215,192,A,SOCS_box,3.1043,0.2817,0.2761,0.254,0.329,0.0
socs,SOCS1,216,193,R,SOCS_box,2.9449,0.3186,0.3506,0.3261,0.4121,0.0
socs,SOCS1,217,194,I,SOCS_box,1.4163,0.6723,0.5662,0.5422,0.6068,0.0
socs,SOCS1,218,195,P,SOCS_box,0.4825,0.8884,0.7591,0.7297,0.8169,0.0
socs,SOCS1,219,196,L,SOCS_box,1.9773,0.5425,0.4219,0.3961,0.4667,0.0687
socs,SOCS1,220,197,N,SOCS_box,1.9712,0.5439,0.5459,0.5108,0.6247,0.0
socs,SOCS1,221,198,P,SOCS_box,2.722,0.3702,0.3655,0.3398,0.4426,0.0
socs,SOCS1,222,199,V,SOCS_box,2.1202,0.5094,0.4144,0.3766,0.5247,0.0
socs,SOCS1,223,200,L,SOCS_box,1.6802,0.6112,0.4807,0.4496,0.5461,0.0
socs,SOCS1,224,201,R,SOCS_box,1.6686,0.6139,0.5915,0.5643,0.6377,0.0
socs,SOCS1,225,202,D,SOCS_box,2.1501,0.5025,0.4405,0.4112,0.5167,0.0
socs,SOCS1,226,203,Y,SOCS_box,1.0753,0.7512,0.7765,0.7509,0.8134,0.0
socs,SOCS1,227,204,L,SOCS_box,1.029,0.7619,0.6054,0.5853,0.6436,0.0
socs,SOCS1,228,205,S,SOCS_box,3.4518,0.2013,0.258,0.2422,0.3132,0.0
socs,SOCS1,229,206,S,SOCS_box,2.3519,0.4558,0.3809,0.3527,0.4511,0.0
socs,SOCS1,230,207,F,SOCS_box,0.9035,0.7909,0.811,0.8099,0.8134,0.0
socs,SOCS1,231,208,P,SOCS_box,0.1351,0.9687,0.8316,0.8097,0.8618,0.0
socs,SOCS1,232,209,F,SOCS_box,1.5895,0.6322,0.7368,0.7178,0.7587,0.0
socs,SOCS1,233,210,Q,SOCS_box,2.8257,0.3462,0.4258,0.3963,0.4919,0.0
socs,SOCS1,234,211,I,,1.3657,0.684,0.5802,0.5516,0.6406,0.0
socs,SOCS3,0,,,,-0.0,1.0,0.0367,0.0,0.1064,0.952
socs,SOCS3,1,,,,-0.0,1.0,0.0,0.0,0.0,1.0
socs,SOCS3,2,,,,-0.0,1.0,0.0,0.0,0.0,1.0
socs,SOCS3,3,,,,-0.0,1.0,0.0,0.0,0.0,1.0
socs,SOCS3,4,,,,-0.0,1.0,0.0,0.0,0.0,1.0
socs,SOCS3,5,,,,-0.0,1.0,0.0,0.0,0.0,1.0
socs,SOCS3,6,,,,-0.0,1.0,0.0,0.0,0.0,1.0
socs,SOCS3,7,,,,-0.0,1.0,0.0,0.0,0.0,1.0
socs,SOCS3,8,,,,-0.0,1.0,0.0,0.0,0.0,1.0
socs,SOCS3,9,,,,-0.0,1.0,0.0,0.0,0.0,1.0
socs,SOCS3,10,,,,-0.0,1.0,0.0366,0.0,0.1097,0.955
socs,SOCS3,11,,,,-0.0,1.0,0.0388,0.0,0.1161,0.955
socs,SOCS3,12,,,,-0.0,1.0,0.0344,0.0,0.1029,0.955
socs,SOCS3,13,,,,-0.0,1.0,0.0366,0.0,0.1097,0.955
socs,SOCS3,14,,,,-0.0,1.0,0.0358,0.0,0.1073,0.955
socs,SOCS3,15,,,,-0.0,1.0,0.0382,0.0,0.1144,0.955
socs,SOCS3,16,,,,-0.0,1.0,0.0358,0.0,0.1073,0.955
socs,SOCS3,17,,,,-0.0,1.0,0.0,0.0,0.0,1.0
socs,SOCS3,18,,,,-0.0,1.0,0.0,0.0,0.0,1.0
socs,SOCS3,19,,,,-0.0,1.0,0.0,0.0,0.0,1.0
socs,SOCS3,20,,,,-0.0,1.0,0.0,0.0,0.0,1.0
socs,SOCS3,21,,,,-0.0,1.0,0.0,0.0,0.0,1.0
socs,SOCS3,22,,,,-0.0,1.0,0.0,0.0,0.0,1.0
socs,SOCS3,23,,,,-0.0,1.0,0.0366,0.0,0.1097,0.955
socs,SOCS3,24,,,,-0.0,1.0,0.0388,0.0,0.1161,0.955
socs,SOCS3,25,,,,-0.0,1.0,0.038,0.0,0.1137,0.955
socs,SOCS3,26,,,,-0.0,1.0,0.0388,0.0,0.1161,0.955
socs,SOCS3,27,,,,-0.0,1.0,0.0366,0.0,0.1097,0.955
socs,SOCS3,28,,,,-0.0,1.0,0.0,0.0,0.0,1.0
socs,SOCS3,29,,,,-0.0,1.0,0.0,0.0,0.0,1.0
socs,SOCS3,30,,,,-0.0,1.0,0.0,0.0,0.0,1.0
socs,SOCS3,31,,,,-0.0,1.0,0.0,0.0,0.0,1.0
socs,SOCS3,32,,,,-0.0,1.0,0.0,0.0,0.0,1.0
socs,SOCS3,33,,,,-0.0,1.0,0.0,0.0,0.0,1.0
socs,SOCS3,34,,,,-0.0,1.0,0.0,0.0,0.0,1.0
socs,SOCS3,35,,,,-0.0,1.0,0.0,0.0,0.0,1.0
socs,SOCS3,36,,,,-0.0,1.0,0.0,0.0,0.0,1.0
socs,SOCS3,37,,,,-0.0,1.0,0.0424,0.0,0.1268,0.955
socs,SOCS3,38,,,,-0.0,1.0,0.0388,0.0,0.1161,0.955
socs,SOCS3,39,,,,-0.0,1.0,0.0366,0.0,0.1097,0.955
socs,SOCS3,40,,,,0.637,0.8526,0.0427,0.0,0.1156,0.9464
socs,SOCS3,41,,,,2.0169,0.5333,0.2629,0.219,0.3207,0.452
socs,SOCS3,42,18,T,,2.2627,0.4765,0.4148,0.3693,0.4944,0.1187
socs,SOCS3,43,20,L,,2.2714,0.4745,0.5149,0.4783,0.6066,0.0153
socs,SOCS3,44,21,R,,1.4093,0.6739,0.6959,0.6669,0.7745,0.0153
socs,SOCS3,45,22,L,KIR,1.806,0.5821,0.5914,0.5635,0.6698,0.0088
socs,SOCS3,46,23,K,KIR,0.5808,0.8656,0.7124,0.6747,0.7873,0.0088
socs,SOCS3,47,,,,-0.0,1.0,0.0344,0.0,0.1029,0.955
socs,SOCS3,48,,,,-0.0,1.0,0.0424,0.0,0.1268,0.955
socs,SOCS3,49,24,T,KIR,1.6404,0.6205,0.5303,0.4894,0.6573,0.0088
socs,SOCS3,50,25,F,KIR,0.2147,0.9503,0.8232,0.7961,0.8682,0.0088
socs,SOCS3,51,26,S,KIR,2.1204,0.5094,0.4514,0.4149,0.5479,0.0108
socs,SOCS3,52,27,S,KIR,0.735,0.8299,0.6821,0.6551,0.7546,0.0118
socs,SOCS3,53,28,K,KIR,2.2285,0.4844,0.418,0.3756,0.5083,0.097
socs,SOCS3,54,29,S,KIR,2.8925,0.3307,0.2327,0.2015,0.3091,0.1474
socs,SOCS3,55,30,E,KIR,1.7393,0.5976,0.609,0.5541,0.7108,0.0592
socs,SOCS3,56,31,Y,KIR,1.1302,0.7385,0.691,0.6235,0.7762,0.0592
socs,SOCS3,57,,,,-0.0,1.0,0.0,0.0,0.0,1.0
socs,SOCS3,58,,,,-0.0,1.0,0.0,0.0,0.0,1.0
socs,SOCS3,59,,,,-0.0,1.0,0.0,0.0,0.0,1.0
socs,SOCS3,60,,,,-0.0,1.0,0.0,0.0,0.0,1.0
socs,SOCS3,61,,,,-0.0,1.0,0.0,0.0,0.0,1.0
socs,SOCS3,62,,,,-0.0,1.0,0.0,0.0,0.0,1.0
socs,SOCS3,63,,,,-0.0,1.0,0.0,0.0,0.0,1.0
socs,SOCS3,64,,,,-0.0,1.0,0.0,0.0,0.0,1.0
socs,SOCS3,65,,,,-0.0,1.0,0.0,0.0,0.0,1.0
socs,SOCS3,66,32,Q,KIR,1.7506,0.595,0.5322,0.5004,0.6573,0.0102
socs,SOCS3,67,33,L,KIR,1.8581,0.5701,0.5934,0.5592,0.6743,0.0045
socs,SOCS3,68,34,V,ESS,0.3612,0.9164,0.7413,0.7106,0.7816,0.0045
socs,SOCS3,69,35,V,ESS,2.4877,0.4244,0.4128,0.392,0.5028,0.0045
socs,SOCS3,70,36,N,ESS,3.2188,0.2552,0.2669,0.2516,0.3335,0.0045
socs,SOCS3,71,37,A,ESS,1.5068,0.6514,0.586,0.5555,0.6434,0.0099
socs,SOCS3,72,38,V,ESS,1.8663,0.5682,0.512,0.49,0.5524,0.0041
socs,SOCS3,73,39,R,ESS,2.1838,0.4947,0.5335,0.5046,0.6542,0.0041
socs,SOCS3,74,40,K,ESS,1.1506,0.7338,0.648,0.6056,0.7464,0.0041
socs,SOCS3,75,41,L,ESS,-0.0,1.0,0.761,0.757,0.7635,0.0041
socs,SOCS3,76,42,Q,ESS,1.6493,0.6184,0.5749,0.5486,0.6691,0.0041
socs,SOCS3,77,43,E,ESS,0.9764,0.7741,0.64,0.6081,0.7329,0.0041
socs,SOCS3,78,,,,-0.0,1.0,0.0,0.0,0.0,1.0
socs,SOCS3,79,,,,-0.0,1.0,0.0,0.0,0.0,1.0
socs,SOCS3,80,,,,-0.0,1.0,0.0,0.0,0.0,1.0
socs,SOCS3,81,,,,-0.0,1.0,0.0,0.0,0.0,1.0
socs,SOCS3,82,,,,-0.0,1.0,0.0,0.0,0.0,1.0
socs,SOCS3,83,,,,-0.0,1.0,0.0,0.0,0.0,1.0
socs,SOCS3,84,,,,-0.0,1.0,0.0,0.0,0.0,1.0
socs,SOCS3,85,,,,-0.0,1.0,0.0,0.0,0.0,1.0
socs,SOCS3,86,,,,-0.0,1.0,0.0,0.0,0.0,1.0
socs,SOCS3,87,,,,-0.0,1.0,0.0,0.0,0.0,1.0
socs,SOCS3,88,,,,-0.0,1.0,0.0,0.0,0.0,1.0
socs,SOCS3,89,,,,-0.0,1.0,0.0,0.0,0.0,1.0
socs,SOCS3,90,,,,-0.0,1.0,0.0,0.0,0.0,1.0
socs,SOCS3,91,,,,-0.0,1.0,0.0,0.0,0.0,1.0
socs,SOCS3,92,,,,-0.0,1.0,0.0,0.0,0.0,1.0
socs,SOCS3,93,,,,-0.0,1.0,0.0,0.0,0.0,1.0
socs,SOCS3,94,,,,-0.0,1.0,0.0,0.0,0.0,1.0
socs,SOCS3,95,,,,-0.0,1.0,0.0,0.0,0.0,1.0
socs,SOCS3,96,,,,-0.0,1.0,0.0,0.0,0.0,1.0
socs,SOCS3,97,44,S,ESS,0.3946,0.9087,0.7767,0.7638,0.791,0.0041
socs,SOCS3,98,,,,-0.0,1.0,0.0,0.0,0.0,1.0
socs,SOCS3,99,,,,-0.0,1.0,0.0,0.0,0.0,1.0
socs,SOCS3,100,45,G,ESS,0.4443,0.8972,0.7354,0.7128,0.7769,0.0041
socs,SOCS3,101,46,F,SH2,0.2786,0.9355,0.8355,0.8183,0.8747,0.0041
socs,SOCS3,102,47,Y,SH2,0.2593,0.94,0.8544,0.8408,0.8796,0.0041
socs,SOCS3,103,48,W,SH2,0.4688,0.8915,0.8764,0.8541,0.9182,0.0041
socs,SOCS3,104,49,S,SH2,1.4501,0.6645,0.5892,0.5662,0.6207,0.0041
socs,SOCS3,105,50,A,SH2,1.8149,0.5801,0.5569,0.5442,0.5851,0.0041
socs,SOCS3,106,51,V,SH2,1.759,0.593,0.5742,0.5487,0.6462,0.0041
socs,SOCS3,107,52,T,SH2,1.9032,0.5596,0.5459,0.5268,0.6026,0.0041
socs,SOCS3,108,53,G,SH2,-0.0,1.0,0.8118,0.8076,0.8144,0.0041
socs,SOCS3,109,54,G,SH2,2.2418,0.4813,0.4293,0.4076,0.53,0.0041
socs,SOCS3,110,55,E,SH2,1.1301,0.7385,0.6793,0.6626,0.7198,0.0041
socs,SOCS3,111,56,A,SH2,-0.0,1.0,0.7931,0.789,0.7957,0.0041
socs,SOCS3,112,57,N,SH2,1.6114,0.6272,0.6047,0.5761,0.6841,0.0041
socs,SOCS3,113,58,L,SH2,2.8944,0.3303,0.2479,0.2325,0.324,0.0041
socs,SOCS3,114,59,L,SH2,1.2749,0.705,0.5846,0.547,0.6714,0.0041
socs,SOCS3,115,60,L,SH2,-0.0,1.0,0.7627,0.7615,0.7637,0.0019
socs,SOCS3,116,61,S,SH2,2.0368,0.5287,0.4593,0.4332,0.5355,0.0027
socs,SOCS3,117,62,A,SH2,2.7455,0.3648,0.3374,0.3188,0.4142,0.0027
socs,SOCS3,118,63,E,SH2,0.9302,0.7848,0.7165,0.6984,0.749,0.0027
socs,SOCS3,119,64,P,SH2,1.9103,0.558,0.4653,0.4249,0.5363,0.0027
socs,SOCS3,120,65,A,SH2,2.3635,0.4531,0.439,0.4158,0.4801,0.0027
socs,SOCS3,121,66,G,SH2,-0.0,1.0,0.8129,0.8103,0.8145,0.0027
socs,SOCS3,122,67,T,SH2,0.5717,0.8677,0.7237,0.6795,0.836,0.0011
socs,SOCS3,123,68,F,SH2,-0.0,1.0,0.8748,0.8724,0.8758,0.0011
socs,SOCS3,124,69,L,SH2,-0.0,1.0,0.7633,0.7611,0.7641,0.0011
socs,SOCS3,125,70,I,SH2,1.0367,0.7601,0.6813,0.6519,0.7212,0.0011
socs,SOCS3,126,71,R,SH2,-0.0,1.0,0.8481,0.8457,0.8491,0.0011
socs,SOCS3,127,72,D,SH2,0.3337,0.9228,0.7877,0.7676,0.8168,0.0
socs,SOCS3,128,73,S,SH2,-0.0,1.0,0.8144,0.8144,0.8144,0.0
socs,SOCS3,129,74,S,SH2,0.3519,0.9186,0.7455,0.7223,0.7826,0.0
socs,SOCS3,130,75,D,SH2,-0.0,1.0,0.848,0.848,0.848,0.0
socs,SOCS3,131,76,Q,SH2,2.3286,0.4612,0.5756,0.5406,0.652,0.0
socs,SOCS3,132,77,R,SH2,1.2123,0.7195,0.7496,0.7382,0.7704,0.0
socs,SOCS3,133,78,H,SH2,0.524,0.8788,0.8682,0.8597,0.8806,0.0
socs,SOCS3,134,79,F,SH2,1.1389,0.7365,0.6724,0.6422,0.7365,0.0
socs,SOCS3,135,80,F,SH2,0.2905,0.9328,0.838,0.8259,0.8603,0.0
socs,SOCS3,136,81,T,SH2,0.5801,0.8658,0.7255,0.6903,0.7876,0.0
socs,SOCS3,137,82,L,SH2,0.2691,0.9377,0.7031,0.6632,0.7641,0.0
socs,SOCS3,138,83,S,SH2,0.1113,0.9742,0.7859,0.7647,0.8144,0.0
socs,SOCS3,139,84,V,SH2,0.6785,0.843,0.6839,0.6488,0.7852,0.0
socs,SOCS3,140,85,K,SH2,1.1227,0.7402,0.6921,0.6774,0.7317,0.0
socs,SOCS3,141,86,T,SH2,-0.0,1.0,0.8439,0.8439,0.8439,0.0
socs,SOCS3,142,87,Q,SH2,2.6947,0.3765,0.3371,0.3143,0.4289,0.0
socs,SOCS3,143,88,S,SH2,2.4304,0.4377,0.4056,0.3853,0.4872,0.0
socs,SOCS3,144,89,G,SH2,0.1167,0.973,0.7892,0.7727,0.8151,0.0
socs,SOCS3,145,90,T,SH2,1.0116,0.7659,0.6743,0.6398,0.7777,0.0
socs,SOCS3,146,91,K,SH2,1.0014,0.7683,0.6936,0.6754,0.7668,0.0
socs,SOCS3,147,92,N,SH2,0.3469,0.9197,0.806,0.775,0.8549,0.0
socs,SOCS3,148,93,L,SH2,0.4236,0.902,0.6945,0.673,0.7309,0.0
socs,SOCS3,149,94,R,SH2,-0.0,1.0,0.8491,0.8491,0.8491,0.0
socs,SOCS3,150,95,I,SH2,0.4459,0.8968,0.7563,0.738,0.7814,0.0
socs,SOCS3,151,96,Q,SH2,1.1198,0.7409,0.7251,0.6887,0.7961,0.0
socs,SOCS3,152,97,C,SH2,1.633,0.6222,0.6254,0.5834,0.7622,0.0003
socs,SOCS3,153,98,E,SH2,1.592,0.6317,0.6067,0.5755,0.6989,0.0003
socs,SOCS3,154,99,G,SH2,2.761,0.3612,0.325,0.3086,0.3759,0.0003
socs,SOCS3,155,100,G,SH2,2.8173,0.3481,0.3506,0.3289,0.435,0.0003
socs,SOCS3,156,101,S,SH2,1.488,0.6557,0.5378,0.5047,0.6263,0.0003
socs,SOCS3,157,102,F,SH2,-0.0,1.0,0.8755,0.8748,0.8758,0.0003
socs,SOCS3,158,103,S,SH2,2.2886,0.4705,0.5471,0.5183,0.6228,0.0003
socs,SOCS3,159,104,L,SH2,0.2315,0.9464,0.7368,0.7275,0.7641,0.0003
socs,SOCS3,160,105,Q,SH2,1.1128,0.7425,0.6906,0.6527,0.7884,0.0003
socs,SOCS3,161,106,S,SH2,1.7265,0.6005,0.574,0.5451,0.6387,0.0003
socs,SOCS3,162,107,D,SH2,0.7134,0.8349,0.6882,0.636,0.8157,0.0003
socs,SOCS3,163,108,P,SH2,1.26,0.7085,0.6071,0.568,0.7072,0.0003
socs,SOCS3,164,109,R,SH2,2.5468,0.4107,0.4624,0.4387,0.5455,0.0003
socs,SOCS3,165,110,S,SH2,2.2078,0.4892,0.4684,0.4403,0.5916,0.0003
socs,SOCS3,166,117,F,SH2,0.0712,0.9835,0.8563,0.8334,0.8758,0.0003
socs,SOCS3,167,118,D,SH2,1.1635,0.7308,0.6106,0.5663,0.7709,0.0003
socs,SOCS3,168,119,C,SH2,-0.0,1.0,0.9411,0.9404,0.9414,0.0003
socs,SOCS3,169,120,V,SH2,0.4341,0.8996,0.7518,0.7364,0.7747,0.0003
socs,SOCS3,170,121,L,SH2,0.4305,0.9004,0.6936,0.6706,0.7641,0.0003
socs,SOCS3,171,122,K,SH2,0.6714,0.8447,0.7265,0.6963,0.8141,0.0003
socs,SOCS3,172,123,L,SH2,0.066,0.9847,0.7485,0.736,0.7641,0.0003
socs,SOCS3,173,124,V,SH2,1.2366,0.7139,0.6411,0.6076,0.6868,0.0032
socs,SOCS3,174,125,H,SH2,2.3144,0.4645,0.4732,0.4476,0.5625,0.0003
socs,SOCS3,175,126,H,SH2,1.281,0.7036,0.7854,0.7759,0.8045,0.0003
socs,SOCS3,176,127,Y,SH2,0.0925,0.9786,0.8789,0.8601,0.8992,0.0003
socs,SOCS3,177,128,M,SH2,0.8311,0.8077,0.742,0.6839,0.8724,0.0003
socs,SOCS3,178,130,P,SH2,3.1072,0.2811,0.2589,0.2359,0.3421,0.0169
socs,SOCS3,179,131,P,SH2,2.1004,0.514,0.0845,0.0631,0.1163,0.8352
socs,SOCS3,180,148,P,SH2,2.335,0.4597,0.2475,0.2068,0.3139,0.4162
socs,SOCS3,181,162,R,SH2,2.1324,0.5066,0.3002,0.2521,0.379,0.3942
socs,SOCS3,182,163,R,SH2,2.5245,0.4159,0.3531,0.3114,0.4235,0.1532
socs,SOCS3,183,164,A,SH2;SOCS_box,2.8501,0.3406,0.2887,0.2535,0.3669,0.1532
socs,SOCS3,184,178,L,SOCS_box,-0.0,1.0,0.7641,0.7641,0.7641,0.0
socs,SOCS3,185,179,S,SOCS_box,2.6186,0.3941,0.3543,0.3376,0.4357,0.0
socs,SOCS3,186,180,R,SOCS_box,1.318,0.695,0.6798,0.665,0.7345,0.0
socs,SOCS3,187,181,P,SOCS_box,-0.0,1.0,0.8618,0.8618,0.8618,0.0
socs,SOCS3,188,182,L,SOCS_box,0.4626,0.893,0.6805,0.6561,0.7202,0.0
socs,SOCS3,189,183,S,SOCS_box,2.4078,0.4429,0.3966,0.3775,0.4816,0.0
socs,SOCS3,190,184,S,SOCS_box,2.3794,0.4495,0.4862,0.4536,0.5651,0.0033
socs,SOCS3,191,,,SOCS_box,-0.0,1.0,0.0388,0.0,0.1161,0.955
socs,SOCS3,192,185,N,SOCS_box,1.9536,0.548,0.5112,0.4789,0.6036,0.0
socs,SOCS3,193,,,,-0.0,1.0,0.0,0.0,0.0,1.0
socs,SOCS3,194,186,V,SOCS_box,2.0552,0.5245,0.508,0.4791,0.5816,0.0
socs,SOCS3,195,187,A,SOCS_box,1.3869,0.6791,0.5706,0.5374,0.6834,0.0
socs,SOCS3,196,188,T,SOCS_box,1.1101,0.7432,0.6924,0.6712,0.7219,0.0
socs,SOCS3,197,189,L,SOCS_box,-0.0,1.0,0.7641,0.7641,0.7641,0.0
socs,SOCS3,198,190,Q,SOCS_box,0.3729,0.9137,0.8159,0.7981,0.8427,0.0
socs,SOCS3,199,191,H,SOCS_box,0.5182,0.8801,0.8345,0.7967,0.9213,0.0
socs,SOCS3,200,192,L,SOCS_box,0.5397,0.8751,0.6846,0.669,0.7095,0.0
socs,SOCS3,201,193,C,SOCS_box,-0.0,1.0,0.9414,0.9414,0.9414,0.0
socs,SOCS3,202,194,R,SOCS_box,0.2778,0.9357,0.7976,0.7671,0.8491,0.0
socs,SOCS3,203,195,K,SOCS_box,0.8772,0.797,0.7283,0.7138,0.7513,0.0
socs,SOCS3,204,196,T,SOCS_box,1.0174,0.7646,0.6646,0.6374,0.7224,0.0
socs,SOCS3,205,197,V,SOCS_box,1.2987,0.6995,0.6117,0.5986,0.6408,0.0
socs,SOCS3,206,198,N,SOCS_box,0.7767,0.8203,0.7421,0.7031,0.8712,0.0
socs,SOCS3,207,,,SOCS_box,0.9944,0.7699,0.0654,0.0,0.1492,0.9118
socs,SOCS3,208,,,SOCS_box,-0.0,1.0,0.0441,0.0,0.1278,0.952
socs,SOCS3,209,,,SOCS_box,-0.0,1.0,0.0,0.0,0.0,1.0
socs,SOCS3,210,,,SOCS_box,-0.0,1.0,0.0,0.0,0.0,1.0
socs,SOCS3,211,,,SOCS_box,-0.0,1.0,0.0,0.0,0.0,1.0
socs,SOCS3,212,,,SOCS_box,-0.0,1.0,0.0,0.0,0.0,1.0
socs,SOCS3,213,200,H,SOCS_box,2.2151,0.4875,0.5013,0.4736,0.6296,0.0
socs,SOCS3,214,201,L,SOCS_box,1.902,0.5599,0.383,0.3623,0.475,0.1174
socs,SOCS3,215,202,D,SOCS_box,1.9144,0.5571,0.4363,0.4068,0.5629,0.1019
socs,SOCS3,216,206,K,SOCS_box,2.1469,0.5033,0.4462,0.4139,0.5436,0.0023
socs,SOCS3,217,207,V,SOCS_box,2.7565,0.3622,0.3619,0.3372,0.4456,0.0
socs,SOCS3,218,208,T,SOCS_box,2.5818,0.4026,0.4133,0.3884,0.5272,0.0
socs,SOCS3,219,210,L,SOCS_box,0.5514,0.8724,0.666,0.6372,0.7515,0.0
socs,SOCS3,220,211,P,SOCS_box,0.2778,0.9357,0.8061,0.771,0.8618,0.0
socs,SOCS3,221,212,G,SOCS_box,2.9795,0.3106,0.3273,0.3005,0.432,0.0
socs,SOCS3,222,213,P,SOCS_box,2.3137,0.4647,0.4485,0.4201,0.5533,0.0
socs,SOCS3,223,214,I,SOCS_box,1.3281,0.6927,0.6001,0.5889,0.6207,0.0
socs,SOCS3,224,215,R,SOCS_box,1.7064,0.6052,0.6215,0.5843,0.6816,0.0
socs,SOCS3,225,216,E,SOCS_box,1.5981,0.6302,0.6148,0.598,0.6813,0.0
socs,SOCS3,226,217,F,SOCS_box,1.0237,0.7631,0.7147,0.6685,0.8287,0.0
socs,SOCS3,227,218,L,SOCS_box,0.8445,0.8046,0.6458,0.615,0.7339,0.0
socs,SOCS3,228,219,D,SOCS_box,2.3318,0.4605,0.4478,0.3959,0.5516,0.0882
socs,SOCS3,229,220,Q,SOCS_box,1.9245,0.5547,0.5181,0.4625,0.5929,0.0935
socs,SOCS3,230,221,Y,SOCS_box,-0.0,1.0,0.7747,0.6579,0.8939,0.1385
socs,SOCS3,231,224,P,SOCS_box,0.8901,0.794,0.607,0.5294,0.7039,0.1159
socs,SOCS3,232,,,SOCS_box,-0.0,1.0,0.0405,0.0,0.1211,0.955
socs,SOCS3,233,,,SOCS_box,-0.0,1.0,0.0367,0.0,0.1098,0.955
socs,SOCS3,234,225,L,,1.5634,0.6383,0.4781,0.4092,0.5732,0.1425
socs,SOCS2,0,,,,-0.0,1.0,0.0098,0.0,0.0323,0.9872
socs,SOCS2,1,,,,-0.0,1.0,0.0098,0.0,0.0323,0.9872
socs,SOCS2,2,,,,-0.0,1.0,0.0,0.0,0.0,1.0
socs,SOCS2,3,,,,-0.0,1.0,0.0188,0.0,0.0587,0.9782
socs,SOCS2,4,,,,0.9201,0.7871,0.024,0.0,0.0643,0.9672
socs,SOCS2,5,,,,2.6808,0.3797,0.0459,0.0274,0.0893,0.9052
socs,SOCS2,6,,,,2.9122,0.3262,0.0521,0.0373,0.1039,0.856
socs,SOCS2,7,,,,3.013,0.3029,0.0807,0.0635,0.1321,0.7514
socs,SOCS2,8,,,,2.7765,0.3576,0.0942,0.0781,0.149,0.7299
socs,SOCS2,9,,,,3.3,0.2365,0.0706,0.0645,0.1298,0.6877
socs,SOCS2,10,,,,3.199,0.2598,0.0871,0.0702,0.1594,0.5999
socs,SOCS2,11,9,S,,1.9344,0.5524,0.3664,0.3225,0.4492,0.2734
socs,SOCS2,12,13,G,,3.2168,0.2557,0.1556,0.1418,0.2119,0.2644
socs,SOCS2,13,14,E,,3.3009,0.2362,0.211,0.1885,0.2655,0.2507
socs,SOCS2,14,15,G,,3.3476,0.2254,0.121,0.1048,0.1775,0.241
socs,SOCS2,15,17,R,,3.0107,0.3034,0.2067,0.1822,0.2818,0.2828
socs,SOCS2,16,18,S,,3.0911,0.2848,0.1608,0.1453,0.235,0.341
socs,SOCS2,17,25,S,,3.0208,0.301,0.1036,0.0891,0.1487,0.6187
socs,SOCS2,18,,,,2.8892,0.3315,0.0619,0.0518,0.1066,0.8011
socs,SOCS2,19,,,,1.5221,0.6478,0.0232,0.0062,0.05,0.9668
socs,SOCS2,20,,,,0.9267,0.7856,0.0165,0.0,0.0369,0.9761
socs,SOCS2,21,,,,-0.0,1.0,0.0134,0.0,0.0338,0.9843
socs,SOCS2,22,,,,-0.0,1.0,0.0134,0.0,0.0338,0.9843
socs,SOCS2,23,,,,2.5081,0.4197,0.0655,0.0396,0.1201,0.8627
socs,SOCS2,24,,,,3.1701,0.2665,0.0883,0.0826,0.1445,0.6859
socs,SOCS2,25,,,,3.332,0.2291,0.0872,0.0793,0.1464,0.6771
socs,SOCS2,26,,,,0.4721,0.8908,0.2539,0.1881,0.3259,0.672
socs,SOCS2,27,,,,2.7614,0.3611,0.067,0.0551,0.1038,0.8104
socs,SOCS2,28,,,,2.7814,0.3564,0.0557,0.0447,0.091,0.8415
socs,SOCS2,29,,,,1.0377,0.7599,0.0668,0.0409,0.1058,0.913
socs,SOCS2,30,,,,-0.0,1.0,0.012,0.0,0.0386,0.9857
socs,SOCS2,31,,,,-0.0,1.0,0.0118,0.0,0.0379,0.9857
socs,SOCS2,32,,,,-0.0,1.0,0.0,0.0,0.0,1.0
socs,SOCS2,33,,,,-0.0,1.0,0.0,0.0,0.0,1.0
socs,SOCS2,34,,,,-0.0,1.0,0.0,0.0,0.0,1.0
socs,SOCS2,35,,,,-0.0,1.0,0.0114,0.0,0.0368,0.9857
socs,SOCS2,36,,,,-0.0,1.0,0.0,0.0,0.0,1.0
socs,SOCS2,37,,,,1.9305,0.5533,0.0868,0.0547,0.1456,0.8478
socs,SOCS2,38,,,,1.412,0.6733,0.1005,0.0648,0.1614,0.8478
socs,SOCS2,39,,,,2.5567,0.4084,0.0718,0.0536,0.1204,0.8478
socs,SOCS2,40,,,,2.0211,0.5324,0.0736,0.0465,0.1235,0.8601
socs,SOCS2,41,,,,2.1712,0.4976,0.0877,0.0555,0.1501,0.842
socs,SOCS2,42,,,,2.2613,0.4768,0.0581,0.0193,0.1214,0.9023
socs,SOCS2,43,,,,2.1885,0.4936,0.052,0.0221,0.109,0.8866
socs,SOCS2,44,,,,2.5405,0.4122,0.0623,0.0287,0.122,0.8808
socs,SOCS2,45,,,KIR,2.4854,0.4249,0.0696,0.0364,0.1378,0.8547
socs,SOCS2,46,,,KIR,2.3919,0.4466,0.0723,0.0374,0.1357,0.8547
socs,SOCS2,47,,,,1.193,0.724,0.041,0.0086,0.0932,0.9323
socs,SOCS2,48,,,,2.353,0.4556,0.0522,0.0194,0.1096,0.912
socs,SOCS2,49,,,KIR,3.3161,0.2327,0.0705,0.0668,0.1388,0.6192
socs,SOCS2,50,,,KIR,2.7598,0.3614,0.1829,0.1643,0.2593,0.5269
socs,SOCS2,51,26,A,KIR,3.6692,0.151,0.0944,0.0913,0.1646,0.2949
socs,SOCS2,52,29,P,KIR,3.4015,0.213,0.1785,0.1543,0.2357,0.1945
socs,SOCS2,53,30,S,KIR,3.3845,0.2169,0.1767,0.155,0.2629,0.1757
socs,SOCS2,54,31,P,KIR,3.4598,0.1995,0.1672,0.1498,0.2319,0.1463
socs,SOCS2,55,32,Q,KIR,1.8701,0.5673,0.4323,0.3933,0.5137,0.1402
socs,SOCS2,56,33,A,KIR,2.9555,0.3162,0.2302,0.2083,0.2947,0.1085
socs,SOCS2,57,,,,0.957,0.7786,0.0351,0.0,0.0899,0.9555
socs,SOCS2,58,,,,0.957,0.7786,0.0319,0.0,0.0813,0.9555
socs,SOCS2,59,,,,0.957,0.7786,0.0309,0.0,0.0839,0.9555
socs,SOCS2,60,,,,-0.0,1.0,0.0137,0.0,0.0408,0.9832
socs,SOCS2,61,,,,-0.0,1.0,0.0138,0.0,0.0411,0.9832
socs,SOCS2,62,,,,-0.0,1.0,0.0235,0.0,0.0582,0.9718
socs,SOCS2,63,,,,0.9722,0.7751,0.0201,0.0,0.0503,0.9718
socs,SOCS2,64,,,,0.9722,0.7751,0.023,0.0,0.0572,0.9718
socs,SOCS2,65,,,,0.9722,0.7751,0.0186,0.0,0.0471,0.9718
socs,SOCS2,66,34,A,KIR,3.4759,0.1958,0.1536,0.1311,0.2291,0.1071
socs,SOCS2,67,35,R,KIR,2.3383,0.459,0.3456,0.3132,0.4424,0.1085
socs,SOCS2,68,36,L,ESS,2.0354,0.5291,0.3746,0.3387,0.4521,0.1057
socs,SOCS2,69,37,A,ESS,3.2565,0.2465,0.1645,0.1478,0.2357,0.1057
socs,SOCS2,70,38,K,ESS,3.6595,0.1533,0.1218,0.1076,0.1817,0.0742
socs,SOCS2,71,39,A,ESS,2.568,0.4058,0.3456,0.3181,0.4288,0.0579
socs,SOCS2,72,40,L,ESS,3.1643,0.2679,0.2696,0.2517,0.3668,0.0365
socs,SOCS2,73,41,R,ESS,3.1939,0.261,0.2467,0.2275,0.3153,0.0365
socs,SOCS2,74,42,E,ESS,3.2485,0.2484,0.2327,0.2116,0.2889,0.0362
socs,SOCS2,75,43,L,ESS,0.5424,0.8745,0.6297,0.593,0.7137,0.0241
socs,SOCS2,76,44,G,ESS,3.1605,0.2687,0.2609,0.2318,0.3456,0.0233
socs,SOCS2,77,45,Q,ESS,3.4257,0.2074,0.2013,0.1825,0.2696,0.0193
socs,SOCS2,78,,,,1.5811,0.6342,0.0293,0.0,0.0678,0.9572
socs,SOCS2,79,,,,1.5811,0.6342,0.0272,0.0,0.0633,0.9572
socs,SOCS2,80,,,,-0.0,1.0,0.0212,0.0,0.0554,0.9723
socs,SOCS2,81,,,,-0.0,1.0,0.0124,0.0,0.044,0.9851
socs,SOCS2,82,,,,-0.0,1.0,0.0131,0.0,0.0464,0.9851
socs,SOCS2,83,,,,-0.0,1.0,0.0126,0.0,0.0445,0.9851
socs,SOCS2,84,,,,-0.0,1.0,0.0373,0.0,0.082,0.9572
socs,SOCS2,85,,,,1.0,0.7686,0.0221,0.0,0.0568,0.97
socs,SOCS2,86,,,,1.0,0.7686,0.0229,0.0,0.0587,0.97
socs,SOCS2,87,,,,-0.0,1.0,0.025,0.0,0.0632,0.97
socs,SOCS2,88,,,,-0.0,1.0,0.0264,0.0,0.0665,0.97
socs,SOCS2,89,,,,1.0,0.7686,0.0227,0.0,0.0583,0.97
socs,SOCS2,90,,,,-0.0,1.0,0.0259,0.0,0.0652,0.97
socs,SOCS2,91,,,,-0.0,1.0,0.0121,0.0,0.0429,0.9851
socs,SOCS2,92,,,,-0.0,1.0,0.0263,0.0,0.0663,0.97
socs,SOCS2,93,,,,-0.0,1.0,0.0244,0.0,0.0616,0.97
socs,SOCS2,94,,,,1.0,0.7686,0.0245,0.0,0.0622,0.97
socs,SOCS2,95,,,,-0.0,1.0,0.0229,0.0,0.0578,0.97
socs,SOCS2,96,,,,0.8806,0.7962,0.0282,0.0,0.0635,0.9572
socs,SOCS2,97,46,T,ESS,2.0921,0.5159,0.5155,0.4893,0.5723,0.0188
socs,SOCS2,98,,,,-0.0,1.0,0.0026,0.0,0.0086,0.9968
socs,SOCS2,99,,,,0.9968,0.7694,0.0041,0.0,0.0112,0.994
socs,SOCS2,100,47,G,ESS,0.9641,0.7769,0.6504,0.6186,0.7403,0.0101
socs,SOCS2,101,48,W,SH2,1.1718,0.7289,0.7717,0.729,0.8401,0.0082
socs,SOCS2,102,49,Y,SH2,0.1475,0.9659,0.8638,0.8405,0.8946,0.0082
socs,SOCS2,103,50,W,SH2,1.5609,0.6388,0.7885,0.7719,0.8191,0.0068
socs,SOCS2,104,51,G,SH2,1.4991,0.6531,0.5674,0.5399,0.6309,0.0068
socs,SOCS2,105,52,S,SH2,2.7842,0.3558,0.3533,0.3278,0.4252,0.0061
socs,SOCS2,106,53,M,SH2,1.7449,0.5963,0.5559,0.527,0.6189,0.0012
socs,SOCS2,107,54,T,SH2,1.9114,0.5577,0.5224,0.4852,0.5881,0.0012
socs,SOCS2,108,55,V,SH2,2.5883,0.4011,0.4432,0.412,0.5285,0.0012
socs,SOCS2,109,56,N,SH2,3.23,0.2527,0.2338,0.2105,0.3003,0.0012
socs,SOCS2,110,57,E,SH2,1.8286,0.5769,0.5223,0.488,0.5938,0.0012
socs,SOCS2,111,58,A,SH2,0.9002,0.7917,0.6608,0.6346,0.7035,0.0012
socs,SOCS2,112,59,K,SH2,2.4641,0.4299,0.3757,0.3485,0.4601,0.0012
socs,SOCS2,113,60,E,SH2,3.155,0.27,0.2488,0.228,0.3276,0.0
socs,SOCS2,114,61,K,SH2,2.5641,0.4067,0.3405,0.3181,0.4204,0.0
socs,SOCS2,115,62,L,SH2,-0.0,1.0,0.7641,0.7641,0.7641,0.0
socs,SOCS2,116,63,K,SH2,2.5852,0.4018,0.4122,0.3798,0.4923,0.0
socs,SOCS2,117,64,E,SH2,2.8057,0.3508,0.3677,0.346,0.4274,0.0
socs,SOCS2,118,65,A,SH2,2.3263,0.4617,0.4298,0.4055,0.4975,0.0
socs,SOCS2,119,66,P,SH2,2.6312,0.3912,0.3403,0.3055,0.4169,0.0038
socs,SOCS2,120,67,E,SH2,2.3158,0.4642,0.4017,0.3698,0.4743,0.0038
socs,SOCS2,121,68,G,SH2,0.0421,0.9903,0.7995,0.7863,0.8151,0.0038
socs,SOCS2,122,69,T,SH2,1.4558,0.6632,0.5737,0.5413,0.6317,0.0038
socs,SOCS2,123,70,F,SH2,0.4652,0.8924,0.8346,0.8199,0.8537,0.0043
socs,SOCS2,124,71,L,SH2,0.4748,0.8901,0.6693,0.6487,0.7008,0.0043
socs,SOCS2,125,72,I,SH2,1.6397,0.6206,0.5817,0.5671,0.6028,0.0043
socs,SOCS2,126,73,R,SH2,-0.0,1.0,0.8454,0.8383,0.8491,0.0043
socs,SOCS2,127,74,D,SH2,0.564,0.8695,0.7561,0.7313,0.7969,0.0004
socs,SOCS2,128,75,S,SH2,-0.0,1.0,0.814,0.8132,0.8144,0.0004
socs,SOCS2,129,76,S,SH2,1.2315,0.7151,0.5868,0.5561,0.6614,0.0004
socs,SOCS2,130,77,H,SH2,2.1554,0.5013,0.5677,0.5316,0.6491,0.0004
socs,SOCS2,131,78,S,SH2,2.7661,0.36,0.3276,0.2951,0.415,0.0004
socs,SOCS2,132,79,D,SH2,2.7726,0.3585,0.3795,0.3543,0.4427,0.0
socs,SOCS2,133,80,Y,SH2,1.3188,0.6949,0.7511,0.7317,0.7973,0.0
socs,SOCS2,134,81,L,SH2,1.1165,0.7417,0.5769,0.5492,0.6218,0.0
socs,SOCS2,135,82,L,SH2,1.4458,0.6655,0.6741,0.6656,0.6862,0.0
socs,SOCS2,136,83,T,SH2,1.4309,0.6689,0.6278,0.6173,0.6442,0.0
socs,SOCS2,137,84,I,SH2,1.26,0.7085,0.6113,0.6021,0.6259,0.0
socs,SOCS2,138,85,S,SH2,0.3417,0.9209,0.7413,0.7054,0.8144,0.0
socs,SOCS2,139,86,V,SH2,1.2765,0.7047,0.5639,0.5333,0.6337,0.0
socs,SOCS2,140,87,K,SH2,1.7159,0.603,0.6269,0.5996,0.6812,0.0
socs,SOCS2,141,88,T,SH2,0.1969,0.9544,0.7912,0.7543,0.8439,0.0
socs,SOCS2,142,89,S,SH2,2.7961,0.353,0.2856,0.2605,0.381,0.0
socs,SOCS2,143,90,A,SH2,2.4508,0.4329,0.3608,0.3268,0.4665,0.0
socs,SOCS2,144,91,G,SH2,0.1177,0.9728,0.7868,0.7657,0.8151,0.0
socs,SOCS2,145,92,P,SH2,1.1118,0.7427,0.6365,0.6006,0.7062,0.0
socs,SOCS2,146,93,T,SH2,0.6233,0.8558,0.6924,0.6411,0.7924,0.0
socs,SOCS2,147,94,N,SH2,1.2998,0.6993,0.7055,0.7025,0.7113,0.0
socs,SOCS2,148,95,L,SH2,1.5908,0.6319,0.5725,0.5601,0.5926,0.0029
socs,SOCS2,149,96,R,SH2,0.0364,0.9916,0.8397,0.8312,0.8491,0.0029
socs,SOCS2,150,97,I,SH2,0.9372,0.7832,0.6618,0.6423,0.6863,0.0029
socs,SOCS2,151,98,E,SH2,2.6002,0.3984,0.3829,0.3505,0.5087,0.0029
socs,SOCS2,152,99,Y,SH2,0.9151,0.7883,0.7822,0.7675,0.8065,0.0029
socs,SOCS2,153,100,Q,SH2,3.4589,0.1997,0.2066,0.1805,0.2868,0.0029
socs,SOCS2,154,101,D,SH2,3.4077,0.2115,0.2281,0.2051,0.3124,0.0029
socs,SOCS2,155,102,G,SH2,0.4968,0.8851,0.6814,0.6336,0.7591,0.0368
socs,SOCS2,156,103,K,SH2,2.6271,0.3921,0.3853,0.3556,0.4527,0.0091
socs,SOCS2,157,104,F,SH2,0.1066,0.9753,0.8482,0.8273,0.8758,0.0091
socs,SOCS2,158,105,R,SH2,2.1502,0.5025,0.4554,0.4197,0.5345,0.0091
socs,SOCS2,159,106,L,SH2,0.6896,0.8405,0.6812,0.6655,0.7069,0.0091
socs,SOCS2,160,107,D,SH2,0.302,0.9301,0.7893,0.7664,0.8323,0.0029
socs,SOCS2,161,108,S,SH2,1.7107,0.6042,0.5856,0.5476,0.6704,0.0029
socs,SOCS2,162,,,SH2,1.4885,0.6556,0.1213,0.0703,0.1929,0.8219
socs,SOCS2,163,,,SH2,2.4213,0.4398,0.098,0.0704,0.158,0.7808
socs,SOCS2,164,,,SH2,2.4605,0.4307,0.1053,0.0789,0.1646,0.7752
socs,SOCS2,165,,,SH2,2.6328,0.3908,0.0785,0.0638,0.1381,0.7752
socs,SOCS2,166,119,F,SH2,0.3344,0.9226,0.7969,0.7508,0.8743,0.0046
socs,SOCS2,167,120,D,SH2,2.5208,0.4167,0.4055,0.3779,0.4741,0.0046
socs,SOCS2,168,121,S,SH2,1.7843,0.5871,0.605,0.5768,0.6588,0.0046
socs,SOCS2,169,122,V,SH2,1.1858,0.7256,0.5915,0.5574,0.6446,0.0046
socs,SOCS2,170,123,V,SH2,1.6466,0.619,0.5319,0.5025,0.591,0.0046
socs,SOCS2,171,124,H,SH2,3.0565,0.2928,0.3155,0.2963,0.4061,0.0046
socs,SOCS2,172,125,L,SH2,0.4054,0.9062,0.7259,0.7193,0.7324,0.0046
socs,SOCS2,173,126,I,SH2,1.3743,0.682,0.6198,0.6017,0.6429,0.0046
socs,SOCS2,174,127,D,SH2,2.2153,0.4874,0.4832,0.445,0.5797,0.0046
socs,SOCS2,175,128,Y,SH2,1.6243,0.6242,0.7099,0.6681,0.7886,0.0046
socs,SOCS2,176,129,Y,SH2,0.5764,0.8666,0.8185,0.7852,0.8699,0.0046
socs,SOCS2,177,130,V,SH2,2.0476,0.5262,0.4378,0.3987,0.5383,0.0088
socs,SOCS2,178,133,C,SH2,2.1666,0.4987,0.5128,0.4831,0.5865,0.0092
socs,SOCS2,179,134,K,SH2,2.6304,0.3914,0.3514,0.3178,0.4498,0.0489
socs,SOCS2,180,143,P,SH2,1.0131,0.7656,0.2985,0.2534,0.3716,0.5233
socs,SOCS2,181,,,SH2,1.8331,0.5759,0.3123,0.2703,0.3846,0.42
socs,SOCS2,182,144,R,SH2,3.4389,0.2043,0.1876,0.1735,0.2646,0.0913
socs,SOCS2,183,145,N,SH2;SOCS_box,2.5713,0.4051,0.3993,0.3621,0.4877,0.0198
socs,SOCS2,184,152,L,SOCS_box,0.7744,0.8208,0.6356,0.6065,0.6921,0.0008
socs,SOCS2,185,153,T,SOCS_box,2.7028,0.3746,0.3503,0.316,0.4343,0.0008
socs,SOCS2,186,154,K,SOCS_box,1.9533,0.548,0.4757,0.4411,0.5449,0.0008
socs,SOCS2,187,155,P,SOCS_box,-0.0,1.0,0.8612,0.8593,0.8618,0.0008
socs,SOCS2,188,156,L,SOCS_box,1.3992,0.6762,0.505,0.4744,0.5561,0.0008
socs,SOCS2,189,157,Y,SOCS_box,2.2677,0.4753,0.5007,0.47,0.5675,0.0008
socs,SOCS2,190,158,T,SOCS_box,2.676,0.3808,0.3821,0.3536,0.4544,0.0008
socs,SOCS2,191,,,SOCS_box,-0.0,1.0,0.0064,0.0,0.0164,0.9922
socs,SOCS2,192,159,S,SOCS_box,2.7929,0.3538,0.3081,0.2896,0.3648,0.0008
socs,SOCS2,193,,,,0.8277,0.8085,0.0284,0.0,0.0815,0.9647
socs,SOCS2,194,160,A,SOCS_box,2.39,0.447,0.4493,0.4293,0.4847,0.0008
socs,SOCS2,195,161,P,SOCS_box,1.6387,0.6208,0.5448,0.5074,0.6307,0.0008
socs,SOCS2,196,162,S,SOCS_box,1.5747,0.6357,0.5064,0.4676,0.5992,0.0008
socs,SOCS2,197,163,L,SOCS_box,-0.0,1.0,0.7635,0.7619,0.7641,0.0008
socs,SOCS2,198,164,Q,SOCS_box,1.8231,0.5782,0.5357,0.5039,0.5912,0.0008
socs,SOCS2,199,165,H,SOCS_box,0.0416,0.9904,0.9102,0.897,0.9213,0.0008
socs,SOCS2,200,166,L,SOCS_box,1.6149,0.6263,0.4802,0.4516,0.5368,0.0
socs,SOCS2,201,167,C,SOCS_box,1.4002,0.676,0.6839,0.6471,0.7516,0.0
socs,SOCS2,202,168,R,SOCS_box,-0.0,1.0,0.8491,0.8491,0.8491,0.0
socs,SOCS2,203,169,L,SOCS_box,2.064,0.5224,0.4709,0.4548,0.5042,0.0
socs,SOCS2,204,170,T,SOCS_box,2.2136,0.4878,0.4094,0.3742,0.489,0.0
socs,SOCS2,205,171,I,SOCS_box,1.5825,0.6338,0.5801,0.5509,0.6401,0.0
socs,SOCS2,206,172,N,SOCS_box,0.9497,0.7803,0.7342,0.7023,0.7794,0.0
socs,SOCS2,207,173,K,SOCS_box,1.9946,0.5385,0.5091,0.4702,0.5835,0.0218
socs,SOCS2,208,174,C,SOCS_box,3.0198,0.3013,0.3699,0.3321,0.4422,0.0218
socs,SOCS2,209,175,T,SOCS_box,2.4863,0.4247,0.3123,0.2817,0.381,0.0903
socs,SOCS2,210,,,SOCS_box,2.6988,0.3755,0.1005,0.0806,0.1557,0.7416
socs,SOCS2,211,,,SOCS_box,2.326,0.4618,0.1017,0.0806,0.1612,0.7766
socs,SOCS2,212,,,SOCS_box,2.024,0.5317,0.1042,0.0802,0.1584,0.7957
socs,SOCS2,213,177,A,SOCS_box,3.3828,0.2173,0.2007,0.1805,0.266,0.1192
socs,SOCS2,214,178,I,SOCS_box,2.5098,0.4193,0.3451,0.3145,0.4054,0.1082
socs,SOCS2,215,179,W,SOCS_box,3.3007,0.2363,0.2853,0.2555,0.3669,0.1035
socs,SOCS2,216,180,G,SOCS_box,3.3393,0.2274,0.1887,0.1722,0.2521,0.014
socs,SOCS2,217,181,L,SOCS_box,1.1965,0.7232,0.5073,0.4702,0.5968,0.0
socs,SOCS2,218,182,P,SOCS_box,1.4418,0.6664,0.5592,0.5159,0.6503,0.0
socs,SOCS2,219,183,L,SOCS_box,0.7772,0.8202,0.6329,0.6048,0.6683,0.0139
socs,SOCS2,220,184,P,SOCS_box,0.2266,0.9476,0.8077,0.7794,0.8481,0.0
socs,SOCS2,221,185,T,SOCS_box,3.1784,0.2646,0.244,0.2176,0.3154,0.0
socs,SOCS2,222,186,R,SOCS_box,2.8129,0.3491,0.3276,0.3034,0.4008,0.0
socs,SOCS2,223,187,L,SOCS_box,1.2801,0.7038,0.5547,0.5163,0.6291,0.0
socs,SOCS2,224,188,K,SOCS_box,1.8297,0.5767,0.4863,0.4466,0.5803,0.0
socs,SOCS2,225,189,D,SOCS_box,2.7016,0.3749,0.3341,0.3009,0.4289,0.0
socs,SOCS2,226,190,Y,SOCS_box,0.773,0.8211,0.7916,0.7619,0.831,0.0
socs,SOCS2,227,191,L,SOCS_box,0.816,0.8112,0.6238,0.5949,0.6685,0.0
socs,SOCS2,228,192,E,SOCS_box,3.3518,0.2245,0.1819,0.1647,0.2383,0.0
socs,SOCS2,229,193,E,SOCS_box,1.9621,0.546,0.4652,0.4253,0.5576,0.0261
socs,SOCS2,230,194,Y,SOCS_box,0.0874,0.9798,0.884,0.872,0.8992,0.0
socs,SOCS2,231,195,K,SOCS_box,1.841,0.574,0.5285,0.5009,0.5638,0.0
socs,SOCS2,232,196,F,SOCS_box,1.39,0.6784,0.7491,0.7266,0.7848,0.0
socs,SOCS2,233,197,Q,SOCS_box,3.5377,0.1814,0.1961,0.18,0.2826,0.0003
socs,SOCS2,234,,,,2.2898,0.4702,0.3245,0.2935,0.3888,0.2548
socs,FAMILY,0,,,,0.7856,0.8182,0.0188,0.0,0.0428,0.9727
socs,FAMILY,1,,,,0.9157,0.7881,0.0127,0.0,0.0336,0.9807
socs,FAMILY,2,,,,-0.0,1.0,0.0049,0.0,0.0153,0.9936
socs,FAMILY,3,,,,1.5792,0.6346,0.0363,0.0249,0.0555,0.9407
socs,FAMILY,4,,,,1.5627,0.6384,0.0371,0.0291,0.0557,0.9313
socs,FAMILY,5,,,,3.1357,0.2745,0.0322,0.0297,0.0514,0.886
socs,FAMILY,6,,,,2.5771,0.4037,0.0519,0.0462,0.0803,0.8555
socs,FAMILY,7,,,,2.5494,0.4101,0.0736,0.0619,0.1051,0.798
socs,FAMILY,8,,,,2.8315,0.3449,0.0626,0.0566,0.0944,0.789
socs,FAMILY,9,,,,3.1675,0.2671,0.0533,0.049,0.089,0.7617
socs,FAMILY,10,,,,2.8567,0.339,0.1187,0.1052,0.158,0.5971
socs,FAMILY,11,,,,1.8765,0.5658,0.3062,0.2766,0.3606,0.3724
socs,FAMILY,12,,,,3.3802,0.2179,0.1106,0.1002,0.1379,0.3636
socs,FAMILY,13,,,,3.4313,0.2061,0.1233,0.111,0.1489,0.4346
socs,FAMILY,14,,,,3.4861,0.1934,0.0956,0.0848,0.1301,0.3473
socs,FAMILY,15,,,,3.265,0.2446,0.1392,0.1236,0.1816,0.3604
socs,FAMILY,16,,,,3.1175,0.2787,0.1462,0.1325,0.1881,0.3846
socs,FAMILY,17,,,,2.9611,0.3149,0.0552,0.0445,0.0841,0.8056
socs,FAMILY,18,,,,2.9568,0.3159,0.0294,0.0254,0.0483,0.899
socs,FAMILY,19,,,,1.4897,0.6553,0.0163,0.0046,0.0352,0.9764
socs,FAMILY,20,,,,0.9503,0.7801,0.0128,0.0,0.0296,0.9813
socs,FAMILY,21,,,,0.8367,0.8064,0.0131,0.0,0.0305,0.9839
socs,FAMILY,22,,,,-0.0,1.0,0.01,0.0,0.0257,0.9882
socs,FAMILY,23,,,,2.7422,0.3655,0.0292,0.0206,0.0528,0.9269
socs,FAMILY,24,,,,2.9092,0.3269,0.1178,0.1048,0.1566,0.5884
socs,FAMILY,25,,,,3.8078,0.119,0.0515,0.0456,0.0785,0.6359
socs,FAMILY,26,,,,0.8181,0.8107,0.2771,0.243,0.321,0.5829
socs,FAMILY,27,,,,3.353,0.2242,0.0732,0.0647,0.0962,0.6679
socs,FAMILY,28,,,,2.5454,0.411,0.1188,0.1031,0.1446,0.6918
socs,FAMILY,29,,,,3.2285,0.253,0.0526,0.0457,0.0736,0.7256
socs,FAMILY,30,,,,2.5732,0.4046,0.0401,0.033,0.0555,0.8884
socs,FAMILY,31,,,,-0.0,1.0,0.0072,0.0,0.019,0.9912
socs,FAMILY,32,,,,-0.0,1.0,0.0026,0.0,0.008,0.997
socs,FAMILY,33,,,,2.1756,0.4966,0.0358,0.0265,0.0512,0.9321
socs,FAMILY,34,,,,1.7883,0.5862,0.057,0.048,0.0774,0.8874
socs,FAMILY,35,,,,2.6744,0.3812,0.0713,0.0635,0.091,0.76
socs,FAMILY,36,,,,-0.0,1.0,0.0015,0.0,0.0039,0.9983
socs,FAMILY,37,,,,2.1449,0.5037,0.0635,0.0477,0.0888,0.8779
socs,FAMILY,38,,,,2.5341,0.4137,0.119,0.1042,0.1496,0.6854
socs,FAMILY,39,,,,2.7257,0.3693,0.0994,0.0876,0.1252,0.6697
socs,FAMILY,40,,,,3.5471,0.1793,0.06,0.0538,0.0821,0.6141
socs,FAMILY,41,,,,3.3651,0.2214,0.1081,0.0944,0.1344,0.5119
socs,FAMILY,42,,,,3.3204,0.2317,0.118,0.1049,0.1533,0.4685
socs,FAMILY,43,,,,1.9733,0.5434,0.2652,0.2372,0.3084,0.4456
socs,FAMILY,44,,,,1.3699,0.683,0.3816,0.3514,0.4436,0.4433
socs,FAMILY,45,,,KIR,1.8693,0.5675,0.3161,0.2884,0.3648,0.4298
socs,FAMILY,46,,,KIR,2.1578,0.5007,0.2805,0.2535,0.3356,0.4298
socs,FAMILY,47,,,,1.1065,0.744,0.0205,0.0061,0.0446,0.9666
socs,FAMILY,48,,,,2.6211,0.3935,0.0258,0.012,0.0532,0.9549
socs,FAMILY,49,,,KIR,2.42,0.4401,0.2558,0.2343,0.31,0.3242
socs,FAMILY,50,,,KIR,1.6438,0.6197,0.4047,0.3752,0.4701,0.2837
socs,FAMILY,51,,,KIR,3.2665,0.2442,0.1732,0.1558,0.2202,0.1595
socs,FAMILY,52,,,KIR,2.7205,0.3705,0.2672,0.2413,0.3103,0.1147
socs,FAMILY,53,,,KIR,3.6182,0.1628,0.1568,0.1422,0.2033,0.1181
socs,FAMILY,54,,,KIR,3.3699,0.2203,0.1589,0.1416,0.1926,0.1133
socs,FAMILY,55,,,KIR,1.9554,0.5476,0.4658,0.4324,0.5227,0.0967
socs,FAMILY,56,,,KIR,3.1297,0.2759,0.2799,0.2568,0.3384,0.0896
socs,FAMILY,57,,,,0.9963,0.7695,0.0227,0.0,0.0598,0.9715
socs,FAMILY,58,,,,0.9963,0.7695,0.0207,0.0,0.0556,0.9715
socs,FAMILY,59,,,,0.9963,0.7695,0.0197,0.0,0.0515,0.9715
socs,FAMILY,60,,,,-0.0,1.0,0.0125,0.0,0.0404,0.9847
socs,FAMILY,61,,,,-0.0,1.0,0.0125,0.0,0.0406,0.9847
socs,FAMILY,62,,,,-0.0,1.0,0.0205,0.0,0.0544,0.9755
socs,FAMILY,63,,,,0.9558,0.7789,0.0175,0.0,0.048,0.9755
socs,FAMILY,64,,,,0.9558,0.7789,0.02,0.0,0.0529,0.9755
socs,FAMILY,65,,,,0.9558,0.7789,0.0162,0.0,0.0445,0.9755
socs,FAMILY,66,,,KIR,3.5972,0.1677,0.1382,0.1236,0.1816,0.0783
socs,FAMILY,67,,,KIR,2.9745,0.3118,0.2575,0.2369,0.3009,0.0702
socs,FAMILY,68,,,ESS,2.0693,0.5212,0.4238,0.3971,0.4797,0.0694
socs,FAMILY,69,,,ESS,3.3458,0.2258,0.1566,0.1421,0.1934,0.0694
socs,FAMILY,70,,,ESS,3.645,0.1566,0.1459,0.1304,0.1911,0.0536
socs,FAMILY,71,,,ESS,2.1601,0.5002,0.419,0.388,0.4896,0.0391
socs,FAMILY,72,,,ESS,3.5592,0.1765,0.1803,0.1674,0.232,0.0274
socs,FAMILY,73,,,ESS,3.3874,0.2162,0.1956,0.1781,0.2456,0.0272
socs,FAMILY,74,,,ESS,3.3325,0.2289,0.2218,0.2008,0.2598,0.0271
socs,FAMILY,75,,,ESS,0.4059,0.9061,0.6622,0.6279,0.7252,0.0156
socs,FAMILY,76,,,ESS,3.1092,0.2806,0.2664,0.2408,0.3151,0.0146
socs,FAMILY,77,,,ESS,3.386,0.2165,0.2204,0.2022,0.2603,0.0114
socs,FAMILY,78,,,,1.5839,0.6335,0.0282,0.0,0.0609,0.959
socs,FAMILY,79,,,,1.5839,0.6335,0.0261,0.0,0.0574,0.959
socs,FAMILY,80,,,,-0.0,1.0,0.0206,0.0,0.0492,0.9731
socs,FAMILY,81,,,,-0.0,1.0,0.0117,0.0,0.0364,0.986
socs,FAMILY,82,,,,-0.0,1.0,0.0123,0.0,0.0384,0.986
socs,FAMILY,83,,,,-0.0,1.0,0.0118,0.0,0.0368,0.986
socs,FAMILY,84,,,,-0.0,1.0,0.0357,0.0,0.0738,0.959
socs,FAMILY,85,,,,1.0,0.7686,0.0207,0.0,0.0506,0.9719
socs,FAMILY,86,,,,1.0,0.7686,0.0214,0.0,0.0523,0.9719
socs,FAMILY,87,,,,-0.0,1.0,0.0234,0.0,0.0566,0.9719
socs,FAMILY,88,,,,-0.0,1.0,0.0247,0.0,0.0596,0.9719
socs,FAMILY,89,,,,1.0,0.7686,0.0212,0.0,0.052,0.9719
socs,FAMILY,90,,,,-0.0,1.0,0.0242,0.0,0.0584,0.9719
socs,FAMILY,91,,,,-0.0,1.0,0.0114,0.0,0.0355,0.986
socs,FAMILY,92,,,,-0.0,1.0,0.0246,0.0,0.0594,0.9719
socs,FAMILY,93,,,,-0.0,1.0,0.0229,0.0,0.0552,0.9719
socs,FAMILY,94,,,,1.0,0.7686,0.023,0.0,0.0558,0.9719
socs,FAMILY,95,,,,-0.0,1.0,0.0215,0.0,0.0518,0.9719
socs,FAMILY,96,,,,0.8992,0.7919,0.027,0.0,0.058,0.959
socs,FAMILY,97,,,ESS,1.7775,0.5887,0.5754,0.547,0.6178,0.0103
socs,FAMILY,98,,,,-0.0,1.0,0.0022,0.0,0.0071,0.9973
socs,FAMILY,99,,,,0.9989,0.7689,0.0036,0.0,0.009,0.9947
socs,FAMILY,100,,,ESS,0.711,0.8355,0.668,0.6403,0.7157,0.0063
socs,FAMILY,101,,,SH2,1.5076,0.6512,0.7625,0.7309,0.7999,0.0053
socs,FAMILY,102,,,SH2,0.1137,0.9737,0.8713,0.8569,0.8868,0.0053
socs,FAMILY,103,,,SH2,1.049,0.7573,0.8238,0.8103,0.8411,0.0041
socs,FAMILY,104,,,SH2,1.3602,0.6853,0.5496,0.5246,0.5908,0.0041
socs,FAMILY,105,,,SH2,2.8002,0.3521,0.3573,0.3372,0.3986,0.0038
socs,FAMILY,106,,,SH2,1.8433,0.5735,0.5504,0.5266,0.5864,0.0016
socs,FAMILY,107,,,SH2,2.0863,0.5173,0.4715,0.4472,0.5111,0.0016
socs,FAMILY,108,,,SH2,2.64,0.3892,0.4195,0.392,0.479,0.0016
socs,FAMILY,109,,,SH2,3.3873,0.2162,0.202,0.184,0.2356,0.0016
socs,FAMILY,110,,,SH2,2.0062,0.5358,0.4586,0.4293,0.5014,0.0016
socs,FAMILY,111,,,SH2,0.5369,0.8758,0.6988,0.6735,0.7308,0.0016
socs,FAMILY,112,,,SH2,2.5552,0.4088,0.4408,0.4123,0.4902,0.0016
socs,FAMILY,113,,,SH2,3.284,0.2402,0.1941,0.1777,0.2314,0.0012
socs,FAMILY,114,,,SH2,2.7312,0.3681,0.3496,0.327,0.3965,0.0012
socs,FAMILY,115,,,SH2,-0.0,1.0,0.7634,0.7625,0.764,0.0009
socs,FAMILY,116,,,SH2,2.9016,0.3286,0.3308,0.3111,0.3733,0.0006
socs,FAMILY,117,,,SH2,3.2879,0.2393,0.2311,0.2098,0.2715,0.0006
socs,FAMILY,118,,,SH2,2.4628,0.4302,0.3803,0.3579,0.4201,0.0006
socs,FAMILY,119,,,SH2,2.0764,0.5196,0.4223,0.3943,0.4794,0.0031
socs,FAMILY,120,,,SH2,2.8069,0.3505,0.2903,0.2699,0.3274,0.0031
socs,FAMILY,121,,,SH2,0.0372,0.9914,0.8014,0.7891,0.8147,0.0031
socs,FAMILY,122,,,SH2,1.1466,0.7347,0.6214,0.5976,0.6585,0.0028
socs,FAMILY,123,,,SH2,0.3589,0.917,0.8316,0.8234,0.8404,0.003
socs,FAMILY,124,,,SH2,0.2372,0.9451,0.7068,0.6918,0.7273,0.003
socs,FAMILY,125,,,SH2,1.5453,0.6425,0.6016,0.5896,0.6191,0.003
socs,FAMILY,126,,,SH2,-0.0,1.0,0.8465,0.8416,0.8491,0.003
socs,FAMILY,127,,,SH2,0.3524,0.9185,0.7756,0.7531,0.8022,0.0002
socs,FAMILY,128,,,SH2,-0.0,1.0,0.8142,0.8137,0.8144,0.0002
socs,FAMILY,129,,,SH2,2.1254,0.5082,0.4279,0.4009,0.4815,0.0002
socs,FAMILY,130,,,SH2,1.9966,0.538,0.6012,0.569,0.6604,0.0002
socs,FAMILY,131,,,SH2,3.2802,0.241,0.2537,0.2268,0.3045,0.0008
socs,FAMILY,132,,,SH2,2.564,0.4068,0.4405,0.4186,0.4798,0.0
socs,FAMILY,133,,,SH2,2.3525,0.4557,0.6084,0.5893,0.6434,0.0
socs,FAMILY,134,,,SH2,1.5203,0.6482,0.5833,0.5619,0.6139,0.0
socs,FAMILY,135,,,SH2,1.0741,0.7515,0.7076,0.6949,0.7245,0.0
socs,FAMILY,136,,,SH2,1.2463,0.7116,0.642,0.63,0.6566,0.0
socs,FAMILY,137,,,SH2,1.1164,0.7417,0.6204,0.6106,0.6317,0.0
socs,FAMILY,138,,,SH2,0.2177,0.9496,0.7622,0.7343,0.8029,0.0
socs,FAMILY,139,,,SH2,1.5605,0.6389,0.5718,0.5468,0.6124,0.0
socs,FAMILY,140,,,SH2,1.9391,0.5513,0.5788,0.5589,0.6069,0.0
socs,FAMILY,141,,,SH2,1.522,0.6478,0.5631,0.5401,0.5967,0.0
socs,FAMILY,142,,,SH2,3.0355,0.2976,0.2472,0.2232,0.2947,0.0
socs,FAMILY,143,,,SH2,3.2073,0.2579,0.2034,0.1839,0.2609,0.0
socs,FAMILY,144,,,SH2,0.3303,0.9236,0.7274,0.6989,0.7704,0.0
socs,FAMILY,145,,,SH2,1.2216,0.7173,0.6411,0.6113,0.6844,0.0
socs,FAMILY,146,,,SH2,1.571,0.6365,0.5518,0.5187,0.6002,0.0
socs,FAMILY,147,,,SH2,1.2095,0.7202,0.7042,0.6968,0.7172,0.0
socs,FAMILY,148,,,SH2,1.7352,0.5985,0.5409,0.5244,0.5692,0.0012
socs,FAMILY,149,,,SH2,0.0599,0.9861,0.8318,0.8153,0.8491,0.0012
socs,FAMILY,150,,,SH2,1.0011,0.7684,0.6657,0.6507,0.6827,0.0012
socs,FAMILY,151,,,SH2,3.1923,0.2614,0.2825,0.2527,0.3439,0.0012
socs,FAMILY,152,,,SH2,2.0903,0.5164,0.5915,0.5713,0.622,0.0012
socs,FAMILY,153,,,SH2,3.2316,0.2523,0.2662,0.2448,0.3099,0.0012
socs,FAMILY,154,,,SH2,3.5164,0.1864,0.1836,0.1669,0.2177,0.0012
socs,FAMILY,155,,,SH2,2.0388,0.5283,0.4018,0.3688,0.455,0.0169
socs,FAMILY,156,,,SH2,2.9775,0.3111,0.2968,0.2727,0.3377,0.0036
socs,FAMILY,157,,,SH2,0.062,0.9857,0.8595,0.8453,0.8758,0.0036
socs,FAMILY,158,,,SH2,2.7932,0.3537,0.3527,0.3274,0.4019,0.0036
socs,FAMILY,159,,,SH2,0.4698,0.8913,0.6976,0.6864,0.7165,0.0036
socs,FAMILY,160,,,SH2,2.1774,0.4962,0.4479,0.4185,0.4942,0.0012
socs,FAMILY,161,,,SH2,2.2595,0.4772,0.4546,0.4265,0.5025,0.0012
socs,FAMILY,162,,,SH2,1.8275,0.5772,0.3085,0.2819,0.3553,0.4265
socs,FAMILY,163,,,SH2,3.1584,0.2692,0.1733,0.159,0.2085,0.4086
socs,FAMILY,164,,,SH2,2.8273,0.3458,0.2157,0.1953,0.2638,0.3956
socs,FAMILY,165,,,SH2,2.5161,0.4178,0.2224,0.1999,0.2638,0.3956
socs,FAMILY,166,,,SH2,0.2496,0.9422,0.808,0.7734,0.8648,0.0023
socs,FAMILY,167,,,SH2,2.4002,0.4446,0.4017,0.3817,0.4429,0.0023
socs,FAMILY,168,,,SH2,1.7098,0.6044,0.6393,0.6153,0.6798,0.0023
socs,FAMILY,169,,,SH2,1.5958,0.6308,0.5241,0.5038,0.5508,0.0023
socs,FAMILY,170,,,SH2,2.0882,0.5168,0.5017,0.4817,0.535,0.0023
socs,FAMILY,171,,,SH2,2.9035,0.3282,0.3319,0.3098,0.3806,0.0023
socs,FAMILY,172,,,SH2,0.272,0.9371,0.7291,0.7209,0.7375,0.0023
socs,FAMILY,173,,,SH2,1.5635,0.6382,0.5797,0.577,0.5826,0.0039
socs,FAMILY,174,,,SH2,2.5745,0.4043,0.3853,0.3536,0.445,0.0023
socs,FAMILY,175,,,SH2,1.6321,0.6224,0.7144,0.6808,0.7701,0.0023
socs,FAMILY,176,,,SH2,0.4726,0.8907,0.8062,0.7749,0.8594,0.0023
socs,FAMILY,177,,,SH2,2.5102,0.4192,0.4103,0.3827,0.46,0.0043
socs,FAMILY,178,,,SH2,3.1246,0.277,0.2614,0.2345,0.3078,0.0071
socs,FAMILY,179,,,SH2,2.7342,0.3674,0.2728,0.2459,0.3325,0.1569
socs,FAMILY,180,,,SH2,1.2196,0.7178,0.3745,0.3378,0.4208,0.3589
socs,FAMILY,181,,,SH2,3.0637,0.2911,0.2044,0.1857,0.2447,0.2833
socs,FAMILY,182,,,SH2,3.1711,0.2663,0.2589,0.2357,0.3056,0.0688
socs,FAMILY,183,,,SH2;SOCS_box,3.4012,0.213,0.1948,0.1744,0.2419,0.0324
socs,FAMILY,184,,,SOCS_box,0.4963,0.8852,0.6649,0.6393,0.7037,0.0067
socs,FAMILY,185,,,SOCS_box,3.163,0.2681,0.2322,0.2113,0.2734,0.0067
socs,FAMILY,186,,,SOCS_box,2.685,0.3787,0.3374,0.3124,0.3794,0.0067
socs,FAMILY,187,,,SOCS_box,0.1221,0.9717,0.825,0.8059,0.8429,0.0067
socs,FAMILY,188,,,SOCS_box,1.7236,0.6012,0.4989,0.4757,0.5346,0.0067
socs,FAMILY,189,,,SOCS_box,2.3973,0.4453,0.4421,0.4159,0.4904,0.0067
socs,FAMILY,190,,,SOCS_box,2.9103,0.3266,0.3176,0.2919,0.3695,0.007
socs,FAMILY,191,,,SOCS_box,3.0125,0.303,0.1337,0.1196,0.1655,0.6419
socs,FAMILY,192,,,SOCS_box,2.9037,0.3281,0.2927,0.2727,0.3271,0.0005
socs,FAMILY,193,,,,0.8921,0.7936,0.0135,0.0,0.0415,0.983
socs,FAMILY,194,,,SOCS_box,2.5352,0.4134,0.3673,0.3473,0.4011,0.0694
socs,FAMILY,195,,,SOCS_box,2.6126,0.3955,0.3931,0.3657,0.4373,0.0005
socs,FAMILY,196,,,SOCS_box,2.2057,0.4897,0.4438,0.4172,0.5001,0.0005
socs,FAMILY,197,,,SOCS_box,-0.0,1.0,0.7637,0.7628,0.7641,0.0005
socs,FAMILY,198,,,SOCS_box,1.3131,0.6962,0.6141,0.5866,0.6537,0.0005
socs,FAMILY,199,,,SOCS_box,1.3821,0.6802,0.7164,0.6978,0.7426,0.0005
socs,FAMILY,200,,,SOCS_box,1.3329,0.6916,0.5349,0.5125,0.5674,0.0
socs,FAMILY,201,,,SOCS_box,0.9187,0.7874,0.7456,0.7157,0.7904,0.0
socs,FAMILY,202,,,SOCS_box,0.0669,0.9845,0.8317,0.8133,0.8491,0.0
socs,FAMILY,203,,,SOCS_box,2.6072,0.3968,0.3788,0.3633,0.405,0.0
socs,FAMILY,204,,,SOCS_box,2.504,0.4206,0.3797,0.3546,0.4177,0.0
socs,FAMILY,205,,,SOCS_box,1.6483,0.6186,0.5566,0.5347,0.5958,0.0
socs,FAMILY,206,,,SOCS_box,2.0536,0.5248,0.5278,0.5038,0.5632,0.0
socs,FAMILY,207,,,SOCS_box,2.7561,0.3623,0.283,0.256,0.3349,0.1563
socs,FAMILY,208,,,SOCS_box,3.1569,0.2696,0.2473,0.2242,0.2942,0.1596
socs,FAMILY,209,,,SOCS_box,3.2046,0.2585,0.239,0.22,0.2802,0.1994
socs,FAMILY,210,,,SOCS_box,1.4791,0.6578,0.238,0.214,0.2836,0.5381
socs,FAMILY,211,,,SOCS_box,2.8654,0.337,0.1328,0.1188,0.169,0.5553
socs,FAMILY,212,,,SOCS_box,2.7557,0.3624,0.1315,0.117,0.1745,0.5637
socs,FAMILY,213,,,SOCS_box,3.5386,0.1813,0.213,0.1918,0.2617,0.0573
socs,FAMILY,214,,,SOCS_box,2.2923,0.4696,0.378,0.3529,0.4165,0.0684
socs,FAMILY,215,,,SOCS_box,3.464,0.1985,0.2273,0.2089,0.2777,0.0631
socs,FAMILY,216,,,SOCS_box,3.4035,0.2125,0.1957,0.1776,0.2362,0.0071
socs,FAMILY,217,,,SOCS_box,2.0829,0.5181,0.3809,0.3512,0.4269,0.0
socs,FAMILY,218,,,SOCS_box,1.5808,0.6342,0.5428,0.5145,0.588,0.0
socs,FAMILY,219,,,SOCS_box,1.3593,0.6855,0.5077,0.4854,0.5362,0.0288
socs,FAMILY,220,,,SOCS_box,1.6684,0.614,0.5951,0.57,0.6323,0.0
socs,FAMILY,221,,,SOCS_box,3.4443,0.2031,0.2081,0.1877,0.2519,0.0
socs,FAMILY,222,,,SOCS_box,3.1886,0.2622,0.2376,0.2166,0.2858,0.0
socs,FAMILY,223,,,SOCS_box,1.63,0.6229,0.4869,0.462,0.531,0.0
socs,FAMILY,224,,,SOCS_box,1.7942,0.5849,0.5262,0.4957,0.5795,0.0
socs,FAMILY,225,,,SOCS_box,2.4728,0.4278,0.38,0.3501,0.4415,0.0
socs,FAMILY,226,,,SOCS_box,1.1273,0.7392,0.7516,0.7275,0.7914,0.0
socs,FAMILY,227,,,SOCS_box,0.9387,0.7828,0.5998,0.5775,0.6345,0.0
socs,FAMILY,228,,,SOCS_box,3.699,0.1441,0.1311,0.1178,0.1657,0.0113
socs,FAMILY,229,,,SOCS_box,2.5632,0.4069,0.3481,0.322,0.3951,0.0246
socs,FAMILY,230,,,SOCS_box,0.8531,0.8026,0.7971,0.7797,0.8152,0.018
socs,FAMILY,231,,,SOCS_box,1.3944,0.6774,0.5719,0.5475,0.6081,0.0155
socs,FAMILY,232,,,SOCS_box,1.5153,0.6494,0.6227,0.5959,0.6511,0.1555
socs,FAMILY,233,,,SOCS_box,3.4156,0.2097,0.194,0.1756,0.2459,0.1557
socs,FAMILY,234,,,,2.0843,0.5177,0.4065,0.3817,0.448,0.1315
