axis,family,column,SOCS1_residue,anchor_letter,feature,mi_bits,null_mean,z,p_empirical,q_bh,significant,within_group_conservation,min_within_group_conservation,n_distinct_consensus,consensus,gap_fraction,JAK2_residue,mi_residues_only,gapfrac_binder,consensus_binder,majority_binder,n_nongap_binder,gapfrac_nonbinder,consensus_nonbinder,majority_nonbinder,n_nongap_nonbinder,any_group_mostly_gapped,gapfrac_SOCS1,consensus_SOCS1,majority_SOCS1,n_nongap_SOCS1,gapfrac_SOCS3,consensus_SOCS3,majority_SOCS3,n_nongap_SOCS3,gapfrac_JAK1,consensus_JAK1,majority_JAK1,n_nongap_JAK1,gapfrac_JAK2,consensus_JAK2,majority_JAK2,n_nongap_JAK2,gapfrac_TYK2,consensus_TYK2,majority_TYK2,n_nongap_TYK2,mi_familywise_threshold,exceeds_familywise_max,SOCS3_residue
socs_binding,socs,0,,,,0.00686,0.01536,-0.856,0.8521147885211479,0.85211,False,0.0198,0.0192,1,binder:L/nonbinder:L,0.9985,,,0.9722,L,L,2.0,0.9732,L,L,1.0,True,,,,,,,,,,,,,,,,,,,,,0.12408,False,
socs_binding,socs,1,,,,0.0197,0.017,0.33,0.3040695930406959,0.32628,False,0.0153,0.0101,2,binder:S/nonbinder:L,0.999,,,0.9876,S,S,1.0,0.9732,L,L,1.0,True,,,,,,,,,,,,,,,,,,,,,0.12408,False,
socs_binding,socs,2,,,,0.00612,0.00564,0.133,0.3011698830116988,0.32606,False,0.0047,0.0,2,binder:L/nonbinder:A,0.9995,,,0.9876,L,L,1.0,1.0,A,-,0.0,True,,,,,,,,,,,,,,,,,,,,,0.12408,False,
socs_binding,socs,3,25.0,P,,0.03494,0.0094,6.484,9.999000099990002e-05,0.00014,True,0.0367,0.0123,1,binder:P/nonbinder:P,0.9498,,0.12651,0.8987,P,P,99.0,0.9857,P,P,1.0,True,,,,,,,,,,,,,,,,,,,,,0.12408,False,
socs_binding,socs,4,26.0,S,,0.05017,0.01443,6.617,9.999000099990002e-05,0.00014,True,0.041,0.0155,2,binder:S/nonbinder:R,0.9383,,0.35282,0.8868,S,S,121.0,0.9787,R,R,2.0,True,,,,,,,,,,,,,,,,,,,,,0.12408,False,
socs_binding,socs,5,27.0,S,,0.06796,0.03161,3.548,0.0017998200179982,0.00247,True,0.0469,0.0414,2,binder:S/nonbinder:P,0.9259,,0.54828,0.8586,S,S,137.0,0.9153,P,P,11.0,True,,,,,,,,,,,,,,,,,,,,,0.12408,False,
socs_binding,socs,6,28.0,S,,0.05728,0.03493,2.416,0.0127987201279872,0.0169,True,0.0662,0.0476,1,binder:S/nonbinder:S,0.9175,,0.39491,0.8458,S,S,144.0,0.866,S,S,21.0,True,,,,,,,,,,,,,,,,,,,,,0.12408,False,
socs_binding,socs,7,29.0,S,,0.09987,0.03018,7.343,9.999000099990002e-05,0.00014,True,0.0935,0.0735,2,binder:S/nonbinder:P,0.8946,,0.47629,0.8269,S,S,160.0,0.767,P,P,51.0,True,,,,,,,,,,,,,,,,,,,,,0.12408,False,
socs_binding,socs,8,30.0,S,,0.12119,0.03796,8.19,9.999000099990002e-05,0.00014,True,0.0906,0.0884,2,binder:S/nonbinder:N,0.8921,,0.54652,0.8256,S,S,161.0,0.7498,N,N,55.0,True,,,,,,,,,,,,,,,,,,,,,0.12408,False,
socs_binding,socs,9,31.0,S,,0.13805,0.04968,7.629,9.999000099990002e-05,0.00014,True,0.0833,0.0651,2,binder:S/nonbinder:A,0.8861,,0.52188,0.8191,S,S,165.0,0.7004,A,A,63.0,True,,,,,,,,,,,,,,,,,,,,,0.12408,True,
socs_binding,socs,10,32.0,S,,0.11762,0.03531,8.324,9.999000099990002e-05,0.00014,True,0.1434,0.0889,2,binder:P/nonbinder:T,0.6529,,0.29098,0.5819,P,P,611.0,0.6133,T,T,85.0,True,,,,,,,,,,,,,,,,,,,,,0.12408,False,
socs_binding,socs,11,33.0,P,,0.08278,0.02922,6.114,9.999000099990002e-05,0.00014,True,0.3339,0.3329,1,binder:P/nonbinder:P,0.4605,,0.12128,0.4185,P,P,663.0,0.3231,P,S,419.0,False,,,,,,,,,,,,,,,,,,,,,0.12408,False,
socs_binding,socs,12,34.0,A,,0.14533,0.02614,11.635,9.999000099990002e-05,0.00014,True,0.1438,0.1411,2,binder:A/nonbinder:I,0.4416,,0.21737,0.4105,A,A,669.0,0.3135,I,I,451.0,False,,,,,,,,,,,,,,,,,,,,,0.12408,True,
socs_binding,socs,13,35.0,A,,0.16705,0.02219,14.854,9.999000099990002e-05,0.00014,True,0.1542,0.1101,2,binder:A/nonbinder:E,0.6405,,0.18688,0.5737,A,A,268.0,0.286,E,E,453.0,True,,,,,,,,,,,,,,,,,,,,,0.12408,True,
socs_binding,socs,14,36.0,P,,0.117,0.03108,7.784,9.999000099990002e-05,0.00014,True,0.1208,0.1072,2,binder:R/nonbinder:S,0.4391,,0.15747,0.4126,R,R,672.0,0.2776,S,G,453.0,False,,,,,,,,,,,,,,,,,,,,,0.12408,False,
socs_binding,socs,15,37.0,A,,0.15709,0.0333,10.717,9.999000099990002e-05,0.00014,True,0.1787,0.1739,2,binder:A/nonbinder:R,0.4441,,0.23531,0.4059,A,A,673.0,0.3118,R,R,442.0,False,,,,,,,,,,,,,,,,,,,,,0.12408,True,
socs_binding,socs,16,38.0,R,,0.1233,0.03963,6.853,9.999000099990002e-05,0.00014,True,0.1834,0.1557,1,binder:R/nonbinder:R,0.4515,,0.19815,0.4075,R,R,673.0,0.3601,R,R,427.0,False,,,,,,,,,,,,,,,,,,,,,0.12408,False,
socs_binding,socs,17,,,,0.20963,0.0206,23.507,9.999000099990002e-05,0.00014,True,0.0617,0.0135,2,binder:T/nonbinder:S,0.8299,,0.14607,0.9829,T,T,3.0,0.6162,S,S,338.0,True,,,,,,,,,,,,,,,,,,,,,0.12408,True,
socs_binding,socs,18,,,,0.09471,0.02813,7.091,9.999000099990002e-05,0.00014,True,0.0353,0.0108,2,binder:E/nonbinder:P,0.9751,,,0.9844,E,A,2.0,0.8076,P,P,48.0,True,,,,,,,,,,,,,,,,,,,,,0.12408,False,
socs_binding,socs,19,,,,0.02518,0.01565,1.342,0.132986701329867,0.15864,False,0.0169,0.0,2,binder:A/nonbinder:P,0.998,,,1.0,A,-,0.0,0.9512,P,P,4.0,True,,,,,,,,,,,,,,,,,,,,,0.12408,False,
socs_binding,socs,20,,,,0.01989,0.01131,1.306,0.0906909309069093,0.11058,False,0.0133,0.0,2,binder:A/nonbinder:G,0.9985,,,1.0,A,-,0.0,0.9613,G,G,3.0,True,,,,,,,,,,,,,,,,,,,,,0.12408,False,
socs_binding,socs,21,,,,0.0165,0.00904,1.263,0.0906909309069093,0.11058,False,0.0143,0.0078,2,binder:C/nonbinder:R,0.9985,,,0.9917,C,C,1.0,0.9756,R,R,2.0,True,,,,,,,,,,,,,,,,,,,,,0.12408,False,
socs_binding,socs,22,,,,0.01247,0.0053,1.342,0.0906909309069093,0.11058,False,0.0104,0.0,2,binder:A/nonbinder:R,0.999,,,1.0,A,-,0.0,0.9756,R,R,2.0,True,,,,,,,,,,,,,,,,,,,,,0.12408,False,
socs_binding,socs,23,,,,0.05487,0.03043,2.276,0.0223977602239776,0.0294,True,0.0368,0.0143,1,binder:S/nonbinder:S,0.9876,,,0.9752,S,L,3.0,0.8753,S,C,22.0,True,,,,,,,,,,,,,,,,,,,,,0.12408,False,
socs_binding,socs,24,39.0,P,,0.18043,0.03535,13.498,9.999000099990002e-05,0.00014,True,0.1517,0.0776,2,binder:P/nonbinder:V,0.6549,,0.3134,0.4619,P,G,629.0,0.7236,V,V,63.0,True,,,,,,,,,,,,,,,,,,,,,0.12408,True,
socs_binding,socs,25,40.0,R,,0.21851,0.03245,16.165,9.999000099990002e-05,0.00014,True,0.1027,0.0785,2,binder:R/nonbinder:M,0.8414,,0.54861,0.5604,R,R,253.0,0.7166,M,M,65.0,True,,,,,,,,,,,,,,,,,,,,,0.12408,True,
socs_binding,socs,26,41.0,P,,0.07274,0.00878,14.409,9.999000099990002e-05,0.00014,True,0.2855,0.2231,1,binder:P/nonbinder:P,0.6554,,0.05954,0.4605,P,P,625.0,0.7138,P,P,66.0,True,,,,,,,,,,,,,,,,,,,,,0.12408,False,
socs_binding,socs,27,42.0,C,,0.19786,0.01733,24.893,9.999000099990002e-05,0.00014,True,0.1013,0.0597,2,binder:G/nonbinder:T,0.6688,,0.33371,0.5123,G,G,612.0,0.8342,T,T,52.0,True,,,,,,,,,,,,,,,,,,,,,0.12408,True,
socs_binding,socs,28,43.0,P,,0.23382,0.01316,37.602,9.999000099990002e-05,0.00014,True,0.1467,0.0489,2,binder:P/nonbinder:T,0.6753,,0.44155,0.531,P,P,605.0,0.8636,T,N,46.0,True,,,,,,,,,,,,,,,,,,,,,0.12408,True,
socs_binding,socs,29,44.0,A,,0.29986,0.01423,50.505,9.999000099990002e-05,0.00014,True,0.0815,0.0521,2,binder:L/nonbinder:Y,0.6877,,0.51171,0.5322,L,G,605.0,0.9322,Y,Y,21.0,True,,,,,,,,,,,,,,,,,,,,,0.12408,True,
socs_binding,socs,30,45.0,V,,0.11435,0.01324,15.895,9.999000099990002e-05,0.00014,True,0.0461,0.0101,2,binder:E/nonbinder:K,0.9239,,0.29913,0.7954,E,A,151.0,0.9879,K,K,1.0,True,,,,,,,,,,,,,,,,,,,,,0.12408,False,
socs_binding,socs,31,,,,0.00047,0.00422,-0.972,0.7888211178882112,0.79219,False,0.0073,0.0047,1,binder:V/nonbinder:V,0.999,,,0.9942,V,V,1.0,0.9879,V,V,1.0,True,,,,,,,,,,,,,,,,,,,,,0.12408,False,
socs_binding,socs,32,,,,0.00284,0.00261,0.132,0.2975702429757024,0.32606,False,0.0025,0.0,2,binder:P/nonbinder:A,0.9995,,,0.9942,P,P,1.0,1.0,A,-,0.0,True,,,,,,,,,,,,,,,,,,,,,0.12408,False,
socs_binding,socs,33,,,,0.06806,0.01418,10.321,9.999000099990002e-05,0.00014,True,0.0346,0.0,2,binder:E/nonbinder:A,0.9816,,,0.8685,E,E,37.0,1.0,A,-,0.0,True,,,,,,,,,,,,,,,,,,,,,0.12408,False,
socs_binding,socs,34,46.0,P,,0.11686,0.01638,21.535,9.999000099990002e-05,0.00014,True,0.0551,0.0,2,binder:P/nonbinder:A,0.918,,,0.7822,P,P,164.0,1.0,A,-,0.0,True,,,,,,,,,,,,,,,,,,,,,0.12408,False,
socs_binding,socs,35,47.0,A,,0.24718,0.01496,40.945,9.999000099990002e-05,0.00014,True,0.0713,0.0096,2,binder:V/nonbinder:A,0.6972,,0.0478,0.5468,V,V,606.0,0.9879,A,A,1.0,True,,,,,,,,,,,,,,,,,,,,,0.12408,True,
socs_binding,socs,36,,,,0.00164,0.00071,1.119,0.0893910608939106,0.11058,False,0.0014,0.0,2,binder:P/nonbinder:A,0.999,,,0.9967,P,P,2.0,1.0,A,-,0.0,True,,,,,,,,,,,,,,,,,,,,,0.12408,False,
socs_binding,socs,37,,,,0.02369,0.01834,0.623,0.2123787621237876,0.25207,False,0.0674,0.0647,2,binder:P/nonbinder:L,0.9697,,,0.8686,P,P,36.0,0.8879,L,L,25.0,True,,,,,,,,,,,,,,,,,,,,,0.12408,False,
socs_binding,socs,38,48.0,P,,0.19584,0.01822,25.734,9.999000099990002e-05,0.00014,True,0.1347,0.0752,1,binder:P/nonbinder:P,0.6768,,0.18779,0.4959,P,Q,623.0,0.8879,P,P,25.0,True,,,,,,,,,,,,,,,,,,,,,0.12408,True,
socs_binding,socs,39,49.0,A,,0.24684,0.02083,29.036,9.999000099990002e-05,0.00014,True,0.118,0.054,2,binder:A/nonbinder:H,0.6678,,0.27703,0.4655,A,A,641.0,0.8879,H,H,25.0,True,,,,,,,,,,,,,,,,,,,,,0.12408,True,
socs_binding,socs,40,50.0,P,,0.34094,0.02165,37.503,9.999000099990002e-05,0.00014,True,0.081,0.0548,2,binder:P/nonbinder:S,0.6459,,0.24467,0.3502,P,Q,687.0,0.8962,S,S,23.0,True,,,,,,,,,,,,,,,,,,,,,0.12408,True,
socs_binding,socs,41,51.0,G,,0.47473,0.01902,54.237,9.999000099990002e-05,0.00014,True,0.1239,0.0691,2,binder:S/nonbinder:P,0.5564,,0.14956,0.1693,S,G,867.0,0.8781,P,P,23.0,True,,,,,,,,,,,,,,,,,,,,,0.12408,True,
socs_binding,socs,42,52.0,D,,0.79573,0.02709,87.264,9.999000099990002e-05,0.00014,True,0.1432,0.0439,2,binder:P/nonbinder:S,0.3058,,0.2085,0.0408,P,T,1387.0,0.9256,S,C,5.0,True,,,,,,,,,,,,,,,,,,,,,0.12408,True,18.0
socs_binding,socs,43,53.0,T,,0.80025,0.02326,97.105,9.999000099990002e-05,0.00014,True,0.2765,0.0413,1,binder:T/nonbinder:T,0.3018,,0.10759,0.01,T,T,1393.0,0.9113,T,S,7.0,True,,,,,,,,,,,,,,,,,,,,,0.12408,True,20.0
socs_binding,socs,44,54.0,H,,0.87851,0.0334,79.587,9.999000099990002e-05,0.00014,True,0.4108,0.0491,2,binder:H/nonbinder:S,0.3013,,0.26323,0.01,H,H,1393.0,0.9064,S,G,8.0,True,,,,,,,,,,,,,,,,,,,,,0.12408,True,21.0
socs_binding,socs,45,55.0,F,KIR,0.78312,0.02482,79.581,9.999000099990002e-05,0.00014,True,0.3331,0.0569,1,binder:F/nonbinder:F,0.2999,,0.14052,0.0066,F,F,1395.0,0.8821,F,F,9.0,True,,,,,,,,,,,,,,,,,,,,,0.12408,True,22.0
socs_binding,socs,46,56.0,R,KIR,0.80416,0.03342,73.709,9.999000099990002e-05,0.00014,True,0.3038,0.0591,1,binder:R/nonbinder:R,0.2999,,0.17741,0.0066,R,K,1395.0,0.8821,R,D,9.0,True,,,,,,,,,,,,,,,,,,,,,0.12408,True,23.0
socs_binding,socs,47,,,,0.0165,0.01553,0.108,0.4176582341765823,0.44212,False,0.0215,0.0076,1,binder:L/nonbinder:L,0.9975,,,0.99,L,L,1.0,0.9415,L,L,4.0,True,,,,,,,,,,,,,,,,,,,,,0.12408,False,
socs_binding,socs,48,,,,0.04782,0.0356,1.196,0.1246875312468753,0.1495,False,0.029,0.0094,2,binder:C/nonbinder:H,0.996,,,0.99,C,C,1.0,0.9173,H,Q,7.0,True,,,,,,,,,,,,,,,,,,,,,0.12408,False,
socs_binding,socs,49,57.0,T,KIR,0.63242,0.04176,47.663,9.999000099990002e-05,0.00014,True,0.2997,0.0614,2,binder:T/nonbinder:S,0.2785,,0.29399,0.0066,T,T,1395.0,0.6637,S,L,52.0,True,,,,,,,,,,,,,,,,,,,,,0.12408,True,24.0
socs_binding,socs,50,58.0,F,KIR,0.91265,0.04125,67.833,9.999000099990002e-05,0.00014,True,0.5,0.1569,2,binder:F/nonbinder:Y,0.264,,0.77679,0.0066,F,F,1395.0,0.58,Y,Y,81.0,True,,,,,,,,,,,,,,,,,,,,,0.12408,True,25.0
socs_binding,socs,51,59.0,R,KIR,0.56454,0.03944,40.674,9.999000099990002e-05,0.00014,True,0.2674,0.0917,2,binder:S/nonbinder:A,0.1009,,0.47779,0.0071,S,S,1394.0,0.3224,A,A,409.0,False,,,,,,,,,,,,,,,,,,,,,0.12408,True,26.0
socs_binding,socs,52,60.0,S,KIR,0.52332,0.02608,46.163,9.999000099990002e-05,0.00014,True,0.3739,0.1621,1,binder:S/nonbinder:S,0.088,,0.47664,0.0089,S,S,1393.0,0.2277,S,P,436.0,False,,,,,,,,,,,,,,,,,,,,,0.12408,True,27.0
socs_binding,socs,53,61.0,H,KIR,0.43229,0.04694,25.261,9.999000099990002e-05,0.00014,True,0.2383,0.1648,2,binder:K/nonbinder:E,0.0825,,0.41919,0.03,K,K,1392.0,0.2123,E,S,448.0,False,,,,,,,,,,,,,,,,,,,,,0.12408,True,28.0
socs_binding,socs,54,62.0,A,KIR,0.2698,0.02917,21.04,9.999000099990002e-05,0.00014,True,0.2116,0.1704,2,binder:A/nonbinder:D,0.0746,,0.26138,0.0444,A,A,1389.0,0.1869,D,P,467.0,False,,,,,,,,,,,,,,,,,,,,,0.12408,True,29.0
socs_binding,socs,55,63.0,D,KIR,0.15696,0.03197,11.051,9.999000099990002e-05,0.00014,True,0.496,0.4025,1,binder:D/nonbinder:D,0.0706,,0.10788,0.019,D,E,1393.0,0.1797,D,E,471.0,False,,,,,,,,,,,,,,,,,,,,,0.12408,True,30.0
socs_binding,socs,56,64.0,Y,KIR,0.7779,0.04257,52.212,9.999000099990002e-05,0.00014,True,0.4373,0.2028,2,binder:Y/nonbinder:L,0.0701,,0.81312,0.0285,Y,Y,1391.0,0.155,L,A,474.0,False,,,,,,,,,,,,,,,,,,,,,0.12408,True,31.0
socs_binding,socs,57,,,,0.03058,0.02484,0.504,0.4392560743925607,0.45878,False,0.0235,0.0,2,binder:A/nonbinder:M,0.999,,,1.0,A,-,0.0,0.941,M,K,2.0,True,,,,,,,,,,,,,,,,,,,,,0.12408,False,
socs_binding,socs,58,,,,0.03058,0.02484,0.504,0.4392560743925607,0.45878,False,0.0215,0.0,2,binder:A/nonbinder:Y,0.999,,,1.0,A,-,0.0,0.941,Y,L,2.0,True,,,,,,,,,,,,,,,,,,,,,0.12408,False,
socs_binding,socs,59,,,,0.03058,0.02484,0.504,0.4392560743925607,0.45878,False,0.0204,0.0,1,binder:A/nonbinder:A,0.999,,,1.0,A,-,0.0,0.941,A,A,2.0,True,,,,,,,,,,,,,,,,,,,,,0.12408,False,
socs_binding,socs,60,,,,0.01622,0.01326,0.347,0.295970402959704,0.32606,False,0.0129,0.0,2,binder:A/nonbinder:G,0.9995,,,1.0,A,-,0.0,0.9684,G,G,1.0,True,,,,,,,,,,,,,,,,,,,,,0.12408,False,
socs_binding,socs,61,,,,0.01622,0.01326,0.347,0.295970402959704,0.32606,False,0.013,0.0,2,binder:A/nonbinder:V,0.9995,,,1.0,A,-,0.0,0.9684,V,V,1.0,True,,,,,,,,,,,,,,,,,,,,,0.12408,False,
socs_binding,socs,62,,,,0.02621,0.01137,1.392,0.0880911908809119,0.11058,False,0.0212,0.0,2,binder:A/nonbinder:K,0.999,,,1.0,A,-,0.0,0.9492,K,K,2.0,True,,,,,,,,,,,,,,,,,,,,,0.12408,False,
socs_binding,socs,63,,,,0.02621,0.02136,0.485,0.295970402959704,0.32606,False,0.0181,0.0,2,binder:A/nonbinder:G,0.999,,,1.0,A,-,0.0,0.9492,G,G,2.0,True,,,,,,,,,,,,,,,,,,,,,0.12408,False,
socs_binding,socs,64,,,,0.02621,0.02136,0.485,0.295970402959704,0.32606,False,0.0207,0.0,2,binder:A/nonbinder:K,0.999,,,1.0,A,-,0.0,0.9492,K,K,2.0,True,,,,,,,,,,,,,,,,,,,,,0.12408,False,
socs_binding,socs,65,,,,0.02621,0.02136,0.485,0.295970402959704,0.32606,False,0.0167,0.0,2,binder:A/nonbinder:L,0.999,,,1.0,A,-,0.0,0.9492,L,L,2.0,True,,,,,,,,,,,,,,,,,,,,,0.12408,False,
socs_binding,socs,66,65.0,R,KIR,0.27252,0.03742,16.93,9.999000099990002e-05,0.00014,True,0.202,0.1448,2,binder:Q/nonbinder:A,0.0681,,0.25321,0.0203,Q,Q,1393.0,0.1404,A,A,476.0,False,,,,,,,,,,,,,,,,,,,,,0.12408,True,32.0
socs_binding,socs,67,66.0,R,KIR,0.55193,0.03396,42.648,9.999000099990002e-05,0.00014,True,0.3574,0.3451,2,binder:L/nonbinder:R,0.0661,,0.52525,0.0039,L,L,1397.0,0.1411,R,R,476.0,False,,,,,,,,,,,,,,,,,,,,,0.12408,True,33.0
socs_binding,socs,68,67.0,I,ESS,0.57482,0.03406,38.673,9.999000099990002e-05,0.00014,True,0.5207,0.3431,2,binder:V/nonbinder:L,0.0651,,0.55035,0.0039,V,V,1397.0,0.1394,L,L,478.0,False,,,,,,,,,,,,,,,,,,,,,0.12408,True,34.0
socs_binding,socs,69,68.0,T,ESS,0.38565,0.03482,27.609,9.999000099990002e-05,0.00014,True,0.2297,0.1587,2,binder:T/nonbinder:A,0.0651,,0.34708,0.0039,T,T,1397.0,0.1394,A,A,478.0,False,,,,,,,,,,,,,,,,,,,,,0.12408,True,35.0
socs_binding,socs,70,69.0,R,ESS,0.19298,0.04021,11.125,9.999000099990002e-05,0.00014,True,0.1851,0.1042,2,binder:R/nonbinder:S,0.0641,,0.15602,0.0039,R,R,1397.0,0.1068,S,K,480.0,False,,,,,,,,,,,,,,,,,,,,,0.12408,True,36.0
socs_binding,socs,71,70.0,A,ESS,0.29963,0.04896,15.685,9.999000099990002e-05,0.00014,True,0.4798,0.3153,2,binder:T/nonbinder:A,0.0636,,0.28247,0.0047,T,A,1396.0,0.0758,A,A,482.0,False,,,,,,,,,,,,,,,,,,,,,0.12408,True,37.0
socs_binding,socs,72,71.0,S,ESS,0.48075,0.05457,27.116,9.999000099990002e-05,0.00014,True,0.291,0.2572,2,binder:S/nonbinder:M,0.0308,,0.47504,0.0037,S,V,1398.0,0.0528,M,M,546.0,False,,,,,,,,,,,,,,,,,,,,,0.12408,True,38.0
socs_binding,socs,73,72.0,A,ESS,0.29974,0.04365,18.095,9.999000099990002e-05,0.00014,True,0.2726,0.2402,1,binder:R/nonbinder:R,0.0303,,0.28824,0.0033,R,R,1399.0,0.0528,R,R,546.0,False,,,,,,,,,,,,,,,,,,,,,0.12408,True,39.0
socs_binding,socs,74,73.0,L,ESS,0.43628,0.03102,36.319,9.999000099990002e-05,0.00014,True,0.3248,0.2347,2,binder:K/nonbinder:E,0.0298,,0.42867,0.0033,K,K,1399.0,0.0525,E,E,547.0,False,,,,,,,,,,,,,,,,,,,,,0.12408,True,40.0
socs_binding,socs,75,74.0,L,ESS,0.06325,0.03922,1.891,0.0424957504249575,0.05487,False,0.6819,0.6022,1,binder:L/nonbinder:L,0.0298,,0.05586,0.0033,L,L,1399.0,0.0288,L,L,547.0,False,,,,,,,,,,,,,,,,,,,,,0.12408,False,41.0
socs_binding,socs,76,75.0,D,ESS,0.33623,0.03224,28.803,9.999000099990002e-05,0.00014,True,0.3409,0.2538,2,binder:Q/nonbinder:R,0.0288,,0.33195,0.0023,Q,Q,1400.0,0.0279,R,R,548.0,False,,,,,,,,,,,,,,,,,,,,,0.12408,True,42.0
socs_binding,socs,77,76.0,A,ESS,0.35996,0.03087,28.851,9.999000099990002e-05,0.00014,True,0.3005,0.2055,2,binder:E/nonbinder:L,0.0278,,0.35794,0.0023,E,E,1400.0,0.0211,L,Q,550.0,False,,,,,,,,,,,,,,,,,,,,,0.12408,True,43.0
socs_binding,socs,78,,,,0.04439,0.03608,0.62,0.2244775522447755,0.26376,False,0.0291,0.0,1,binder:A/nonbinder:A,0.9985,,,1.0,A,-,0.0,0.9151,A,A,3.0,True,,,,,,,,,,,,,,,,,,,,,0.12408,False,
socs_binding,socs,79,,,,0.04439,0.03608,0.62,0.2244775522447755,0.26376,False,0.027,0.0,2,binder:A/nonbinder:I,0.9985,,,1.0,A,-,0.0,0.9151,I,I,3.0,True,,,,,,,,,,,,,,,,,,,,,0.12408,False,
socs_binding,socs,80,,,,0.02882,0.01218,1.384,0.0934906509349065,0.11267,False,0.0213,0.0,2,binder:A/nonbinder:L,0.999,,,1.0,A,-,0.0,0.9443,L,L,2.0,True,,,,,,,,,,,,,,,,,,,,,0.12408,False,
socs_binding,socs,81,,,,0.01483,0.01225,0.328,0.3021697830216978,0.32606,False,0.0121,0.0,2,binder:A/nonbinder:K,0.9995,,,1.0,A,-,0.0,0.971,K,K,1.0,True,,,,,,,,,,,,,,,,,,,,,0.12408,False,
socs_binding,socs,82,,,,0.01483,0.01225,0.328,0.3021697830216978,0.32606,False,0.0127,0.0,2,binder:A/nonbinder:Q,0.9995,,,1.0,A,-,0.0,0.971,Q,Q,1.0,True,,,,,,,,,,,,,,,,,,,,,0.12408,False,
socs_binding,socs,83,,,,0.01483,0.01225,0.328,0.3021697830216978,0.32606,False,0.0122,0.0,2,binder:A/nonbinder:T,0.9995,,,1.0,A,-,0.0,0.971,T,T,1.0,True,,,,,,,,,,,,,,,,,,,,,0.12408,False,
socs_binding,socs,84,,,,0.04439,0.01201,2.396,0.0278972102789721,0.03622,True,0.037,0.0,2,binder:A/nonbinder:N,0.9985,,,1.0,A,-,0.0,0.9151,N,N,3.0,True,,,,,,,,,,,,,,,,,,,,,0.12408,False,
socs_binding,socs,85,,,,0.0301,0.02471,0.482,0.5127487251274873,0.51938,False,0.0214,0.0,2,binder:A/nonbinder:R,0.999,,,1.0,A,-,0.0,0.9419,R,K,2.0,True,,,,,,,,,,,,,,,,,,,,,0.12408,False,
socs_binding,socs,86,,,,0.0301,0.02471,0.482,0.5127487251274873,0.51938,False,0.0222,0.0,2,binder:A/nonbinder:N,0.999,,,1.0,A,-,0.0,0.9419,N,N,2.0,True,,,,,,,,,,,,,,,,,,,,,0.12408,False,
socs_binding,socs,87,,,,0.0301,0.01252,1.416,0.0912908709129087,0.11058,False,0.0243,0.0,2,binder:A/nonbinder:K,0.999,,,1.0,A,-,0.0,0.9419,K,K,2.0,True,,,,,,,,,,,,,,,,,,,,,0.12408,False,
socs_binding,socs,88,,,,0.0301,0.01252,1.416,0.0912908709129087,0.11058,False,0.0256,0.0,2,binder:A/nonbinder:Q,0.999,,,1.0,A,-,0.0,0.9419,Q,Q,2.0,True,,,,,,,,,,,,,,,,,,,,,0.12408,False,
socs_binding,socs,89,,,,0.0301,0.02471,0.482,0.5127487251274873,0.51938,False,0.022,0.0,2,binder:A/nonbinder:I,0.999,,,1.0,A,-,0.0,0.9419,I,I,2.0,True,,,,,,,,,,,,,,,,,,,,,0.12408,False,
socs_binding,socs,90,,,,0.0301,0.01252,1.416,0.0912908709129087,0.11058,False,0.025,0.0,2,binder:A/nonbinder:P,0.999,,,1.0,A,-,0.0,0.9419,P,P,2.0,True,,,,,,,,,,,,,,,,,,,,,0.12408,False,
socs_binding,socs,91,,,,0.01483,0.01225,0.328,0.3021697830216978,0.32606,False,0.0118,0.0,2,binder:A/nonbinder:S,0.9995,,,1.0,A,-,0.0,0.971,S,S,1.0,True,,,,,,,,,,,,,,,,,,,,,0.12408,False,
socs_binding,socs,92,,,,0.0301,0.01252,1.416,0.0912908709129087,0.11058,False,0.0255,0.0,2,binder:A/nonbinder:F,0.999,,,1.0,A,-,0.0,0.9419,F,F,2.0,True,,,,,,,,,,,,,,,,,,,,,0.12408,False,
socs_binding,socs,93,,,,0.0301,0.01252,1.416,0.0912908709129087,0.11058,False,0.0237,0.0,2,binder:A/nonbinder:S,0.999,,,1.0,A,-,0.0,0.9419,S,S,2.0,True,,,,,,,,,,,,,,,,,,,,,0.12408,False,
socs_binding,socs,94,,,,0.0301,0.02471,0.482,0.5127487251274873,0.51938,False,0.0237,0.0,2,binder:A/nonbinder:H,0.999,,,1.0,A,-,0.0,0.9419,H,H,2.0,True,,,,,,,,,,,,,,,,,,,,,0.12408,False,
socs_binding,socs,95,,,,0.0301,0.01252,1.416,0.0912908709129087,0.11058,False,0.0222,0.0,2,binder:A/nonbinder:L,0.999,,,1.0,A,-,0.0,0.9419,L,L,2.0,True,,,,,,,,,,,,,,,,,,,,,0.12408,False,
socs_binding,socs,96,,,,0.04439,0.02388,1.428,0.0912908709129087,0.11058,False,0.0279,0.0,2,binder:A/nonbinder:L,0.9985,,,1.0,A,-,0.0,0.9151,L,L,3.0,True,,,,,,,,,,,,,,,,,,,,,0.12408,False,
socs_binding,socs,97,77.0,C,ESS,0.24729,0.02463,24.19,9.999000099990002e-05,0.00014,True,0.6285,0.5058,1,binder:S/nonbinder:S,0.0298,,0.24535,0.0027,S,S,1399.0,0.0184,S,T,547.0,False,,,,,,,,,,,,,,,,,,,,,0.12408,True,44.0
socs_binding,socs,98,,,,0.00288,0.00242,0.294,0.301969803019698,0.32606,False,0.0023,0.0,2,binder:A/nonbinder:G,0.9995,,,1.0,A,-,0.0,0.9943,G,G,1.0,True,,,,,,,,,,,,,,,,,,,,,0.12408,False,
socs_binding,socs,99,,,,0.00556,0.00465,0.423,0.5037496250374962,0.51922,False,0.0037,0.0,2,binder:A/nonbinder:I,0.999,,,1.0,A,-,0.0,0.9891,I,I,2.0,True,,,,,,,,,,,,,,,,,,,,,0.12408,False,
socs_binding,socs,100,78.0,G,ESS,0.05642,0.02782,3.276,0.002999700029997,0.0041,True,0.6869,0.6516,1,binder:G/nonbinder:G,0.0164,,0.05543,0.0027,G,G,1399.0,0.0102,G,G,574.0,False,,,,,,,,,,,,,,,,,,,,,0.12408,False,45.0
socs_binding,socs,101,79.0,F,SH2,0.66793,0.01678,87.819,9.999000099990002e-05,0.00014,True,0.7994,0.7798,2,binder:F/nonbinder:W,0.0134,,0.67042,0.0023,F,F,1400.0,0.0085,W,W,579.0,False,,,,,,,,,,,,,,,,,,,,,0.12408,True,46.0
socs_binding,socs,102,80.0,Y,SH2,0.00071,0.00332,-0.75,0.7098290170982902,0.71592,False,0.8712,0.8678,1,binder:Y/nonbinder:Y,0.0134,,0.0,0.0023,Y,Y,1400.0,0.0085,Y,Y,579.0,False,,,,,,,,,,,,,,,,,,,,,0.12408,False,47.0
socs_binding,socs,103,81.0,W,SH2,0.21679,0.00684,37.485,9.999000099990002e-05,0.00014,True,0.8509,0.7923,1,binder:W/nonbinder:W,0.0129,,0.21739,0.0023,W,W,1400.0,0.006,W,W,580.0,False,,,,,,,,,,,,,,,,,,,,,0.12408,True,48.0
socs_binding,socs,104,82.0,G,SH2,0.2347,0.01899,20.547,9.999000099990002e-05,0.00014,True,0.6219,0.5788,1,binder:G/nonbinder:G,0.0129,,0.23538,0.0023,G,G,1400.0,0.006,G,G,580.0,False,,,,,,,,,,,,,,,,,,,,,0.12408,True,49.0
socs_binding,socs,105,83.0,P,SH2,0.68063,0.03184,52.693,9.999000099990002e-05,0.00014,True,0.4883,0.3636,2,binder:P/nonbinder:S,0.0124,,0.6831,0.0023,P,P,1400.0,0.0055,S,S,581.0,False,,,,,,,,,,,,,,,,,,,,,0.12408,True,50.0
socs_binding,socs,106,84.0,L,SH2,0.05912,0.02025,4.736,9.999000099990002e-05,0.00014,True,0.5676,0.5665,1,binder:L/nonbinder:L,0.005,,0.05938,0.0023,L,L,1400.0,0.0009,L,M,596.0,False,,,,,,,,,,,,,,,,,,,,,0.12408,False,51.0
socs_binding,socs,107,85.0,S,SH2,0.08327,0.01878,8.703,9.999000099990002e-05,0.00014,True,0.4977,0.4533,1,binder:T/nonbinder:T,0.005,,0.08357,0.0023,T,T,1400.0,0.0009,T,T,596.0,False,,,,,,,,,,,,,,,,,,,,,0.12408,False,52.0
socs_binding,socs,108,86.0,V,SH2,0.5658,0.04084,42.969,9.999000099990002e-05,0.00014,True,0.5337,0.4543,2,binder:V/nonbinder:W,0.005,,0.56688,0.0023,V,G,1400.0,0.0009,W,V,596.0,False,,,,,,,,,,,,,,,,,,,,,0.12408,True,53.0
socs_binding,socs,109,87.0,H,SH2,0.39653,0.02285,36.311,9.999000099990002e-05,0.00014,True,0.2852,0.2496,2,binder:E/nonbinder:A,0.005,,0.39733,0.0023,E,G,1400.0,0.0009,A,N,596.0,False,,,,,,,,,,,,,,,,,,,,,0.12408,True,54.0
socs_binding,socs,110,88.0,G,SH2,0.13329,0.01937,13.838,9.999000099990002e-05,0.00014,True,0.5039,0.4617,1,binder:E/nonbinder:E,0.005,,0.13367,0.0023,E,E,1400.0,0.0009,E,E,596.0,False,,,,,,,,,,,,,,,,,,,,,0.12408,True,55.0
socs_binding,socs,111,89.0,A,SH2,0.1189,0.01212,14.627,9.999000099990002e-05,0.00014,True,0.7295,0.6644,1,binder:A/nonbinder:A,0.005,,0.11925,0.0023,A,A,1400.0,0.0009,A,A,596.0,False,,,,,,,,,,,,,,,,,,,,,0.12408,False,56.0
socs_binding,socs,112,90.0,H,SH2,0.71252,0.03052,63.116,9.999000099990002e-05,0.00014,True,0.5464,0.4026,2,binder:H/nonbinder:K,0.005,,0.71384,0.0023,H,H,1400.0,0.0009,K,K,596.0,False,,,,,,,,,,,,,,,,,,,,,0.12408,True,57.0
socs_binding,socs,113,91.0,E,SH2,0.12369,0.02623,9.172,9.999000099990002e-05,0.00014,True,0.2289,0.1824,1,binder:E/nonbinder:E,0.004,,0.12272,0.0023,E,E,1400.0,0.0,E,E,598.0,False,,,,,,,,,,,,,,,,,,,,,0.12408,False,58.0
socs_binding,socs,114,92.0,R,SH2,0.16558,0.03128,11.815,9.999000099990002e-05,0.00014,True,0.3869,0.3424,1,binder:L/nonbinder:L,0.004,,0.16466,0.0023,L,L,1400.0,0.0,L,K,598.0,False,,,,,,,,,,,,,,,,,,,,,0.12408,True,59.0
socs_binding,socs,115,93.0,L,SH2,0.00087,7e-05,5.441,0.0008999100089991,0.00124,True,0.7635,0.7628,1,binder:L/nonbinder:L,0.004,,0.0,0.0018,L,L,1400.0,0.0,L,L,598.0,False,,,,,,,,,,,,,,,,,,,,,0.12408,False,60.0
socs_binding,socs,116,94.0,R,SH2,0.28332,0.02861,23.462,9.999000099990002e-05,0.00014,True,0.3908,0.3411,2,binder:K/nonbinder:Q,0.0035,,0.28292,0.0011,K,S,1401.0,0.0,Q,Q,598.0,False,,,,,,,,,,,,,,,,,,,,,0.12408,True,61.0
socs_binding,socs,117,95.0,A,SH2,0.24238,0.02832,20.402,9.999000099990002e-05,0.00014,True,0.2939,0.2086,2,binder:S/nonbinder:D,0.0035,,0.24196,0.0011,S,A,1401.0,0.0,D,D,598.0,False,,,,,,,,,,,,,,,,,,,,,0.12408,True,62.0
socs_binding,socs,118,96.0,E,SH2,0.42844,0.02352,41.276,9.999000099990002e-05,0.00014,True,0.4611,0.448,2,binder:E/nonbinder:A,0.0035,,0.42813,0.0011,E,E,1401.0,0.0,A,A,598.0,False,,,,,,,,,,,,,,,,,,,,,0.12408,True,63.0
socs_binding,socs,119,97.0,P,SH2,0.16341,0.02992,13.069,9.999000099990002e-05,0.00014,True,0.4593,0.3458,1,binder:P/nonbinder:P,0.004,,0.16323,0.0011,P,P,1401.0,0.0052,P,P,597.0,False,,,,,,,,,,,,,,,,,,,,,0.12408,True,64.0
socs_binding,socs,120,98.0,V,SH2,0.31176,0.02163,35.402,9.999000099990002e-05,0.00014,True,0.3629,0.3001,2,binder:L/nonbinder:E,0.004,,0.31205,0.0011,L,A,1401.0,0.0052,E,E,597.0,False,,,,,,,,,,,,,,,,,,,,,0.12408,True,65.0
socs_binding,socs,121,99.0,G,SH2,0.00438,0.00433,0.028,0.4861513848615138,0.50328,False,0.8028,0.7914,1,binder:G/nonbinder:G,0.004,,0.0037,0.0011,G,G,1401.0,0.0052,G,G,597.0,False,,,,,,,,,,,,,,,,,,,,,0.12408,False,66.0
socs_binding,socs,122,100.0,T,SH2,0.08733,0.01656,10.272,9.999000099990002e-05,0.00014,True,0.6485,0.5847,1,binder:T/nonbinder:T,0.001,,0.08624,0.0005,T,T,1407.0,0.0052,T,T,597.0,False,,,,,,,,,,,,,,,,,,,,,0.12408,False,67.0
socs_binding,socs,123,101.0,F,SH2,0.04491,0.00313,16.525,9.999000099990002e-05,0.00014,True,0.8404,0.8351,1,binder:F/nonbinder:F,0.0015,,0.04348,0.0005,F,F,1407.0,0.0057,F,F,596.0,False,,,,,,,,,,,,,,,,,,,,,0.12408,False,68.0
socs_binding,socs,124,102.0,L,SH2,0.03661,0.00442,8.962,9.999000099990002e-05,0.00014,True,0.7197,0.6757,1,binder:L/nonbinder:L,0.0015,,0.03516,0.0005,L,L,1407.0,0.0057,L,L,596.0,False,,,,,,,,,,,,,,,,,,,,,0.12408,False,69.0
socs_binding,socs,125,103.0,V,SH2,0.23186,0.00871,38.618,9.999000099990002e-05,0.00014,True,0.6258,0.5818,2,binder:I/nonbinder:V,0.0015,,0.231,0.0005,I,I,1407.0,0.0057,V,V,596.0,False,,,,,,,,,,,,,,,,,,,,,0.12408,True,70.0
socs_binding,socs,126,104.0,R,SH2,0.00156,0.00152,0.03,0.4543545645435456,0.47245,False,0.8464,0.8442,1,binder:R/nonbinder:R,0.0015,,0.0,0.0005,R,R,1407.0,0.0057,R,R,596.0,False,,,,,,,,,,,,,,,,,,,,,0.12408,False,71.0
socs_binding,socs,127,105.0,D,SH2,0.05122,0.00845,6.313,0.0001999800019998,0.00028,True,0.7926,0.7669,1,binder:D/nonbinder:D,0.0005,,0.05097,0.0,D,D,1408.0,0.0005,D,D,597.0,False,,,,,,,,,,,,,,,,,,,,,0.12408,False,72.0
socs_binding,socs,128,106.0,S,SH2,0.00026,0.00021,0.312,0.291970802919708,0.32606,False,0.8141,0.8139,1,binder:S/nonbinder:S,0.0005,,0.0,0.0,S,S,1408.0,0.0005,S,S,597.0,False,,,,,,,,,,,,,,,,,,,,,0.12408,False,73.0
socs_binding,socs,129,107.0,R,SH2,0.35165,0.03478,30.017,9.999000099990002e-05,0.00014,True,0.511,0.4147,1,binder:S/nonbinder:S,0.0005,,0.35148,0.0,S,S,1408.0,0.0005,S,S,597.0,False,,,,,,,,,,,,,,,,,,,,,0.12408,True,74.0
socs_binding,socs,130,108.0,Q,SH2,0.43864,0.03167,32.197,9.999000099990002e-05,0.00014,True,0.6632,0.5732,2,binder:Q/nonbinder:D,0.0005,,0.43849,0.0,Q,D,1408.0,0.0005,D,H,597.0,False,,,,,,,,,,,,,,,,,,,,,0.12408,True,75.0
socs_binding,socs,131,109.0,R,SH2,0.37474,0.03211,27.929,9.999000099990002e-05,0.00014,True,0.3304,0.3225,2,binder:K/nonbinder:S,0.001,,0.37533,0.001,K,Q,1407.0,0.0005,S,S,597.0,False,,,,,,,,,,,,,,,,,,,,,0.12408,True,76.0
socs_binding,socs,132,110.0,N,SH2,0.20074,0.02365,17.485,9.999000099990002e-05,0.00014,True,0.4953,0.389,1,binder:D/nonbinder:D,0.0,,0.20074,0.0,D,R,1408.0,0.0,D,D,598.0,False,,,,,,,,,,,,,,,,,,,,,0.12408,True,77.0
socs_binding,socs,133,111.0,C,SH2,0.68225,0.02062,73.385,9.999000099990002e-05,0.00014,True,0.6959,0.6441,2,binder:V/nonbinder:Y,0.0,,0.68225,0.0,V,H,1408.0,0.0,Y,Y,598.0,False,,,,,,,,,,,,,,,,,,,,,0.12408,True,78.0
socs_binding,socs,134,112.0,F,SH2,0.70782,0.01393,105.987,9.999000099990002e-05,0.00014,True,0.669,0.5892,2,binder:F/nonbinder:L,0.0,,0.70782,0.0,F,F,1408.0,0.0,L,L,598.0,False,,,,,,,,,,,,,,,,,,,,,0.12408,True,79.0
socs_binding,socs,135,113.0,F,SH2,0.29498,0.00556,47.799,9.999000099990002e-05,0.00014,True,0.7588,0.6651,1,binder:F/nonbinder:F,0.0,,0.29498,0.0,F,F,1408.0,0.0,F,L,598.0,False,,,,,,,,,,,,,,,,,,,,,0.12408,True,80.0
socs_binding,socs,136,114.0,A,SH2,0.05408,0.0048,10.79,9.999000099990002e-05,0.00014,True,0.6513,0.6353,1,binder:T/nonbinder:T,0.0,,0.05408,0.0,T,T,1408.0,0.0,T,T,598.0,False,,,,,,,,,,,,,,,,,,,,,0.12408,False,81.0
socs_binding,socs,137,115.0,L,SH2,0.08988,0.00318,23.876,9.999000099990002e-05,0.00014,True,0.628,0.6141,1,binder:L/nonbinder:L,0.0,,0.08988,0.0,L,L,1408.0,0.0,L,I,598.0,False,,,,,,,,,,,,,,,,,,,,,0.12408,False,82.0
socs_binding,socs,138,116.0,S,SH2,0.01524,0.01454,0.091,0.3943605639436056,0.41934,False,0.7681,0.7436,1,binder:S/nonbinder:S,0.0,,0.01524,0.0,S,S,1408.0,0.0,S,S,598.0,False,,,,,,,,,,,,,,,,,,,,,0.12408,False,83.0
socs_binding,socs,139,117.0,V,SH2,0.2752,0.01603,27.811,9.999000099990002e-05,0.00014,True,0.6198,0.5677,1,binder:V/nonbinder:V,0.0,,0.2752,0.0,V,V,1408.0,0.0,V,V,598.0,False,,,,,,,,,,,,,,,,,,,,,0.12408,True,84.0
socs_binding,socs,140,118.0,K,SH2,0.13961,0.01162,20.099,9.999000099990002e-05,0.00014,True,0.6085,0.583,1,binder:K/nonbinder:K,0.0,,0.13961,0.0,K,K,1408.0,0.0,K,K,598.0,False,,,,,,,,,,,,,,,,,,,,,0.12408,True,85.0
socs_binding,socs,141,119.0,M,SH2,0.30323,0.0152,48.022,9.999000099990002e-05,0.00014,True,0.6436,0.4893,1,binder:T/nonbinder:T,0.0,,0.30323,0.0,T,T,1408.0,0.0,T,T,598.0,False,,,,,,,,,,,,,,,,,,,,,0.12408,True,86.0
socs_binding,socs,142,120.0,A,SH2,0.30858,0.03399,25.193,9.999000099990002e-05,0.00014,True,0.3069,0.2955,2,binder:A/nonbinder:S,0.0,,0.30858,0.0,A,A,1408.0,0.0,S,S,598.0,False,,,,,,,,,,,,,,,,,,,,,0.12408,True,87.0
socs_binding,socs,143,121.0,S,SH2,0.57676,0.03944,42.408,9.999000099990002e-05,0.00014,True,0.33,0.3007,2,binder:S/nonbinder:A,0.0,,0.57676,0.0,S,S,1408.0,0.0,A,A,598.0,False,,,,,,,,,,,,,,,,,,,,,0.12408,True,88.0
socs_binding,socs,144,122.0,G,SH2,0.03237,0.01918,2.185,0.0238976102389761,0.0312,True,0.7438,0.6969,1,binder:G/nonbinder:G,0.0,,0.03237,0.0,G,G,1408.0,0.0,G,G,598.0,False,,,,,,,,,,,,,,,,,,,,,0.12408,False,89.0
socs_binding,socs,145,123.0,P,SH2,0.10487,0.01638,9.451,9.999000099990002e-05,0.00014,True,0.662,0.6511,1,binder:P/nonbinder:P,0.0,,0.10487,0.0,P,T,1408.0,0.0,P,P,598.0,False,,,,,,,,,,,,,,,,,,,,,0.12408,False,90.0
socs_binding,socs,146,124.0,T,SH2,0.27343,0.01907,32.877,9.999000099990002e-05,0.00014,True,0.6126,0.5276,1,binder:T/nonbinder:T,0.0,,0.27343,0.0,T,K,1408.0,0.0,T,T,598.0,False,,,,,,,,,,,,,,,,,,,,,0.12408,True,91.0
socs_binding,socs,147,125.0,S,SH2,0.07309,0.00836,11.915,9.999000099990002e-05,0.00014,True,0.7174,0.7062,2,binder:S/nonbinder:N,0.0,,0.07309,0.0,S,N,1408.0,0.0,N,N,598.0,False,,,,,,,,,,,,,,,,,,,,,0.12408,False,92.0
socs_binding,socs,148,126.0,I,SH2,0.07174,0.01775,8.469,9.999000099990002e-05,0.00014,True,0.5573,0.5456,2,binder:V/nonbinder:L,0.0005,,0.07059,0.0,V,L,1408.0,0.0024,L,L,597.0,False,,,,,,,,,,,,,,,,,,,,,0.12408,False,93.0
socs_binding,socs,149,127.0,R,SH2,0.00731,0.00638,0.367,0.3530646935306469,0.37714,False,0.8348,0.8309,1,binder:R/nonbinder:R,0.0005,,0.00609,0.0,R,R,1408.0,0.0024,R,R,597.0,False,,,,,,,,,,,,,,,,,,,,,0.12408,False,94.0
socs_binding,socs,150,128.0,V,SH2,0.04852,0.00483,13.256,9.999000099990002e-05,0.00014,True,0.6745,0.6727,1,binder:I/nonbinder:I,0.0005,,0.04735,0.0,I,I,1408.0,0.0024,I,I,597.0,False,,,,,,,,,,,,,,,,,,,,,0.12408,False,95.0
socs_binding,socs,151,129.0,H,SH2,0.48255,0.04739,31.257,9.999000099990002e-05,0.00014,True,0.3794,0.3503,2,binder:Q/nonbinder:E,0.0005,,0.48189,0.0,Q,Q,1408.0,0.0024,E,E,597.0,False,,,,,,,,,,,,,,,,,,,,,0.12408,True,96.0
socs_binding,socs,152,130.0,F,SH2,0.50284,0.01574,71.195,9.999000099990002e-05,0.00014,True,0.6706,0.552,2,binder:F/nonbinder:Y,0.001,,0.5029,0.0001,F,C,1407.0,0.0024,Y,Y,597.0,False,,,,,,,,,,,,,,,,,,,,,0.12408,True,97.0
socs_binding,socs,153,131.0,Q,SH2,0.17697,0.03239,13.079,9.999000099990002e-05,0.00014,True,0.3187,0.2321,1,binder:Q/nonbinder:Q,0.001,,0.17663,0.0001,Q,E,1407.0,0.0024,Q,Q,597.0,False,,,,,,,,,,,,,,,,,,,,,0.12408,True,98.0
socs_binding,socs,154,132.0,A,SH2,0.26822,0.02497,25.871,9.999000099990002e-05,0.00014,True,0.2457,0.2349,2,binder:G/nonbinder:D,0.001,,0.26799,0.0001,G,G,1407.0,0.0024,D,D,597.0,False,,,,,,,,,,,,,,,,,,,,,0.12408,True,99.0
socs_binding,socs,155,133.0,G,SH2,0.34386,0.03624,26.808,9.999000099990002e-05,0.00014,True,0.4944,0.3069,1,binder:G/nonbinder:G,0.002,,0.33255,0.0001,G,G,1407.0,0.0347,G,G,595.0,False,,,,,,,,,,,,,,,,,,,,,0.12408,True,100.0
socs_binding,socs,156,134.0,R,SH2,0.3363,0.02838,31.9,9.999000099990002e-05,0.00014,True,0.3737,0.344,2,binder:R/nonbinder:K,0.0015,,0.33454,0.0001,R,S,1407.0,0.0073,K,K,596.0,False,,,,,,,,,,,,,,,,,,,,,0.12408,True,101.0
socs_binding,socs,157,135.0,F,SH2,0.01063,0.00778,0.653,0.2961703829617038,0.32606,False,0.8623,0.8489,1,binder:F/nonbinder:F,0.0015,,0.00769,0.0001,F,F,1407.0,0.0073,F,F,596.0,False,,,,,,,,,,,,,,,,,,,,,0.12408,False,102.0
socs_binding,socs,158,136.0,H,SH2,0.61378,0.03154,52.224,9.999000099990002e-05,0.00014,True,0.4662,0.4629,2,binder:S/nonbinder:R,0.0015,,0.61303,0.0001,S,S,1407.0,0.0073,R,R,596.0,False,,,,,,,,,,,,,,,,,,,,,0.12408,True,103.0
socs_binding,socs,159,137.0,L,SH2,0.05858,0.00993,6.911,9.999000099990002e-05,0.00014,True,0.7082,0.6815,1,binder:L/nonbinder:L,0.0015,,0.05582,0.0001,L,L,1407.0,0.0073,L,L,596.0,False,,,,,,,,,,,,,,,,,,,,,0.12408,False,104.0
socs_binding,socs,160,138.0,D,SH2,0.47392,0.02577,49.017,9.999000099990002e-05,0.00014,True,0.5606,0.326,1,binder:D/nonbinder:D,0.001,,0.47394,0.0001,D,Q,1407.0,0.0024,D,D,597.0,False,,,,,,,,,,,,,,,,,,,,,0.12408,True,105.0
socs_binding,socs,161,139.0,G,SH2,0.66817,0.0291,60.931,9.999000099990002e-05,0.00014,True,0.5698,0.5487,2,binder:G/nonbinder:S,0.001,,0.66843,0.0001,G,G,1407.0,0.0024,S,S,597.0,False,,,,,,,,,,,,,,,,,,,,,0.12408,True,106.0
socs_binding,socs,162,140.0,S,SH2,0.75361,0.03303,73.071,9.999000099990002e-05,0.00014,True,0.326,0.0965,2,binder:S/nonbinder:D,0.2864,,0.22477,0.0212,S,D,1405.0,0.8597,D,D,26.0,True,,,,,,,,,,,,,,,,,,,,,0.12408,True,107.0
socs_binding,socs,163,141.0,R,SH2,0.7361,0.02735,70.687,9.999000099990002e-05,0.00014,True,0.2078,0.0802,2,binder:P/nonbinder:R,0.2829,,0.27549,0.0212,P,P,1405.0,0.8228,R,R,33.0,True,,,,,,,,,,,,,,,,,,,,,0.12408,True,108.0
socs_binding,socs,164,142.0,E,SH2,0.86849,0.03666,78.847,9.999000099990002e-05,0.00014,True,0.267,0.0884,2,binder:R/nonbinder:P,0.2815,,0.38367,0.0001,R,E,1407.0,0.8184,P,P,34.0,True,,,,,,,,,,,,,,,,,,,,,0.12408,True,109.0
socs_binding,socs,165,143.0,S,SH2,0.77522,0.02533,87.19,9.999000099990002e-05,0.00014,True,0.2555,0.067,2,binder:S/nonbinder:L,0.2815,,0.22936,0.0001,S,S,1407.0,0.8184,L,L,34.0,True,,,,,,,,,,,,,,,,,,,,,0.12408,True,110.0
socs_binding,socs,166,144.0,F,SH2,0.03225,0.02496,0.787,0.2410758924107589,0.28185,False,0.8214,0.8044,1,binder:F/nonbinder:F,0.002,,0.03073,0.0001,F,F,1407.0,0.0045,F,F,595.0,False,,,,,,,,,,,,,,,,,,,,,0.12408,False,117.0
socs_binding,socs,167,145.0,D,SH2,0.19432,0.02591,14.328,9.999000099990002e-05,0.00014,True,0.4522,0.4134,1,binder:D/nonbinder:D,0.002,,0.19317,0.0001,D,D,1407.0,0.0045,D,D,595.0,False,,,,,,,,,,,,,,,,,,,,,0.12408,True,118.0
socs_binding,socs,168,146.0,C,SH2,0.1675,0.02065,15.569,9.999000099990002e-05,0.00014,True,0.6602,0.592,2,binder:C/nonbinder:S,0.002,,0.16629,0.0001,C,C,1407.0,0.0045,S,S,595.0,False,,,,,,,,,,,,,,,,,,,,,0.12408,True,119.0
socs_binding,socs,169,147.0,L,SH2,0.34196,0.0092,52.933,9.999000099990002e-05,0.00014,True,0.5831,0.5704,2,binder:L/nonbinder:V,0.002,,0.34114,0.0001,L,V,1407.0,0.0045,V,V,595.0,False,,,,,,,,,,,,,,,,,,,,,0.12408,True,120.0
socs_binding,socs,170,148.0,F,SH2,0.68423,0.02166,69.813,9.999000099990002e-05,0.00014,True,0.5962,0.5376,2,binder:F/nonbinder:V,0.002,,0.68419,0.0001,F,L,1407.0,0.0045,V,V,595.0,False,,,,,,,,,,,,,,,,,,,,,0.12408,True,121.0
socs_binding,socs,171,149.0,E,SH2,0.37631,0.03207,29.962,9.999000099990002e-05,0.00014,True,0.3862,0.3482,2,binder:K/nonbinder:H,0.002,,0.37558,0.0001,K,K,1407.0,0.0045,H,H,595.0,False,,,,,,,,,,,,,,,,,,,,,0.12408,True,122.0
socs_binding,socs,172,150.0,L,SH2,0.02181,0.00285,8.694,9.999000099990002e-05,0.00014,True,0.7333,0.7266,1,binder:L/nonbinder:L,0.002,,0.02027,0.0001,L,L,1407.0,0.0045,L,L,595.0,False,,,,,,,,,,,,,,,,,,,,,0.12408,False,123.0
socs_binding,socs,173,151.0,L,SH2,0.26779,0.00452,58.776,9.999000099990002e-05,0.00014,True,0.6093,0.5974,2,binder:L/nonbinder:V,0.0025,,0.26914,0.0033,L,L,1406.0,0.0045,V,I,595.0,False,,,,,,,,,,,,,,,,,,,,,0.12408,True,124.0
socs_binding,socs,174,152.0,E,SH2,0.34892,0.03764,26.946,9.999000099990002e-05,0.00014,True,0.4686,0.4329,1,binder:E/nonbinder:E,0.002,,0.34812,0.0001,E,E,1407.0,0.0045,E,E,595.0,False,,,,,,,,,,,,,,,,,,,,,0.12408,True,125.0
socs_binding,socs,175,153.0,H,SH2,0.1701,0.02976,13.479,9.999000099990002e-05,0.00014,True,0.7331,0.7192,2,binder:H/nonbinder:Y,0.002,,0.16889,0.0001,H,H,1407.0,0.0045,Y,Y,595.0,False,,,,,,,,,,,,,,,,,,,,,0.12408,True,126.0
socs_binding,socs,176,154.0,Y,SH2,0.06018,0.02966,2.73,0.0100989901009899,0.01356,True,0.8268,0.8212,1,binder:Y/nonbinder:Y,0.002,,0.05873,0.0001,Y,Y,1407.0,0.0045,Y,Y,595.0,False,,,,,,,,,,,,,,,,,,,,,0.12408,False,127.0
socs_binding,socs,177,155.0,V,SH2,0.32214,0.02941,27.672,9.999000099990002e-05,0.00014,True,0.4572,0.4509,2,binder:M/nonbinder:V,0.0025,,0.31987,0.0001,M,M,1407.0,0.0087,V,V,594.0,False,,,,,,,,,,,,,,,,,,,,,0.12408,True,128.0
socs_binding,socs,178,156.0,A,SH2,0.38365,0.02498,35.135,9.999000099990002e-05,0.00014,True,0.3599,0.1816,1,binder:S/nonbinder:S,0.0075,,0.38628,0.005,S,P,1398.0,0.0092,S,C,593.0,False,,,,,,,,,,,,,,,,,,,,,0.12408,True,130.0
socs_binding,socs,179,157.0,A,SH2,0.65752,0.04187,47.388,9.999000099990002e-05,0.00014,True,0.3841,0.3636,2,binder:S/nonbinder:K,0.2675,,0.69735,0.2612,S,S,880.0,0.0454,K,K,588.0,False,,,,,,,,,,,,,,,,,,,,,0.12408,True,131.0
socs_binding,socs,180,158.0,P,SH2,0.08514,0.01069,14.239,9.999000099990002e-05,0.00014,True,0.3928,0.3507,1,binder:P/nonbinder:P,0.0905,,0.08335,0.2614,P,P,1322.0,0.4631,P,P,502.0,False,,,,,,,,,,,,,,,,,,,,,0.12408,False,148.0
socs_binding,socs,181,159.0,R,SH2,0.68602,0.03065,61.546,9.999000099990002e-05,0.00014,True,0.3212,0.2759,2,binder:K/nonbinder:D,0.2616,,0.79212,0.1107,K,R,1362.0,0.4678,D,D,119.0,False,,,,,,,,,,,,,,,,,,,,,0.12408,True,162.0
socs_binding,socs,182,160.0,R,SH2,0.32136,0.0352,23.904,9.999000099990002e-05,0.00014,True,0.3302,0.2013,2,binder:K/nonbinder:S,0.0522,,0.3419,0.0522,K,R,1397.0,0.0866,S,S,504.0,False,,,,,,,,,,,,,,,,,,,,,0.12408,True,163.0
socs_binding,socs,183,161.0,M,SH2;SOCS_box,0.56345,0.04051,40.654,9.999000099990002e-05,0.00014,True,0.3351,0.2549,2,binder:S/nonbinder:N,0.007,,0.57186,0.0522,S,V,1397.0,0.0113,N,N,595.0,False,,,,,,,,,,,,,,,,,,,,,0.12408,True,164.0
socs_binding,socs,184,162.0,L,SOCS_box,0.04565,0.01952,3.442,0.0042995700429957,0.00584,True,0.677,0.6459,1,binder:L/nonbinder:L,0.001,,0.04253,0.0119,L,L,1407.0,0.0011,L,L,597.0,False,,,,,,,,,,,,,,,,,,,,,0.12408,False,178.0
socs_binding,socs,185,163.0,G,SOCS_box,0.39125,0.03237,33.253,9.999000099990002e-05,0.00014,True,0.3294,0.301,2,binder:S/nonbinder:T,0.001,,0.39046,0.0119,S,S,1407.0,0.0011,T,T,597.0,False,,,,,,,,,,,,,,,,,,,,,0.12408,True,179.0
socs_binding,socs,186,164.0,A,SOCS_box,0.27063,0.02574,28.472,9.999000099990002e-05,0.00014,True,0.394,0.2826,2,binder:R/nonbinder:K,0.001,,0.26903,0.0119,R,R,1407.0,0.0011,K,K,597.0,False,,,,,,,,,,,,,,,,,,,,,0.12408,True,180.0
socs_binding,socs,187,165.0,P,SOCS_box,0.01947,0.00632,3.066,0.0111988801119888,0.01487,True,0.8329,0.8048,1,binder:P/nonbinder:P,0.001,,0.01617,0.0119,P,P,1407.0,0.0011,P,P,597.0,False,,,,,,,,,,,,,,,,,,,,,0.12408,False,181.0
socs_binding,socs,188,166.0,L,SOCS_box,0.30865,0.02251,34.157,9.999000099990002e-05,0.00014,True,0.5686,0.5167,1,binder:L/nonbinder:L,0.001,,0.30729,0.0119,L,L,1407.0,0.0011,L,L,597.0,False,,,,,,,,,,,,,,,,,,,,,0.12408,True,182.0
socs_binding,socs,189,167.0,R,SOCS_box,0.5114,0.03197,45.832,9.999000099990002e-05,0.00014,True,0.5296,0.528,2,binder:R/nonbinder:Y,0.001,,0.51141,0.0119,R,R,1407.0,0.0011,Y,Y,597.0,False,,,,,,,,,,,,,,,,,,,,,0.12408,True,183.0
socs_binding,socs,190,168.0,Q,SOCS_box,0.28946,0.03555,21.247,9.999000099990002e-05,0.00014,True,0.3835,0.3781,2,binder:K/nonbinder:T,0.0015,,0.28778,0.0126,K,S,1406.0,0.0011,T,T,597.0,False,,,,,,,,,,,,,,,,,,,,,0.12408,True,184.0
socs_binding,socs,191,169.0,R,SOCS_box,0.45923,0.02203,60.917,9.999000099990002e-05,0.00014,True,0.131,0.0054,2,binder:V/nonbinder:E,0.6479,,0.02573,0.313,V,V,704.0,0.9934,E,E,2.0,True,,,,,,,,,,,,,,,,,,,,,0.12408,True,
socs_binding,socs,192,170.0,R,SOCS_box,0.21314,0.0181,23.506,9.999000099990002e-05,0.00014,True,0.3347,0.3209,2,binder:R/nonbinder:S,0.0005,,0.2127,0.0,R,R,1408.0,0.0011,S,S,597.0,False,,,,,,,,,,,,,,,,,,,,,0.12408,True,185.0
socs_binding,socs,193,,,,0.01804,0.01493,0.426,0.3024697530246975,0.32606,False,0.014,0.0,2,binder:A/nonbinder:H,0.999,,,1.0,A,-,0.0,0.9649,H,G,2.0,True,,,,,,,,,,,,,,,,,,,,,0.12408,False,
socs_binding,socs,194,171.0,V,SOCS_box,0.34552,0.02207,32.987,9.999000099990002e-05,0.00014,True,0.4441,0.4392,1,binder:V/nonbinder:V,0.0368,,0.30178,0.1333,V,V,1335.0,0.0011,V,A,597.0,False,,,,,,,,,,,,,,,,,,,,,0.12408,True,186.0
socs_binding,socs,195,172.0,R,SOCS_box,0.4152,0.02888,37.424,9.999000099990002e-05,0.00014,True,0.4681,0.3668,2,binder:S/nonbinder:P,0.0005,,0.41486,0.0,S,S,1408.0,0.0011,P,P,597.0,False,,,,,,,,,,,,,,,,,,,,,0.12408,True,187.0
socs_binding,socs,196,173.0,P,SOCS_box,0.28949,0.0329,23.096,9.999000099990002e-05,0.00014,True,0.4977,0.4851,2,binder:T/nonbinder:S,0.0005,,0.28909,0.0,T,T,1408.0,0.0011,S,S,597.0,False,,,,,,,,,,,,,,,,,,,,,0.12408,True,188.0
socs_binding,socs,197,174.0,L,SOCS_box,0.00056,0.00047,0.303,0.2942705729427057,0.32606,False,0.7637,0.7633,1,binder:L/nonbinder:L,0.0005,,0.0,0.0,L,L,1408.0,0.0011,L,L,597.0,False,,,,,,,,,,,,,,,,,,,,,0.12408,False,189.0
socs_binding,socs,198,175.0,Q,SOCS_box,0.11708,0.01655,13.71,9.999000099990002e-05,0.00014,True,0.6534,0.5584,1,binder:Q/nonbinder:Q,0.0005,,0.11658,0.0,Q,Q,1408.0,0.0011,Q,Q,597.0,False,,,,,,,,,,,,,,,,,,,,,0.12408,False,190.0
socs_binding,socs,199,176.0,E,SOCS_box,0.4792,0.01184,81.602,9.999000099990002e-05,0.00014,True,0.7894,0.6639,2,binder:E/nonbinder:H,0.0005,,0.4789,0.0,E,H,1408.0,0.0011,H,H,597.0,False,,,,,,,,,,,,,,,,,,,,,0.12408,True,191.0
socs_binding,socs,200,177.0,L,SOCS_box,0.13035,0.01403,13.902,9.999000099990002e-05,0.00014,True,0.5738,0.4909,1,binder:L/nonbinder:L,0.0,,0.13035,0.0,L,L,1408.0,0.0,L,L,598.0,False,,,,,,,,,,,,,,,,,,,,,0.12408,True,192.0
socs_binding,socs,201,178.0,C,SOCS_box,0.11288,0.0167,10.763,9.999000099990002e-05,0.00014,True,0.7729,0.6996,1,binder:C/nonbinder:C,0.0,,0.11288,0.0,C,C,1408.0,0.0,C,C,598.0,False,,,,,,,,,,,,,,,,,,,,,0.12408,False,193.0
socs_binding,socs,202,179.0,R,SOCS_box,0.00761,0.007,0.136,0.3018698130186981,0.32606,False,0.8356,0.8222,1,binder:R/nonbinder:R,0.0,,0.00761,0.0,R,R,1408.0,0.0,R,R,598.0,False,,,,,,,,,,,,,,,,,,,,,0.12408,False,194.0
socs_binding,socs,203,180.0,Q,SOCS_box,0.86192,0.01684,96.227,9.999000099990002e-05,0.00014,True,0.5523,0.478,2,binder:K/nonbinder:L,0.0,,0.86192,0.0,K,K,1408.0,0.0,L,I,598.0,False,,,,,,,,,,,,,,,,,,,,,0.12408,True,195.0
socs_binding,socs,204,181.0,R,SOCS_box,0.20065,0.01936,23.879,9.999000099990002e-05,0.00014,True,0.424,0.42,2,binder:R/nonbinder:A,0.0,,0.20065,0.0,R,T,1408.0,0.0,A,T,598.0,False,,,,,,,,,,,,,,,,,,,,,0.12408,True,196.0
socs_binding,socs,205,182.0,I,SOCS_box,0.09141,0.02206,8.061,9.999000099990002e-05,0.00014,True,0.5844,0.5774,1,binder:I/nonbinder:I,0.0,,0.09141,0.0,I,V,1408.0,0.0,I,I,598.0,False,,,,,,,,,,,,,,,,,,,,,0.12408,False,197.0
socs_binding,socs,206,183.0,V,SOCS_box,0.43964,0.0168,59.508,9.999000099990002e-05,0.00014,True,0.6131,0.482,2,binder:V/nonbinder:N,0.0,,0.43964,0.0,V,N,1408.0,0.0,N,N,598.0,False,,,,,,,,,,,,,,,,,,,,,0.12408,True,198.0
socs_binding,socs,207,184.0,A,SOCS_box,0.45207,0.03017,39.972,9.999000099990002e-05,0.00014,True,0.362,0.1968,2,binder:E/nonbinder:K,0.3506,,0.38822,0.2891,E,K,706.0,0.0143,K,K,597.0,False,,,,,,,,,,,,,,,,,,,,,0.12408,True,
socs_binding,socs,208,185.0,T,SOCS_box,0.58362,0.03366,47.602,9.999000099990002e-05,0.00014,True,0.3466,0.2998,2,binder:T/nonbinder:S,0.3511,,0.54175,0.2956,T,T,705.0,0.0143,S,C,597.0,False,,,,,,,,,,,,,,,,,,,,,0.12408,True,
socs_binding,socs,209,186.0,V,SOCS_box,0.66599,0.033,55.954,9.999000099990002e-05,0.00014,True,0.3567,0.3275,2,binder:F/nonbinder:T,0.364,,0.75234,0.311,F,F,704.0,0.0802,T,T,572.0,False,,,,,,,,,,,,,,,,,,,,,0.12408,True,
socs_binding,socs,210,187.0,G,SOCS_box,0.38704,0.0307,35.027,9.999000099990002e-05,0.00014,True,0.2851,0.085,2,binder:G/nonbinder:K,0.63,,0.49793,0.3174,G,G,701.0,0.774,K,D,41.0,True,,,,,,,,,,,,,,,,,,,,,0.12408,True,
socs_binding,socs,211,188.0,R,SOCS_box,0.39963,0.03417,36.024,9.999000099990002e-05,0.00014,True,0.1817,0.0866,2,binder:R/nonbinder:S,0.635,,0.48431,0.3182,R,R,697.0,0.8088,S,S,35.0,True,,,,,,,,,,,,,,,,,,,,,0.12408,True,
socs_binding,socs,212,189.0,E,SOCS_box,0.47085,0.03259,39.791,9.999000099990002e-05,0.00014,True,0.1912,0.0866,2,binder:E/nonbinder:N,0.6335,,0.60412,0.3137,E,E,702.0,0.8308,N,N,33.0,True,,,,,,,,,,,,,,,,,,,,,0.12408,True,
socs_binding,socs,213,190.0,N,SOCS_box,0.37331,0.04309,27.048,9.999000099990002e-05,0.00014,True,0.2703,0.2198,2,binder:N/nonbinder:Q,0.0179,,0.34653,0.005,N,H,1405.0,0.1133,Q,Q,565.0,False,,,,,,,,,,,,,,,,,,,,,0.12408,True,200.0
socs_binding,socs,214,191.0,L,SOCS_box,0.15696,0.02292,14.181,9.999000099990002e-05,0.00014,True,0.4046,0.3644,2,binder:L/nonbinder:I,0.0269,,0.15191,0.0329,L,L,1386.0,0.1064,I,I,566.0,False,,,,,,,,,,,,,,,,,,,,,0.12408,True,201.0
socs_binding,socs,215,192.0,A,SOCS_box,0.38992,0.03958,28.072,9.999000099990002e-05,0.00014,True,0.2955,0.2882,2,binder:D/nonbinder:W,0.0244,,0.39708,0.0266,D,D,1390.0,0.1021,W,W,567.0,False,,,,,,,,,,,,,,,,,,,,,0.12408,True,202.0
socs_binding,socs,216,193.0,R,SOCS_box,0.24938,0.03166,18.866,9.999000099990002e-05,0.00014,True,0.2616,0.1953,2,binder:K/nonbinder:E,0.0015,,0.24669,0.001,K,K,1407.0,0.0137,E,E,596.0,False,,,,,,,,,,,,,,,,,,,,,0.12408,True,206.0
socs_binding,socs,217,194.0,I,SOCS_box,0.30858,0.01994,38.788,9.999000099990002e-05,0.00014,True,0.4571,0.394,1,binder:L/nonbinder:L,0.0,,0.30858,0.0,L,I,1408.0,0.0,L,L,598.0,False,,,,,,,,,,,,,,,,,,,,,0.12408,True,207.0
socs_binding,socs,218,195.0,P,SOCS_box,0.05775,0.01959,4.881,0.0003999600039996,0.00056,True,0.5616,0.5417,1,binder:P/nonbinder:P,0.0,,0.05775,0.0,P,P,1408.0,0.0,P,P,598.0,False,,,,,,,,,,,,,,,,,,,,,0.12408,False,208.0
socs_binding,socs,219,196.0,L,SOCS_box,0.16057,0.01104,22.954,9.999000099990002e-05,0.00014,True,0.5529,0.4643,1,binder:L/nonbinder:L,0.0085,,0.16071,0.0417,L,L,1392.0,0.015,L,L,597.0,False,,,,,,,,,,,,,,,,,,,,,0.12408,True,210.0
socs_binding,socs,220,197.0,N,SOCS_box,0.43823,0.0186,66.41,9.999000099990002e-05,0.00014,True,0.6702,0.524,2,binder:N/nonbinder:P,0.0,,0.43823,0.0,N,P,1408.0,0.0,P,P,598.0,False,,,,,,,,,,,,,,,,,,,,,0.12408,True,211.0
socs_binding,socs,221,198.0,P,SOCS_box,0.32159,0.02764,26.077,9.999000099990002e-05,0.00014,True,0.272,0.2529,2,binder:P/nonbinder:T,0.0,,0.32159,0.0,P,P,1408.0,0.0,T,T,598.0,False,,,,,,,,,,,,,,,,,,,,,0.12408,True,212.0
socs_binding,socs,222,199.0,V,SOCS_box,0.582,0.03564,45.466,9.999000099990002e-05,0.00014,True,0.3535,0.3487,2,binder:V/nonbinder:R,0.0,,0.582,0.0,V,V,1408.0,0.0,R,R,598.0,False,,,,,,,,,,,,,,,,,,,,,0.12408,True,213.0
socs_binding,socs,223,200.0,L,SOCS_box,0.10479,0.02316,9.835,9.999000099990002e-05,0.00014,True,0.5158,0.4661,1,binder:L/nonbinder:L,0.0,,0.10479,0.0,L,L,1408.0,0.0,L,L,598.0,False,,,,,,,,,,,,,,,,,,,,,0.12408,False,214.0
socs_binding,socs,224,201.0,R,SOCS_box,0.11091,0.02556,9.857,9.999000099990002e-05,0.00014,True,0.5547,0.5184,1,binder:K/nonbinder:K,0.0,,0.11091,0.0,K,K,1408.0,0.0,K,K,598.0,False,,,,,,,,,,,,,,,,,,,,,0.12408,False,215.0
socs_binding,socs,225,202.0,D,SOCS_box,0.0695,0.0353,2.747,0.0101989801019898,0.01362,True,0.4044,0.3494,1,binder:D/nonbinder:D,0.0,,0.0695,0.0,D,D,1408.0,0.0,D,D,598.0,False,,,,,,,,,,,,,,,,,,,,,0.12408,False,216.0
socs_binding,socs,226,203.0,Y,SOCS_box,0.1203,0.01698,15.195,9.999000099990002e-05,0.00014,True,0.764,0.7336,2,binder:F/nonbinder:Y,0.0,,0.1203,0.0,F,F,1408.0,0.0,Y,Y,598.0,False,,,,,,,,,,,,,,,,,,,,,0.12408,False,217.0
socs_binding,socs,227,204.0,L,SOCS_box,0.03611,0.0158,2.866,0.0073992600739926,0.00999,True,0.6127,0.5961,1,binder:L/nonbinder:L,0.0,,0.03611,0.0,L,L,1408.0,0.0,L,L,598.0,False,,,,,,,,,,,,,,,,,,,,,0.12408,False,218.0
socs_binding,socs,228,205.0,S,SOCS_box,0.31375,0.03185,24.318,9.999000099990002e-05,0.00014,True,0.2154,0.1932,2,binder:Q/nonbinder:K,0.001,,0.30636,0.0219,Q,D,1406.0,0.0,K,K,598.0,False,,,,,,,,,,,,,,,,,,,,,0.12408,True,219.0
socs_binding,socs,229,206.0,S,SOCS_box,0.28136,0.03346,20.419,9.999000099990002e-05,0.00014,True,0.4111,0.3335,2,binder:S/nonbinder:E,0.002,,0.28881,0.0248,S,S,1405.0,0.0243,E,E,597.0,False,,,,,,,,,,,,,,,,,,,,,0.12408,True,220.0
socs_binding,socs,230,207.0,F,SOCS_box,0.32032,0.00945,50.139,9.999000099990002e-05,0.00014,True,0.8338,0.7819,1,binder:Y/nonbinder:Y,0.002,,0.30851,0.0348,Y,Y,1404.0,0.0,Y,Y,598.0,False,,,,,,,,,,,,,,,,,,,,,0.12408,True,221.0
socs_binding,socs,231,208.0,P,SOCS_box,0.23936,0.01966,25.247,9.999000099990002e-05,0.00014,True,0.6324,0.514,1,binder:P/nonbinder:P,0.0025,,0.228,0.0299,P,P,1403.0,0.0,P,K,598.0,False,,,,,,,,,,,,,,,,,,,,,0.12408,True,224.0
socs_binding,socs,232,209.0,F,SOCS_box,0.23396,0.01288,33.503,9.999000099990002e-05,0.00014,True,0.6356,0.5157,2,binder:F/nonbinder:Y,0.3506,,0.07867,0.301,F,F,705.0,0.0,Y,Y,598.0,False,,,,,,,,,,,,,,,,,,,,,0.12408,True,
socs_binding,socs,233,210.0,Q,SOCS_box,0.40189,0.04286,28.255,9.999000099990002e-05,0.00014,True,0.2614,0.2286,1,binder:Q/nonbinder:Q,0.3511,,0.27962,0.301,Q,Q,705.0,0.0003,Q,Q,597.0,False,,,,,,,,,,,,,,,,,,,,,0.12408,True,
socs_binding,socs,234,211.0,I,,0.38005,0.02491,34.396,9.999000099990002e-05,0.00014,True,0.4496,0.3389,2,binder:I/nonbinder:V,0.092,,0.36066,0.0358,I,I,1403.0,0.2337,V,V,419.0,False,,,,,,,,,,,,,,,,,,,,,0.12408,True,225.0
socs_paralogue,socs,0,,,,0.02581,0.01963,6.258,9.999000099990002e-05,0.00015,True,0.02,0.0079,2,SOCS1:P/SOCS3:L,0.9985,,,,,,,,,,,True,0.9908,P,P,1.0,0.9579,L,L,1.0,,,,,,,,,,,,,0.14863,False,
socs_paralogue,socs,1,,,,0.00349,0.00623,-6.411,1.0,1.0,False,0.0037,0.0,2,SOCS1:S/SOCS3:A,0.999,,,,,,,,,,,True,0.9908,S,S,1.0,1.0,A,-,0.0,,,,,,,,,,,,,0.14863,False,
socs_paralogue,socs,2,,,,0.00349,0.00623,-6.411,1.0,1.0,False,0.0035,0.0,2,SOCS1:L/SOCS3:A,0.9995,,,,,,,,,,,True,0.9908,L,L,1.0,1.0,A,-,0.0,,,,,,,,,,,,,0.14863,False,
socs_paralogue,socs,3,25.0,P,,0.05159,0.01463,12.298,9.999000099990002e-05,0.00015,True,0.0391,0.0,2,SOCS1:P/SOCS3:A,0.9498,,,,,,,,,,,True,0.8712,P,P,99.0,1.0,A,-,0.0,,,,,,,,,,,,,0.14863,False,
socs_paralogue,socs,4,26.0,S,,0.05831,0.01728,17.564,9.999000099990002e-05,0.00015,True,0.0418,0.0,2,SOCS1:S/SOCS3:A,0.9383,,,,,,,,,,,True,0.8555,S,S,121.0,1.0,A,-,0.0,,,,,,,,,,,,,0.14863,False,
socs_paralogue,socs,5,27.0,S,,0.08375,0.04043,3.856,9.999000099990002e-05,0.00015,True,0.0375,0.0,2,SOCS1:S/SOCS3:A,0.9259,,,,,,,,,,,True,0.798,S,S,137.0,1.0,A,-,0.0,,,,,,,,,,,,,0.14863,False,
socs_paralogue,socs,6,28.0,S,,0.09201,0.04135,7.183,9.999000099990002e-05,0.00015,True,0.0572,0.0,2,SOCS1:S/SOCS3:A,0.9175,,,,,,,,,,,True,0.78,S,S,144.0,1.0,A,-,0.0,,,,,,,,,,,,,0.14863,False,
socs_paralogue,socs,7,29.0,S,,0.10692,0.01941,19.76,9.999000099990002e-05,0.00015,True,0.081,0.0,2,SOCS1:S/SOCS3:A,0.8946,,,,,,,,,,,True,0.7484,S,S,160.0,1.0,A,-,0.0,,,,,,,,,,,,,0.14863,False,
socs_paralogue,socs,8,30.0,S,,0.10803,0.04933,13.414,9.999000099990002e-05,0.00015,True,0.0639,0.0,2,SOCS1:S/SOCS3:A,0.8921,,,,,,,,,,,True,0.7461,S,S,161.0,1.0,A,-,0.0,,,,,,,,,,,,,0.14863,False,
socs_paralogue,socs,9,31.0,S,,0.11301,0.02963,6.16,9.999000099990002e-05,0.00015,True,0.0734,0.0,2,SOCS1:S/SOCS3:A,0.8861,,,,,,,,,,,True,0.7358,S,S,165.0,1.0,A,-,0.0,,,,,,,,,,,,,0.14863,False,
socs_paralogue,socs,10,32.0,S,,0.26231,0.0373,16.73,9.999000099990002e-05,0.00015,True,0.1496,0.0309,2,SOCS1:P/SOCS3:S,0.6529,,0.05029,,,,,,,,,True,0.4072,P,P,610.0,0.9621,S,S,1.0,,,,,,,,,,,,,0.14863,True,
socs_paralogue,socs,11,33.0,P,,0.46496,0.03132,56.939,9.999000099990002e-05,0.00015,True,0.2476,0.0327,1,SOCS1:P/SOCS3:P,0.4605,,0.01149,,,,,,,,,True,0.1723,P,P,662.0,0.9621,P,P,1.0,,,,,,,,,,,,,0.14863,True,
socs_paralogue,socs,12,34.0,A,,0.52617,0.03859,30.783,9.999000099990002e-05,0.00015,True,0.1128,0.029,2,SOCS1:A/SOCS3:L,0.4416,,0.09082,,,,,,,,,True,0.1605,A,A,668.0,0.9621,L,L,1.0,,,,,,,,,,,,,0.14863,True,
socs_paralogue,socs,13,35.0,A,,0.29638,0.0314,21.002,9.999000099990002e-05,0.00015,True,0.0944,0.0309,2,SOCS1:A/SOCS3:S,0.6405,,0.09756,,,,,,,,,True,0.3887,A,A,267.0,0.9621,S,S,1.0,,,,,,,,,,,,,0.14863,True,
socs_paralogue,socs,14,36.0,P,,0.52575,0.04309,33.022,9.999000099990002e-05,0.00015,True,0.1142,0.0302,2,SOCS1:R/SOCS3:A,0.4391,,0.10512,,,,,,,,,True,0.167,R,R,671.0,0.9621,A,A,1.0,,,,,,,,,,,,,0.14863,True,
socs_paralogue,socs,15,37.0,A,,0.51034,0.03412,38.792,9.999000099990002e-05,0.00015,True,0.1353,0.0322,2,SOCS1:A/SOCS3:R,0.4441,,0.05467,,,,,,,,,True,0.1566,A,A,672.0,0.9621,R,R,1.0,,,,,,,,,,,,,0.14863,True,
socs_paralogue,socs,16,38.0,R,,0.5224,0.04675,37.223,9.999000099990002e-05,0.00015,True,0.1586,0.0302,2,SOCS1:R/SOCS3:A,0.4515,,0.08195,,,,,,,,,True,0.1595,R,R,672.0,0.9621,A,A,1.0,,,,,,,,,,,,,0.14863,True,
socs_paralogue,socs,17,,,,0.0172,0.01677,0.033,0.5025497450254974,0.53724,False,0.0175,0.0,2,SOCS1:T/SOCS3:A,0.8299,,,,,,,,,,,True,0.9554,T,T,3.0,1.0,A,-,0.0,,,,,,,,,,,,,0.14863,False,
socs_paralogue,socs,18,,,,0.01499,0.02628,-9.171,1.0,1.0,False,0.0135,0.0,2,SOCS1:E/SOCS3:A,0.9751,,,,,,,,,,,True,0.9611,E,A,2.0,1.0,A,-,0.0,,,,,,,,,,,,,0.14863,False,
socs_paralogue,socs,19,,,,0.0,0.0,1.732,0.1204879512048795,0.13293,False,0.0,0.0,1,SOCS1:A/SOCS3:A,0.998,,,,,,,,,,,True,1.0,A,-,0.0,1.0,A,-,0.0,,,,,,,,,,,,,0.14863,False,
socs_paralogue,socs,20,,,,0.0,0.0,1.732,0.1204879512048795,0.13293,False,0.0,0.0,1,SOCS1:A/SOCS3:A,0.9985,,,,,,,,,,,True,1.0,A,-,0.0,1.0,A,-,0.0,,,,,,,,,,,,,0.14863,False,
socs_paralogue,socs,21,,,,0.00307,0.00548,-6.411,1.0,1.0,False,0.0038,0.0,2,SOCS1:C/SOCS3:A,0.9985,,,,,,,,,,,True,0.9919,C,C,1.0,1.0,A,-,0.0,,,,,,,,,,,,,0.14863,False,
socs_paralogue,socs,22,,,,0.0,0.0,1.732,0.1204879512048795,0.13293,False,0.0,0.0,1,SOCS1:A/SOCS3:A,0.999,,,,,,,,,,,True,1.0,A,-,0.0,1.0,A,-,0.0,,,,,,,,,,,,,0.14863,False,
socs_paralogue,socs,23,,,,0.0323,0.03406,-1.356,0.9169083091690832,0.96194,False,0.0264,0.0219,2,SOCS1:V/SOCS3:S,0.9876,,,,,,,,,,,True,0.9674,V,L,2.0,0.9621,S,S,1.0,,,,,,,,,,,,,0.14863,False,
socs_paralogue,socs,24,39.0,P,,0.40761,0.03231,37.107,9.999000099990002e-05,0.00015,True,0.1724,0.0327,1,SOCS1:P/SOCS3:P,0.6549,,0.03115,,,,,,,,,True,0.2316,P,G,628.0,0.9621,P,P,1.0,,,,,,,,,,,,,0.14863,True,
socs_paralogue,socs,25,40.0,R,,0.3246,0.04238,17.379,9.999000099990002e-05,0.00015,True,0.1087,0.032,2,SOCS1:E/SOCS3:T,0.8414,,0.11685,,,,,,,,,True,0.3646,E,R,252.0,0.9621,T,T,1.0,,,,,,,,,,,,,0.14863,True,
socs_paralogue,socs,26,41.0,P,,0.39401,0.00997,73.019,9.999000099990002e-05,0.00015,True,0.2654,0.0327,1,SOCS1:P/SOCS3:P,0.6554,,0.00482,,,,,,,,,True,0.2311,P,P,624.0,0.9621,P,P,1.0,,,,,,,,,,,,,0.14863,True,
socs_paralogue,socs,27,42.0,C,,0.34908,0.02748,25.241,9.999000099990002e-05,0.00015,True,0.1126,0.0309,2,SOCS1:G/SOCS3:S,0.6688,,0.09863,,,,,,,,,True,0.3268,G,G,611.0,0.9621,S,S,1.0,,,,,,,,,,,,,0.14863,True,
socs_paralogue,socs,28,43.0,P,,0.36209,0.01612,39.234,9.999000099990002e-05,0.00015,True,0.1721,0.0,2,SOCS1:P/SOCS3:A,0.6753,,,,,,,,,,,True,0.3421,P,P,605.0,1.0,A,-,0.0,,,,,,,,,,,,,0.14863,True,
socs_paralogue,socs,29,44.0,A,,0.36085,0.02021,40.546,9.999000099990002e-05,0.00015,True,0.0773,0.0,2,SOCS1:L/SOCS3:A,0.6877,,,,,,,,,,,True,0.3436,L,G,605.0,1.0,A,-,0.0,,,,,,,,,,,,,0.14863,True,
socs_paralogue,socs,30,45.0,V,,0.11911,0.01437,10.271,9.999000099990002e-05,0.00015,True,0.0568,0.0,2,SOCS1:E/SOCS3:A,0.9239,,,,,,,,,,,True,0.7233,E,A,151.0,1.0,A,-,0.0,,,,,,,,,,,,,0.14863,False,
socs_paralogue,socs,31,,,,0.00243,0.00435,-6.417,1.0,1.0,False,0.0026,0.0,2,SOCS1:V/SOCS3:A,0.999,,,,,,,,,,,True,0.9936,V,V,1.0,1.0,A,-,0.0,,,,,,,,,,,,,0.14863,False,
socs_paralogue,socs,32,,,,0.00243,0.00435,-6.417,1.0,1.0,False,0.0028,0.0,2,SOCS1:P/SOCS3:A,0.9995,,,,,,,,,,,True,0.9936,P,P,1.0,1.0,A,-,0.0,,,,,,,,,,,,,0.14863,False,
socs_paralogue,socs,33,,,,0.07434,0.02577,5.603,9.999000099990002e-05,0.00015,True,0.0481,0.0,2,SOCS1:E/SOCS3:A,0.9816,,,,,,,,,,,True,0.8189,E,E,37.0,1.0,A,-,0.0,,,,,,,,,,,,,0.14863,False,
socs_paralogue,socs,34,46.0,P,,0.12747,0.02981,16.43,9.999000099990002e-05,0.00015,True,0.0754,0.0,2,SOCS1:P/SOCS3:A,0.918,,,,,,,,,,,True,0.7065,P,P,164.0,1.0,A,-,0.0,,,,,,,,,,,,,0.14863,False,
socs_paralogue,socs,35,47.0,A,,0.33408,0.02748,33.759,9.999000099990002e-05,0.00015,True,0.0924,0.0,2,SOCS1:V/SOCS3:A,0.6972,,,,,,,,,,,True,0.3762,V,V,606.0,1.0,A,-,0.0,,,,,,,,,,,,,0.14863,True,
socs_paralogue,socs,36,,,,0.00174,0.00155,0.122,0.4966503349665033,0.53724,False,0.002,0.0,2,SOCS1:P/SOCS3:A,0.999,,,,,,,,,,,True,0.9954,P,P,2.0,1.0,A,-,0.0,,,,,,,,,,,,,0.14863,False,
socs_paralogue,socs,37,,,,0.08482,0.03247,10.065,9.999000099990002e-05,0.00015,True,0.0632,0.0357,2,SOCS1:P/SOCS3:C,0.9697,,,,,,,,,,,True,0.8361,P,P,35.0,0.9621,C,C,1.0,,,,,,,,,,,,,0.14863,False,
socs_paralogue,socs,38,48.0,P,,0.3266,0.02475,32.017,9.999000099990002e-05,0.00015,True,0.1465,0.0327,1,SOCS1:P/SOCS3:P,0.6768,,0.03449,,,,,,,,,True,0.3179,P,Q,622.0,0.9621,P,P,1.0,,,,,,,,,,,,,0.14863,True,
socs_paralogue,socs,39,49.0,A,,0.37708,0.03094,31.196,9.999000099990002e-05,0.00015,True,0.1381,0.0309,2,SOCS1:A/SOCS3:S,0.6678,,0.04872,,,,,,,,,True,0.2706,A,A,640.0,0.9621,S,S,1.0,,,,,,,,,,,,,0.14863,True,
socs_paralogue,socs,40,50.0,P,,0.63111,0.04027,37.054,9.999000099990002e-05,0.00015,True,0.0896,0.0336,2,SOCS1:P/SOCS3:E,0.6459,,0.07756,,,,,,,,,True,0.0842,P,Q,684.0,0.9579,E,C,3.0,,,,,,,,,,,,,0.14863,True,
socs_paralogue,socs,41,51.0,G,,0.49034,0.03548,30.737,9.999000099990002e-05,0.00015,True,0.2479,0.2397,2,SOCS1:G/SOCS3:S,0.5564,,0.31964,,,,,,,,,False,0.023,G,G,699.0,0.474,S,S,168.0,,,,,,,,,,,,,0.14863,True,
socs_paralogue,socs,42,52.0,D,,0.38732,0.0335,30.012,9.999000099990002e-05,0.00015,True,0.3633,0.297,1,SOCS1:P/SOCS3:P,0.3058,,0.37936,,,,,,,,,False,0.0156,P,N,699.0,0.0984,P,T,688.0,,,,,,,,,,,,,0.14863,True,18.0
socs_paralogue,socs,43,53.0,T,,0.85812,0.033,84.974,9.999000099990002e-05,0.00015,True,0.6296,0.5142,2,SOCS1:T/SOCS3:L,0.3018,,0.86756,,,,,,,,,False,0.0085,T,T,701.0,0.0188,L,L,692.0,,,,,,,,,,,,,0.14863,True,20.0
socs_paralogue,socs,44,54.0,H,,0.30223,0.02493,90.082,9.999000099990002e-05,0.00015,True,0.7721,0.6897,2,SOCS1:H/SOCS3:R,0.3013,,0.30503,,,,,,,,,False,0.0085,H,H,701.0,0.0188,R,R,692.0,,,,,,,,,,,,,0.14863,True,21.0
socs_paralogue,socs,45,55.0,F,KIR,0.34391,0.02738,42.321,9.999000099990002e-05,0.00015,True,0.6298,0.5892,2,SOCS1:F/SOCS3:Y,0.2999,,0.34608,,,,,,,,,False,0.0053,F,F,702.0,0.0125,Y,L,693.0,,,,,,,,,,,,,0.14863,True,22.0
socs_paralogue,socs,46,56.0,R,KIR,0.69731,0.03972,53.402,9.999000099990002e-05,0.00015,True,0.6533,0.6,2,SOCS1:R/SOCS3:K,0.2999,,0.7022,,,,,,,,,False,0.0053,R,R,702.0,0.0125,K,K,693.0,,,,,,,,,,,,,0.14863,True,23.0
socs_paralogue,socs,47,,,,0.02019,0.01207,10.021,9.999000099990002e-05,0.00015,True,0.0145,0.0,2,SOCS1:A/SOCS3:L,0.9975,,,,,,,,,,,True,1.0,A,-,0.0,0.9621,L,L,1.0,,,,,,,,,,,,,0.14863,False,
socs_paralogue,socs,48,,,,0.02019,0.01207,10.021,9.999000099990002e-05,0.00015,True,0.0179,0.0,2,SOCS1:A/SOCS3:C,0.996,,,,,,,,,,,True,1.0,A,-,0.0,0.9621,C,C,1.0,,,,,,,,,,,,,0.14863,False,
socs_paralogue,socs,49,57.0,T,KIR,0.0885,0.04025,3.479,0.0026997300269973,0.00375,True,0.5462,0.5438,1,SOCS1:T/SOCS3:T,0.2785,,0.0887,,,,,,,,,False,0.0053,T,T,702.0,0.0125,T,T,693.0,,,,,,,,,,,,,0.14863,False,24.0
socs_paralogue,socs,50,58.0,F,KIR,0.01008,0.011,-0.224,0.5889411058894111,0.62625,False,0.8312,0.813,1,SOCS1:F/SOCS3:F,0.264,,0.00967,,,,,,,,,False,0.0053,F,F,702.0,0.0125,F,F,693.0,,,,,,,,,,,,,0.14863,False,25.0
socs_paralogue,socs,51,59.0,R,KIR,0.33189,0.0353,23.719,9.999000099990002e-05,0.00015,True,0.4847,0.4612,2,SOCS1:R/SOCS3:S,0.1009,,0.33357,,,,,,,,,False,0.0053,R,R,702.0,0.0152,S,S,692.0,,,,,,,,,,,,,0.14863,True,26.0
socs_paralogue,socs,52,60.0,S,KIR,0.1012,0.02626,4.857,9.999000099990002e-05,0.00015,True,0.6255,0.5646,1,SOCS1:S/SOCS3:S,0.088,,0.10207,,,,,,,,,False,0.0085,S,S,701.0,0.016,S,S,692.0,,,,,,,,,,,,,0.14863,False,27.0
socs_paralogue,socs,53,61.0,H,KIR,0.2865,0.04742,15.173,9.999000099990002e-05,0.00015,True,0.3781,0.3149,2,SOCS1:Q/SOCS3:K,0.0825,,0.27249,,,,,,,,,False,0.0085,Q,Q,701.0,0.0762,K,K,691.0,,,,,,,,,,,,,0.14863,True,28.0
socs_paralogue,socs,54,62.0,A,KIR,0.27834,0.03709,16.849,9.999000099990002e-05,0.00015,True,0.2931,0.255,2,SOCS1:A/SOCS3:S,0.0746,,0.24996,,,,,,,,,False,0.0107,A,A,700.0,0.1202,S,S,689.0,,,,,,,,,,,,,0.14863,True,29.0
socs_paralogue,socs,55,63.0,D,KIR,0.42464,0.02913,28.535,9.999000099990002e-05,0.00015,True,0.6286,0.6094,2,SOCS1:D/SOCS3:Q,0.0706,,0.41659,,,,,,,,,False,0.0056,D,D,702.0,0.0565,Q,E,691.0,,,,,,,,,,,,,0.14863,True,30.0
socs_paralogue,socs,56,64.0,Y,KIR,0.21699,0.03309,15.637,9.999000099990002e-05,0.00015,True,0.6831,0.6664,2,SOCS1:F/SOCS3:Y,0.0701,,0.21906,,,,,,,,,False,0.0215,F,F,700.0,0.0565,Y,Y,691.0,,,,,,,,,,,,,0.14863,True,31.0
socs_paralogue,socs,57,,,,0.0,0.0,1.732,0.1204879512048795,0.13293,False,0.0,0.0,1,SOCS1:A/SOCS3:A,0.999,,,,,,,,,,,True,1.0,A,-,0.0,1.0,A,-,0.0,,,,,,,,,,,,,0.14863,False,
socs_paralogue,socs,58,,,,0.0,0.0,1.732,0.1204879512048795,0.13293,False,0.0,0.0,1,SOCS1:A/SOCS3:A,0.999,,,,,,,,,,,True,1.0,A,-,0.0,1.0,A,-,0.0,,,,,,,,,,,,,0.14863,False,
socs_paralogue,socs,59,,,,0.0,0.0,1.732,0.1204879512048795,0.13293,False,0.0,0.0,1,SOCS1:A/SOCS3:A,0.999,,,,,,,,,,,True,1.0,A,-,0.0,1.0,A,-,0.0,,,,,,,,,,,,,0.14863,False,
socs_paralogue,socs,60,,,,0.0,0.0,1.732,0.1204879512048795,0.13293,False,0.0,0.0,1,SOCS1:A/SOCS3:A,0.9995,,,,,,,,,,,True,1.0,A,-,0.0,1.0,A,-,0.0,,,,,,,,,,,,,0.14863,False,
socs_paralogue,socs,61,,,,0.0,0.0,1.732,0.1204879512048795,0.13293,False,0.0,0.0,1,SOCS1:A/SOCS3:A,0.9995,,,,,,,,,,,True,1.0,A,-,0.0,1.0,A,-,0.0,,,,,,,,,,,,,0.14863,False,
socs_paralogue,socs,62,,,,0.0,0.0,1.732,0.1204879512048795,0.13293,False,0.0,0.0,1,SOCS1:A/SOCS3:A,0.999,,,,,,,,,,,True,1.0,A,-,0.0,1.0,A,-,0.0,,,,,,,,,,,,,0.14863,False,
socs_paralogue,socs,63,,,,0.0,0.0,1.732,0.1204879512048795,0.13293,False,0.0,0.0,1,SOCS1:A/SOCS3:A,0.999,,,,,,,,,,,True,1.0,A,-,0.0,1.0,A,-,0.0,,,,,,,,,,,,,0.14863,False,
socs_paralogue,socs,64,,,,0.0,0.0,1.732,0.1204879512048795,0.13293,False,0.0,0.0,1,SOCS1:A/SOCS3:A,0.999,,,,,,,,,,,True,1.0,A,-,0.0,1.0,A,-,0.0,,,,,,,,,,,,,0.14863,False,
socs_paralogue,socs,65,,,,0.0,0.0,1.732,0.1204879512048795,0.13293,False,0.0,0.0,1,SOCS1:A/SOCS3:A,0.999,,,,,,,,,,,True,1.0,A,-,0.0,1.0,A,-,0.0,,,,,,,,,,,,,0.14863,False,
socs_paralogue,socs,66,65.0,R,KIR,0.51296,0.04386,27.278,9.999000099990002e-05,0.00015,True,0.3937,0.2378,2,SOCS1:R/SOCS3:Q,0.0681,,0.52352,,,,,,,,,False,0.0273,R,S,700.0,0.0124,Q,Q,693.0,,,,,,,,,,,,,0.14863,True,32.0
socs_paralogue,socs,67,66.0,R,KIR,0.48564,0.01531,52.878,9.999000099990002e-05,0.00015,True,0.5034,0.4102,1,SOCS1:L/SOCS3:L,0.0661,,0.48769,,,,,,,,,False,0.0029,L,S,702.0,0.0059,L,L,695.0,,,,,,,,,,,,,0.14863,True,33.0
socs_paralogue,socs,68,67.0,I,ESS,0.32989,0.01154,102.878,9.999000099990002e-05,0.00015,True,0.7256,0.7125,2,SOCS1:I/SOCS3:V,0.0651,,0.33133,,,,,,,,,False,0.0029,I,I,702.0,0.0059,V,V,695.0,,,,,,,,,,,,,0.14863,True,34.0
socs_paralogue,socs,69,68.0,T,ESS,0.69531,0.03446,36.162,9.999000099990002e-05,0.00015,True,0.436,0.4173,2,SOCS1:T/SOCS3:V,0.0651,,0.69817,,,,,,,,,False,0.0029,T,T,702.0,0.0059,V,V,695.0,,,,,,,,,,,,,0.14863,True,35.0
socs_paralogue,socs,70,69.0,R,ESS,0.38118,0.03101,29.33,9.999000099990002e-05,0.00015,True,0.3255,0.2774,2,SOCS1:R/SOCS3:N,0.0641,,0.38282,,,,,,,,,False,0.0029,R,R,702.0,0.0059,N,N,695.0,,,,,,,,,,,,,0.14863,True,36.0
socs_paralogue,socs,71,70.0,A,ESS,0.06609,0.01473,4.781,9.999000099990002e-05,0.00015,True,0.625,0.5812,2,SOCS1:T/SOCS3:A,0.0636,,0.06472,,,,,,,,,False,0.0029,T,A,702.0,0.0126,A,T,694.0,,,,,,,,,,,,,0.14863,False,37.0
socs_paralogue,socs,72,71.0,S,ESS,0.58342,0.02539,49.69,9.999000099990002e-05,0.00015,True,0.4594,0.4019,2,SOCS1:S/SOCS3:V,0.0308,,0.58585,,,,,,,,,False,0.0029,S,S,702.0,0.0053,V,V,696.0,,,,,,,,,,,,,0.14863,True,38.0
socs_paralogue,socs,73,72.0,A,ESS,0.50394,0.05323,22.08,9.999000099990002e-05,0.00015,True,0.4397,0.322,2,SOCS1:S/SOCS3:R,0.0303,,0.50576,,,,,,,,,False,0.0024,S,S,703.0,0.0053,R,R,696.0,,,,,,,,,,,,,0.14863,True,39.0
socs_paralogue,socs,74,73.0,L,ESS,0.55163,0.05637,35.93,9.999000099990002e-05,0.00015,True,0.5526,0.4428,2,SOCS1:L/SOCS3:K,0.0298,,0.55362,,,,,,,,,False,0.0024,L,L,703.0,0.0053,K,K,696.0,,,,,,,,,,,,,0.14863,True,40.0
socs_paralogue,socs,75,74.0,L,ESS,0.0,0.00062,-0.873,1.0,1.0,False,0.7612,0.7601,1,SOCS1:L/SOCS3:L,0.0298,,0.0,,,,,,,,,False,0.0024,L,L,703.0,0.0053,L,L,696.0,,,,,,,,,,,,,0.14863,False,41.0
socs_paralogue,socs,76,75.0,D,ESS,0.36756,0.03149,32.224,9.999000099990002e-05,0.00015,True,0.5128,0.4333,2,SOCS1:E/SOCS3:Q,0.0288,,0.36537,,,,,,,,,False,0.0,E,D,704.0,0.0053,Q,Q,696.0,,,,,,,,,,,,,0.14863,True,42.0
socs_paralogue,socs,77,76.0,A,ESS,0.46408,0.03598,38.177,9.999000099990002e-05,0.00015,True,0.5096,0.3643,2,SOCS1:H/SOCS3:E,0.0278,,0.46206,,,,,,,,,False,0.0,H,A,704.0,0.0053,E,E,696.0,,,,,,,,,,,,,0.14863,True,43.0
socs_paralogue,socs,78,,,,0.0,0.0,1.732,0.1204879512048795,0.13293,False,0.0,0.0,1,SOCS1:A/SOCS3:A,0.9985,,,,,,,,,,,True,1.0,A,-,0.0,1.0,A,-,0.0,,,,,,,,,,,,,0.14863,False,
socs_paralogue,socs,79,,,,0.0,0.0,1.732,0.1204879512048795,0.13293,False,0.0,0.0,1,SOCS1:A/SOCS3:A,0.9985,,,,,,,,,,,True,1.0,A,-,0.0,1.0,A,-,0.0,,,,,,,,,,,,,0.14863,False,
socs_paralogue,socs,80,,,,0.0,0.0,1.732,0.1204879512048795,0.13293,False,0.0,0.0,1,SOCS1:A/SOCS3:A,0.999,,,,,,,,,,,True,1.0,A,-,0.0,1.0,A,-,0.0,,,,,,,,,,,,,0.14863,False,
socs_paralogue,socs,81,,,,0.0,0.0,1.732,0.1204879512048795,0.13293,False,0.0,0.0,1,SOCS1:A/SOCS3:A,0.9995,,,,,,,,,,,True,1.0,A,-,0.0,1.0,A,-,0.0,,,,,,,,,,,,,0.14863,False,
socs_paralogue,socs,82,,,,0.0,0.0,1.732,0.1204879512048795,0.13293,False,0.0,0.0,1,SOCS1:A/SOCS3:A,0.9995,,,,,,,,,,,True,1.0,A,-,0.0,1.0,A,-,0.0,,,,,,,,,,,,,0.14863,False,
socs_paralogue,socs,83,,,,0.0,0.0,1.732,0.1204879512048795,0.13293,False,0.0,0.0,1,SOCS1:A/SOCS3:A,0.9995,,,,,,,,,,,True,1.0,A,-,0.0,1.0,A,-,0.0,,,,,,,,,,,,,0.14863,False,
socs_paralogue,socs,84,,,,0.0,0.0,1.732,0.1204879512048795,0.13293,False,0.0,0.0,1,SOCS1:A/SOCS3:A,0.9985,,,,,,,,,,,True,1.0,A,-,0.0,1.0,A,-,0.0,,,,,,,,,,,,,0.14863,False,
socs_paralogue,socs,85,,,,0.0,0.0,1.732,0.1204879512048795,0.13293,False,0.0,0.0,1,SOCS1:A/SOCS3:A,0.999,,,,,,,,,,,True,1.0,A,-,0.0,1.0,A,-,0.0,,,,,,,,,,,,,0.14863,False,
socs_paralogue,socs,86,,,,0.0,0.0,1.732,0.1204879512048795,0.13293,False,0.0,0.0,1,SOCS1:A/SOCS3:A,0.999,,,,,,,,,,,True,1.0,A,-,0.0,1.0,A,-,0.0,,,,,,,,,,,,,0.14863,False,
socs_paralogue,socs,87,,,,0.0,0.0,1.732,0.1204879512048795,0.13293,False,0.0,0.0,1,SOCS1:A/SOCS3:A,0.999,,,,,,,,,,,True,1.0,A,-,0.0,1.0,A,-,0.0,,,,,,,,,,,,,0.14863,False,
socs_paralogue,socs,88,,,,0.0,0.0,1.732,0.1204879512048795,0.13293,False,0.0,0.0,1,SOCS1:A/SOCS3:A,0.999,,,,,,,,,,,True,1.0,A,-,0.0,1.0,A,-,0.0,,,,,,,,,,,,,0.14863,False,
socs_paralogue,socs,89,,,,0.0,0.0,1.732,0.1204879512048795,0.13293,False,0.0,0.0,1,SOCS1:A/SOCS3:A,0.999,,,,,,,,,,,True,1.0,A,-,0.0,1.0,A,-,0.0,,,,,,,,,,,,,0.14863,False,
socs_paralogue,socs,90,,,,0.0,0.0,1.732,0.1204879512048795,0.13293,False,0.0,0.0,1,SOCS1:A/SOCS3:A,0.999,,,,,,,,,,,True,1.0,A,-,0.0,1.0,A,-,0.0,,,,,,,,,,,,,0.14863,False,
socs_paralogue,socs,91,,,,0.0,0.0,1.732,0.1204879512048795,0.13293,False,0.0,0.0,1,SOCS1:A/SOCS3:A,0.9995,,,,,,,,,,,True,1.0,A,-,0.0,1.0,A,-,0.0,,,,,,,,,,,,,0.14863,False,
socs_paralogue,socs,92,,,,0.0,0.0,1.732,0.1204879512048795,0.13293,False,0.0,0.0,1,SOCS1:A/SOCS3:A,0.999,,,,,,,,,,,True,1.0,A,-,0.0,1.0,A,-,0.0,,,,,,,,,,,,,0.14863,False,
socs_paralogue,socs,93,,,,0.0,0.0,1.732,0.1204879512048795,0.13293,False,0.0,0.0,1,SOCS1:A/SOCS3:A,0.999,,,,,,,,,,,True,1.0,A,-,0.0,1.0,A,-,0.0,,,,,,,,,,,,,0.14863,False,
socs_paralogue,socs,94,,,,0.0,0.0,1.732,0.1204879512048795,0.13293,False,0.0,0.0,1,SOCS1:A/SOCS3:A,0.999,,,,,,,,,,,True,1.0,A,-,0.0,1.0,A,-,0.0,,,,,,,,,,,,,0.14863,False,
socs_paralogue,socs,95,,,,0.0,0.0,1.732,0.1204879512048795,0.13293,False,0.0,0.0,1,SOCS1:A/SOCS3:A,0.999,,,,,,,,,,,True,1.0,A,-,0.0,1.0,A,-,0.0,,,,,,,,,,,,,0.14863,False,
socs_paralogue,socs,96,,,,0.0,0.0,1.732,0.1204879512048795,0.13293,False,0.0,0.0,1,SOCS1:A/SOCS3:A,0.9985,,,,,,,,,,,True,1.0,A,-,0.0,1.0,A,-,0.0,,,,,,,,,,,,,0.14863,False,
socs_paralogue,socs,97,77.0,C,ESS,0.0873,0.00409,18.835,9.999000099990002e-05,0.00015,True,0.7675,0.7557,1,SOCS1:S/SOCS3:S,0.0298,,0.08634,,,,,,,,,False,0.0005,S,C,703.0,0.0053,S,S,696.0,,,,,,,,,,,,,0.14863,False,44.0
socs_paralogue,socs,98,,,,0.0,0.0,1.732,0.1204879512048795,0.13293,False,0.0,0.0,1,SOCS1:A/SOCS3:A,0.9995,,,,,,,,,,,True,1.0,A,-,0.0,1.0,A,-,0.0,,,,,,,,,,,,,0.14863,False,
socs_paralogue,socs,99,,,,0.0,0.0,1.732,0.1204879512048795,0.13293,False,0.0,0.0,1,SOCS1:A/SOCS3:A,0.999,,,,,,,,,,,True,1.0,A,-,0.0,1.0,A,-,0.0,,,,,,,,,,,,,0.14863,False,
socs_paralogue,socs,100,78.0,G,ESS,0.02779,0.01074,5.183,0.0023997600239976,0.00336,True,0.7296,0.7249,1,SOCS1:G/SOCS3:G,0.0164,,0.02671,,,,,,,,,False,0.0005,G,G,703.0,0.0053,G,G,696.0,,,,,,,,,,,,,0.14863,False,45.0
socs_paralogue,socs,101,79.0,F,SH2,0.03122,0.00293,6.252,0.0015998400159984,0.00225,True,0.8273,0.8181,1,SOCS1:F/SOCS3:F,0.0134,,0.02846,,,,,,,,,False,0.0,F,F,704.0,0.0053,F,F,696.0,,,,,,,,,,,,,0.14863,False,46.0
socs_paralogue,socs,102,80.0,Y,SH2,0.02917,0.00231,6.908,9.999000099990002e-05,0.00015,True,0.875,0.8509,1,SOCS1:Y/SOCS3:Y,0.0134,,0.02641,,,,,,,,,False,0.0,Y,Y,704.0,0.0053,Y,Y,696.0,,,,,,,,,,,,,0.14863,False,47.0
socs_paralogue,socs,103,81.0,W,SH2,0.02919,0.00756,3.32,0.0035996400359964,0.00498,True,0.9071,0.8764,1,SOCS1:W/SOCS3:W,0.0129,,0.02643,,,,,,,,,False,0.0,W,W,704.0,0.0053,W,W,696.0,,,,,,,,,,,,,0.14863,False,48.0
socs_paralogue,socs,104,82.0,G,SH2,0.40177,0.00432,111.115,9.999000099990002e-05,0.00015,True,0.6971,0.5791,2,SOCS1:G/SOCS3:S,0.0129,,0.39965,,,,,,,,,False,0.0,G,G,704.0,0.0053,S,S,696.0,,,,,,,,,,,,,0.14863,True,49.0
socs_paralogue,socs,105,83.0,P,SH2,0.496,0.00636,89.685,9.999000099990002e-05,0.00015,True,0.6406,0.5591,2,SOCS1:P/SOCS3:T,0.0124,,0.49403,,,,,,,,,False,0.0,P,P,704.0,0.0053,T,T,696.0,,,,,,,,,,,,,0.14863,True,50.0
socs_paralogue,socs,106,84.0,L,SH2,0.48812,0.00693,90.851,9.999000099990002e-05,0.00015,True,0.6206,0.5839,2,SOCS1:L/SOCS3:V,0.005,,0.48614,,,,,,,,,False,0.0,L,L,704.0,0.0053,V,V,696.0,,,,,,,,,,,,,0.14863,True,51.0
socs_paralogue,socs,107,85.0,S,SH2,0.07702,0.02601,4.303,0.0003999600039996,0.00058,True,0.496,0.437,1,SOCS1:T/SOCS3:T,0.005,,0.07434,,,,,,,,,False,0.0,T,T,704.0,0.0053,T,T,696.0,,,,,,,,,,,,,0.14863,False,52.0
socs_paralogue,socs,108,86.0,V,SH2,0.90543,0.02364,98.912,9.999000099990002e-05,0.00015,True,0.7569,0.7031,2,SOCS1:V/SOCS3:G,0.005,,0.90416,,,,,,,,,False,0.0,V,V,704.0,0.0053,G,G,696.0,,,,,,,,,,,,,0.14863,True,53.0
socs_paralogue,socs,109,87.0,H,SH2,0.7147,0.02871,51.951,9.999000099990002e-05,0.00015,True,0.4624,0.4438,2,SOCS1:E/SOCS3:K,0.005,,0.71311,,,,,,,,,False,0.0,E,S,704.0,0.0053,K,G,696.0,,,,,,,,,,,,,0.14863,True,54.0
socs_paralogue,socs,110,88.0,G,SH2,0.16264,0.02214,16.84,9.999000099990002e-05,0.00015,True,0.5566,0.4302,1,SOCS1:E/SOCS3:E,0.005,,0.1601,,,,,,,,,False,0.0,E,A,704.0,0.0053,E,E,696.0,,,,,,,,,,,,,0.14863,True,55.0
socs_paralogue,socs,111,89.0,A,SH2,0.00281,0.00011,11.598,9.999000099990002e-05,0.00015,True,0.7943,0.7921,1,SOCS1:A/SOCS3:A,0.005,,0.0,,,,,,,,,False,0.0,A,A,704.0,0.0053,A,A,696.0,,,,,,,,,,,,,0.14863,False,56.0
socs_paralogue,socs,112,90.0,H,SH2,0.88569,0.02383,69.289,9.999000099990002e-05,0.00015,True,0.7523,0.6185,2,SOCS1:H/SOCS3:N,0.005,,0.88439,,,,,,,,,False,0.0,H,H,704.0,0.0053,N,N,696.0,,,,,,,,,,,,,0.14863,True,57.0
socs_paralogue,socs,113,91.0,E,SH2,0.37018,0.03342,23.843,9.999000099990002e-05,0.00015,True,0.2692,0.2625,2,SOCS1:E/SOCS3:L,0.004,,0.368,,,,,,,,,False,0.0,E,E,704.0,0.0053,L,L,696.0,,,,,,,,,,,,,0.14863,True,58.0
socs_paralogue,socs,114,92.0,R,SH2,0.49658,0.02486,48.803,9.999000099990002e-05,0.00015,True,0.5401,0.4884,2,SOCS1:K/SOCS3:L,0.004,,0.49462,,,,,,,,,False,0.0,K,K,704.0,0.0053,L,L,696.0,,,,,,,,,,,,,0.14863,True,59.0
socs_paralogue,socs,115,93.0,L,SH2,0.0,0.00045,-1.172,1.0,1.0,False,0.7624,0.7623,1,SOCS1:L/SOCS3:L,0.004,,0.0,,,,,,,,,False,0.0024,L,L,703.0,0.0023,L,L,697.0,,,,,,,,,,,,,0.14863,False,60.0
socs_paralogue,socs,116,94.0,R,SH2,0.4129,0.03183,29.037,9.999000099990002e-05,0.00015,True,0.4338,0.3905,2,SOCS1:K/SOCS3:S,0.0035,,0.41154,,,,,,,,,False,0.0,K,K,704.0,0.0034,S,S,697.0,,,,,,,,,,,,,0.14863,True,61.0
socs_paralogue,socs,117,95.0,A,SH2,0.19497,0.04514,12.654,9.999000099990002e-05,0.00015,True,0.2769,0.2032,2,SOCS1:S/SOCS3:A,0.0035,,0.19337,,,,,,,,,False,0.0,S,S,704.0,0.0034,A,A,697.0,,,,,,,,,,,,,0.14863,True,62.0
socs_paralogue,socs,118,96.0,E,SH2,0.29875,0.02698,21.491,9.999000099990002e-05,0.00015,True,0.5934,0.4676,1,SOCS1:E/SOCS3:E,0.0035,,0.29726,,,,,,,,,False,0.0,E,E,704.0,0.0034,E,E,697.0,,,,,,,,,,,,,0.14863,True,63.0
socs_paralogue,socs,119,97.0,P,SH2,0.0587,0.01731,4.726,0.0011998800119988,0.0017,True,0.5527,0.463,1,SOCS1:P/SOCS3:P,0.004,,0.05694,,,,,,,,,False,0.0,P,P,704.0,0.0034,P,P,697.0,,,,,,,,,,,,,0.14863,False,64.0
socs_paralogue,socs,120,98.0,V,SH2,0.41146,0.01691,43.156,9.999000099990002e-05,0.00015,True,0.4065,0.373,2,SOCS1:L/SOCS3:A,0.004,,0.4101,,,,,,,,,False,0.0,L,E,704.0,0.0034,A,A,697.0,,,,,,,,,,,,,0.14863,True,65.0
socs_paralogue,socs,121,99.0,G,SH2,0.00182,3e-05,12.144,9.999000099990002e-05,0.00015,True,0.8137,0.8123,1,SOCS1:G/SOCS3:G,0.004,,0.0,,,,,,,,,False,0.0,G,G,704.0,0.0034,G,G,697.0,,,,,,,,,,,,,0.14863,False,66.0
socs_paralogue,socs,122,100.0,T,SH2,0.05245,0.01521,8.734,9.999000099990002e-05,0.00015,True,0.7287,0.7105,1,SOCS1:T/SOCS3:T,0.001,,0.0517,,,,,,,,,False,0.0,T,T,704.0,0.0015,T,T,703.0,,,,,,,,,,,,,0.14863,False,67.0
socs_paralogue,socs,123,101.0,F,SH2,0.01939,0.00152,8.181,0.0004999500049995,0.00072,True,0.8567,0.8389,1,SOCS1:F/SOCS3:F,0.0015,,0.01862,,,,,,,,,False,0.0,F,F,704.0,0.0015,F,F,703.0,,,,,,,,,,,,,0.14863,False,68.0
socs_paralogue,socs,124,102.0,L,SH2,0.00078,0.00047,9.294,9.999000099990002e-05,0.00015,True,0.7636,0.763,1,SOCS1:L/SOCS3:L,0.0015,,0.0,,,,,,,,,False,0.0,L,L,704.0,0.0015,L,L,703.0,,,,,,,,,,,,,0.14863,False,69.0
socs_paralogue,socs,125,103.0,V,SH2,0.01259,0.00621,1.274,0.1042895710428957,0.13293,False,0.6739,0.659,1,SOCS1:I/SOCS3:I,0.0015,,0.01182,,,,,,,,,False,0.0,I,I,704.0,0.0015,I,I,703.0,,,,,,,,,,,,,0.14863,False,70.0
socs_paralogue,socs,126,104.0,R,SH2,0.00078,0.00047,9.294,9.999000099990002e-05,0.00015,True,0.8484,0.8478,1,SOCS1:R/SOCS3:R,0.0015,,0.0,,,,,,,,,False,0.0,R,R,704.0,0.0015,R,R,703.0,,,,,,,,,,,,,0.14863,False,71.0
socs_paralogue,socs,127,105.0,D,SH2,0.03299,0.00238,7.667,9.999000099990002e-05,0.00015,True,0.8178,0.7877,1,SOCS1:D/SOCS3:D,0.0005,,0.03299,,,,,,,,,False,0.0,D,D,704.0,0.0,D,D,704.0,,,,,,,,,,,,,0.14863,False,72.0
socs_paralogue,socs,128,106.0,S,SH2,0.0,0.0,1.732,0.1204879512048795,0.13293,False,0.8144,0.8144,1,SOCS1:S/SOCS3:S,0.0005,,0.0,,,,,,,,,False,0.0,S,S,704.0,0.0,S,S,704.0,,,,,,,,,,,,,0.14863,False,73.0
socs_paralogue,socs,129,107.0,R,SH2,0.65594,0.0526,74.127,9.999000099990002e-05,0.00015,True,0.5824,0.4182,2,SOCS1:R/SOCS3:S,0.0005,,0.65594,,,,,,,,,False,0.0,R,T,704.0,0.0,S,S,704.0,,,,,,,,,,,,,0.14863,True,74.0
socs_paralogue,socs,130,108.0,Q,SH2,0.90543,0.00781,158.683,9.999000099990002e-05,0.00015,True,0.8474,0.8469,2,SOCS1:Q/SOCS3:D,0.0005,,0.90543,,,,,,,,,False,0.0,Q,Q,704.0,0.0,D,D,704.0,,,,,,,,,,,,,0.14863,True,75.0
socs_paralogue,socs,131,109.0,R,SH2,0.68524,0.05663,37.73,9.999000099990002e-05,0.00015,True,0.4844,0.3845,2,SOCS1:K/SOCS3:Q,0.001,,0.68545,,,,,,,,,False,0.0024,K,K,703.0,0.0,Q,Q,704.0,,,,,,,,,,,,,0.14863,True,76.0
socs_paralogue,socs,132,110.0,N,SH2,0.85857,0.02282,126.801,9.999000099990002e-05,0.00015,True,0.7315,0.7135,2,SOCS1:D/SOCS3:R,0.0,,0.85857,,,,,,,,,False,0.0,D,N,704.0,0.0,R,R,704.0,,,,,,,,,,,,,0.14863,True,77.0
socs_paralogue,socs,133,111.0,C,SH2,0.72776,0.01626,81.684,9.999000099990002e-05,0.00015,True,0.756,0.6425,2,SOCS1:V/SOCS3:H,0.0,,0.72776,,,,,,,,,False,0.0,V,C,704.0,0.0,H,H,704.0,,,,,,,,,,,,,0.14863,True,78.0
socs_paralogue,socs,134,112.0,F,SH2,0.09295,0.01531,15.453,9.999000099990002e-05,0.00015,True,0.7427,0.6809,1,SOCS1:F/SOCS3:F,0.0,,0.09295,,,,,,,,,False,0.0,F,F,704.0,0.0,F,F,704.0,,,,,,,,,,,,,0.14863,False,79.0
socs_paralogue,socs,135,113.0,F,SH2,0.00829,0.00222,1.9,0.0635936406359364,0.0854,False,0.8473,0.8377,1,SOCS1:F/SOCS3:F,0.0,,0.00829,,,,,,,,,False,0.0,F,F,704.0,0.0,F,F,704.0,,,,,,,,,,,,,0.14863,False,80.0
socs_paralogue,socs,136,114.0,A,SH2,0.05212,0.01015,3.518,0.0147985201479852,0.02022,True,0.6894,0.6521,1,SOCS1:T/SOCS3:T,0.0,,0.05212,,,,,,,,,False,0.0,T,A,704.0,0.0,T,T,704.0,,,,,,,,,,,,,0.14863,False,81.0
socs_paralogue,socs,137,115.0,L,SH2,0.05581,0.00525,10.054,9.999000099990002e-05,0.00015,True,0.6663,0.627,1,SOCS1:L/SOCS3:L,0.0,,0.05581,,,,,,,,,False,0.0,L,I,704.0,0.0,L,L,704.0,,,,,,,,,,,,,0.14863,False,82.0
socs_paralogue,socs,138,116.0,S,SH2,0.00701,0.00618,0.405,0.5009499050094991,0.53724,False,0.7907,0.7761,1,SOCS1:S/SOCS3:S,0.0,,0.00701,,,,,,,,,False,0.0,S,S,704.0,0.0,S,S,704.0,,,,,,,,,,,,,0.14863,False,83.0
socs_paralogue,socs,139,117.0,V,SH2,0.32955,0.01959,26.394,9.999000099990002e-05,0.00015,True,0.7002,0.689,2,SOCS1:Y/SOCS3:V,0.0,,0.32955,,,,,,,,,False,0.0,Y,V,704.0,0.0,V,V,704.0,,,,,,,,,,,,,0.14863,True,84.0
socs_paralogue,socs,140,118.0,K,SH2,0.14225,0.02215,12.653,9.999000099990002e-05,0.00015,True,0.632,0.5612,1,SOCS1:K/SOCS3:K,0.0,,0.14225,,,,,,,,,False,0.0,K,K,704.0,0.0,K,K,704.0,,,,,,,,,,,,,0.14863,False,85.0
socs_paralogue,socs,141,119.0,M,SH2,0.46975,0.02111,51.757,9.999000099990002e-05,0.00015,True,0.6451,0.4462,2,SOCS1:A/SOCS3:T,0.0,,0.46975,,,,,,,,,False,0.0,A,T,704.0,0.0,T,T,704.0,,,,,,,,,,,,,0.14863,True,86.0
socs_paralogue,socs,142,120.0,A,SH2,0.14735,0.03172,9.642,9.999000099990002e-05,0.00015,True,0.3371,0.3172,1,SOCS1:A/SOCS3:A,0.0,,0.14735,,,,,,,,,False,0.0,A,A,704.0,0.0,A,E,704.0,,,,,,,,,,,,,0.14863,False,87.0
socs_paralogue,socs,143,121.0,S,SH2,0.26766,0.04195,16.541,9.999000099990002e-05,0.00015,True,0.3896,0.3462,1,SOCS1:S/SOCS3:S,0.0,,0.26766,,,,,,,,,False,0.0,S,T,704.0,0.0,S,S,704.0,,,,,,,,,,,,,0.14863,True,88.0
socs_paralogue,socs,144,122.0,G,SH2,0.0386,0.04225,-0.445,0.6391360863913609,0.67656,False,0.7293,0.6638,1,SOCS1:G/SOCS3:G,0.0,,0.0386,,,,,,,,,False,0.0,G,G,704.0,0.0,G,G,704.0,,,,,,,,,,,,,0.14863,False,89.0
socs_paralogue,socs,145,123.0,P,SH2,0.72578,0.01921,59.542,9.999000099990002e-05,0.00015,True,0.7381,0.6905,2,SOCS1:P/SOCS3:T,0.0,,0.72578,,,,,,,,,False,0.0,P,P,704.0,0.0,T,T,704.0,,,,,,,,,,,,,0.14863,True,90.0
socs_paralogue,socs,146,124.0,T,SH2,0.65708,0.0189,77.255,9.999000099990002e-05,0.00015,True,0.6427,0.5828,2,SOCS1:T/SOCS3:K,0.0,,0.65708,,,,,,,,,False,0.0,T,T,704.0,0.0,K,K,704.0,,,,,,,,,,,,,0.14863,True,91.0
socs_paralogue,socs,147,125.0,S,SH2,0.69976,0.00753,255.984,9.999000099990002e-05,0.00015,True,0.7931,0.7727,2,SOCS1:S/SOCS3:N,0.0,,0.69976,,,,,,,,,False,0.0,S,S,704.0,0.0,N,N,704.0,,,,,,,,,,,,,0.14863,True,92.0
socs_paralogue,socs,148,126.0,I,SH2,0.78112,0.02908,181.813,9.999000099990002e-05,0.00015,True,0.6793,0.6581,2,SOCS1:V/SOCS3:L,0.0005,,0.78112,,,,,,,,,False,0.0,V,I,704.0,0.0,L,L,704.0,,,,,,,,,,,,,0.14863,True,93.0
socs_paralogue,socs,149,127.0,R,SH2,0.00344,0.00614,-6.41,1.0,1.0,False,0.8381,0.8271,1,SOCS1:R/SOCS3:R,0.0005,,0.00344,,,,,,,,,False,0.0,R,R,704.0,0.0,R,R,704.0,,,,,,,,,,,,,0.14863,False,94.0
socs_paralogue,socs,150,128.0,V,SH2,0.10796,0.01139,10.061,9.999000099990002e-05,0.00015,True,0.7047,0.6523,1,SOCS1:I/SOCS3:I,0.0005,,0.10796,,,,,,,,,False,0.0,I,I,704.0,0.0,I,I,704.0,,,,,,,,,,,,,0.14863,False,95.0
socs_paralogue,socs,151,129.0,H,SH2,0.48836,0.0386,36.177,9.999000099990002e-05,0.00015,True,0.5236,0.3061,2,SOCS1:L/SOCS3:Q,0.0005,,0.48836,,,,,,,,,False,0.0,L,N,704.0,0.0,Q,Q,704.0,,,,,,,,,,,,,0.14863,True,96.0
socs_paralogue,socs,152,130.0,F,SH2,0.74808,0.02779,87.381,9.999000099990002e-05,0.00015,True,0.6434,0.6385,2,SOCS1:F/SOCS3:C,0.001,,0.74798,,,,,,,,,False,0.0,F,F,704.0,0.0004,C,C,703.0,,,,,,,,,,,,,0.14863,True,97.0
socs_paralogue,socs,153,131.0,Q,SH2,0.63352,0.03713,48.816,9.999000099990002e-05,0.00015,True,0.541,0.452,2,SOCS1:Q/SOCS3:D,0.001,,0.63341,,,,,,,,,False,0.0,Q,Q,704.0,0.0004,D,E,703.0,,,,,,,,,,,,,0.14863,True,98.0
socs_paralogue,socs,154,132.0,A,SH2,0.27451,0.0198,24.719,9.999000099990002e-05,0.00015,True,0.3211,0.3088,2,SOCS1:N/SOCS3:G,0.001,,0.27435,,,,,,,,,False,0.0,N,T,704.0,0.0004,G,G,703.0,,,,,,,,,,,,,0.14863,True,99.0
socs_paralogue,socs,155,133.0,G,SH2,0.35645,0.04146,29.772,9.999000099990002e-05,0.00015,True,0.3948,0.3582,1,SOCS1:G/SOCS3:G,0.002,,0.3563,,,,,,,,,False,0.0,G,G,704.0,0.0004,G,G,703.0,,,,,,,,,,,,,0.14863,True,100.0
socs_paralogue,socs,156,134.0,R,SH2,0.71718,0.04196,62.747,9.999000099990002e-05,0.00015,True,0.49,0.4239,2,SOCS1:R/SOCS3:S,0.0015,,0.71707,,,,,,,,,False,0.0,R,R,704.0,0.0004,S,S,703.0,,,,,,,,,,,,,0.14863,True,101.0
socs_paralogue,socs,157,135.0,F,SH2,0.00019,0.00012,9.264,9.999000099990002e-05,0.00015,True,0.8757,0.8755,1,SOCS1:F/SOCS3:F,0.0015,,0.0,,,,,,,,,False,0.0,F,F,704.0,0.0004,F,F,703.0,,,,,,,,,,,,,0.14863,False,102.0
socs_paralogue,socs,158,136.0,H,SH2,0.41514,0.03951,25.105,9.999000099990002e-05,0.00015,True,0.5518,0.5473,2,SOCS1:S/SOCS3:F,0.0015,,0.415,,,,,,,,,False,0.0,S,S,704.0,0.0004,F,S,703.0,,,,,,,,,,,,,0.14863,True,103.0
socs_paralogue,socs,159,137.0,L,SH2,0.02462,0.01602,1.452,0.0052994700529947,0.00728,True,0.7394,0.7375,1,SOCS1:L/SOCS3:L,0.0015,,0.02444,,,,,,,,,False,0.0,L,L,704.0,0.0004,L,L,703.0,,,,,,,,,,,,,0.14863,False,104.0
socs_paralogue,socs,160,138.0,D,SH2,0.76715,0.05063,51.307,9.999000099990002e-05,0.00015,True,0.5228,0.3425,2,SOCS1:D/SOCS3:Q,0.001,,0.76705,,,,,,,,,False,0.0,D,D,704.0,0.0004,Q,Q,703.0,,,,,,,,,,,,,0.14863,True,105.0
socs_paralogue,socs,161,139.0,G,SH2,0.90543,0.03408,155.614,9.999000099990002e-05,0.00015,True,0.6757,0.5903,2,SOCS1:G/SOCS3:T,0.001,,0.90534,,,,,,,,,False,0.0,G,G,704.0,0.0004,T,S,703.0,,,,,,,,,,,,,0.14863,True,106.0
socs_paralogue,socs,162,140.0,S,SH2,0.9009,0.0502,66.279,9.999000099990002e-05,0.00015,True,0.6919,0.6734,2,SOCS1:S/SOCS3:D,0.2864,,0.91098,,,,,,,,,False,0.0366,S,S,702.0,0.0004,D,D,703.0,,,,,,,,,,,,,0.14863,True,107.0
socs_paralogue,socs,163,141.0,R,SH2,0.78213,0.04514,43.193,9.999000099990002e-05,0.00015,True,0.5172,0.4001,2,SOCS1:K/SOCS3:P,0.2829,,0.78916,,,,,,,,,False,0.0366,K,K,702.0,0.0004,P,P,703.0,,,,,,,,,,,,,0.14863,True,108.0
socs_paralogue,socs,164,142.0,E,SH2,0.26605,0.05412,19.126,9.999000099990002e-05,0.00015,True,0.4914,0.48,2,SOCS1:E/SOCS3:R,0.2815,,0.26589,,,,,,,,,False,0.0,E,E,704.0,0.0004,R,R,703.0,,,,,,,,,,,,,0.14863,True,109.0
socs_paralogue,socs,165,143.0,S,SH2,0.33547,0.04681,25.085,9.999000099990002e-05,0.00015,True,0.5004,0.4909,1,SOCS1:S/SOCS3:S,0.2815,,0.33532,,,,,,,,,False,0.0,S,T,704.0,0.0004,S,S,703.0,,,,,,,,,,,,,0.14863,True,110.0
socs_paralogue,socs,166,144.0,F,SH2,0.00519,0.01779,-2.356,1.0,1.0,False,0.8417,0.8256,1,SOCS1:F/SOCS3:F,0.002,,0.005,,,,,,,,,False,0.0,F,F,704.0,0.0004,F,F,703.0,,,,,,,,,,,,,0.14863,False,117.0
socs_paralogue,socs,167,145.0,D,SH2,0.10291,0.02495,6.933,9.999000099990002e-05,0.00015,True,0.5489,0.4566,1,SOCS1:D/SOCS3:D,0.002,,0.10274,,,,,,,,,False,0.0,D,D,704.0,0.0004,D,D,703.0,,,,,,,,,,,,,0.14863,False,118.0
socs_paralogue,socs,168,146.0,C,SH2,0.24758,0.0084,45.503,9.999000099990002e-05,0.00015,True,0.8143,0.6875,1,SOCS1:C/SOCS3:C,0.002,,0.24741,,,,,,,,,False,0.0,C,C,704.0,0.0004,C,C,703.0,,,,,,,,,,,,,0.14863,True,119.0
socs_paralogue,socs,169,147.0,L,SH2,0.7288,0.0202,116.244,9.999000099990002e-05,0.00015,True,0.687,0.6182,2,SOCS1:L/SOCS3:V,0.002,,0.72869,,,,,,,,,False,0.0,L,L,704.0,0.0004,V,V,703.0,,,,,,,,,,,,,0.14863,True,120.0
socs_paralogue,socs,170,148.0,F,SH2,0.83415,0.02123,50.325,9.999000099990002e-05,0.00015,True,0.7424,0.703,2,SOCS1:F/SOCS3:L,0.002,,0.83406,,,,,,,,,False,0.0,F,F,704.0,0.0004,L,L,703.0,,,,,,,,,,,,,0.14863,True,121.0
socs_paralogue,socs,171,149.0,E,SH2,0.36156,0.03168,25.458,9.999000099990002e-05,0.00015,True,0.5609,0.3814,2,SOCS1:A/SOCS3:K,0.002,,0.36141,,,,,,,,,False,0.0,A,K,704.0,0.0004,K,K,703.0,,,,,,,,,,,,,0.14863,True,122.0
socs_paralogue,socs,172,150.0,L,SH2,0.00624,0.00537,0.191,0.3267673232676732,0.35716,False,0.7447,0.7445,1,SOCS1:L/SOCS3:L,0.002,,0.00605,,,,,,,,,False,0.0,L,L,704.0,0.0004,L,L,703.0,,,,,,,,,,,,,0.14863,False,123.0
socs_paralogue,socs,173,151.0,L,SH2,0.60601,0.00442,155.148,9.999000099990002e-05,0.00015,True,0.665,0.6442,2,SOCS1:L/SOCS3:V,0.0025,,0.60385,,,,,,,,,False,0.0,L,L,704.0,0.0065,V,V,702.0,,,,,,,,,,,,,0.14863,True,124.0
socs_paralogue,socs,174,152.0,E,SH2,0.45753,0.04269,31.618,9.999000099990002e-05,0.00015,True,0.4759,0.4541,2,SOCS1:E/SOCS3:H,0.002,,0.45739,,,,,,,,,False,0.0,E,E,704.0,0.0004,H,H,703.0,,,,,,,,,,,,,0.14863,True,125.0
socs_paralogue,socs,175,153.0,H,SH2,0.01621,0.02213,-0.913,0.7605239476052394,0.80145,False,0.7612,0.7346,1,SOCS1:H/SOCS3:H,0.002,,0.01602,,,,,,,,,False,0.0,H,H,704.0,0.0004,H,H,703.0,,,,,,,,,,,,,0.14863,False,126.0
socs_paralogue,socs,176,154.0,Y,SH2,0.01843,0.03177,-1.763,1.0,1.0,False,0.8468,0.8089,1,SOCS1:Y/SOCS3:Y,0.002,,0.01825,,,,,,,,,False,0.0,Y,Y,704.0,0.0004,Y,Y,703.0,,,,,,,,,,,,,0.14863,False,127.0
socs_paralogue,socs,177,155.0,V,SH2,0.51741,0.01955,62.964,9.999000099990002e-05,0.00015,True,0.5941,0.4221,2,SOCS1:I/SOCS3:M,0.0025,,0.51728,,,,,,,,,False,0.0,I,L,704.0,0.0004,M,M,703.0,,,,,,,,,,,,,0.14863,True,128.0
socs_paralogue,socs,178,156.0,A,SH2,0.43472,0.04334,24.504,9.999000099990002e-05,0.00015,True,0.271,0.2694,2,SOCS1:S/SOCS3:P,0.0075,,0.42833,,,,,,,,,False,0.0,S,S,704.0,0.0163,P,P,694.0,,,,,,,,,,,,,0.14863,True,130.0
socs_paralogue,socs,179,157.0,A,SH2,0.65686,0.03397,82.354,9.999000099990002e-05,0.00015,True,0.3244,0.0953,2,SOCS1:S/SOCS3:P,0.2675,,0.12911,,,,,,,,,True,0.0114,S,S,703.0,0.8201,P,P,177.0,,,,,,,,,,,,,0.14863,True,131.0
socs_paralogue,socs,180,158.0,P,SH2,0.10627,0.01344,13.761,9.999000099990002e-05,0.00015,True,0.4032,0.2793,1,SOCS1:P/SOCS3:P,0.0905,,0.13479,,,,,,,,,False,0.2445,P,P,664.0,0.3585,P,P,658.0,,,,,,,,,,,,,0.14863,False,148.0
socs_paralogue,socs,181,159.0,R,SH2,0.30114,0.04259,20.28,9.999000099990002e-05,0.00015,True,0.3836,0.3299,1,SOCS1:K/SOCS3:K,0.2616,,0.18231,,,,,,,,,False,0.0212,K,R,703.0,0.3397,K,K,659.0,,,,,,,,,,,,,0.14863,True,162.0
socs_paralogue,socs,182,160.0,R,SH2,0.45945,0.02802,32.565,9.999000099990002e-05,0.00015,True,0.488,0.3794,2,SOCS1:K/SOCS3:R,0.0522,,0.45347,,,,,,,,,False,0.0212,K,K,703.0,0.1284,R,R,694.0,,,,,,,,,,,,,0.14863,True,163.0
socs_paralogue,socs,183,161.0,M,SH2;SOCS_box,0.43317,0.04234,26.512,9.999000099990002e-05,0.00015,True,0.3372,0.3073,2,SOCS1:S/SOCS3:A,0.007,,0.42566,,,,,,,,,False,0.0212,S,V,703.0,0.1284,A,T,694.0,,,,,,,,,,,,,0.14863,True,164.0
socs_paralogue,socs,184,162.0,L,SOCS_box,0.03253,0.03347,-0.072,0.4745525447455254,0.5163,False,0.72,0.6759,1,SOCS1:L/SOCS3:L,0.001,,0.02479,,,,,,,,,False,0.0212,L,L,703.0,0.0,L,L,704.0,,,,,,,,,,,,,0.14863,False,178.0
socs_paralogue,socs,185,163.0,G,SOCS_box,0.27144,0.03264,27.124,9.999000099990002e-05,0.00015,True,0.3619,0.3549,2,SOCS1:V/SOCS3:S,0.001,,0.2672,,,,,,,,,False,0.0212,V,V,703.0,0.0,S,S,704.0,,,,,,,,,,,,,0.14863,True,179.0
socs_paralogue,socs,186,164.0,A,SOCS_box,0.47198,0.04984,32.243,9.999000099990002e-05,0.00015,True,0.4656,0.2443,2,SOCS1:A/SOCS3:R,0.001,,0.47066,,,,,,,,,False,0.0212,A,T,703.0,0.0,R,R,704.0,,,,,,,,,,,,,0.14863,True,180.0
socs_paralogue,socs,187,165.0,P,SOCS_box,0.02476,0.01718,1.527,0.0774922507749225,0.10347,False,0.8254,0.7889,1,SOCS1:P/SOCS3:P,0.001,,0.01691,,,,,,,,,False,0.0212,P,P,703.0,0.0,P,P,704.0,,,,,,,,,,,,,0.14863,False,181.0
socs_paralogue,socs,188,166.0,L,SOCS_box,0.26872,0.03438,25.539,9.999000099990002e-05,0.00015,True,0.6555,0.6307,2,SOCS1:Y/SOCS3:L,0.001,,0.26443,,,,,,,,,False,0.0212,Y,L,703.0,0.0,L,L,704.0,,,,,,,,,,,,,0.14863,True,182.0
socs_paralogue,socs,189,167.0,R,SOCS_box,0.73147,0.0501,74.722,9.999000099990002e-05,0.00015,True,0.5925,0.4147,2,SOCS1:R/SOCS3:S,0.001,,0.73394,,,,,,,,,False,0.0212,R,R,703.0,0.0,S,S,704.0,,,,,,,,,,,,,0.14863,True,183.0
socs_paralogue,socs,190,168.0,Q,SOCS_box,0.81697,0.04758,51.901,9.999000099990002e-05,0.00015,True,0.5136,0.4919,2,SOCS1:K/SOCS3:S,0.0015,,0.82605,,,,,,,,,False,0.0212,K,K,703.0,0.0034,S,S,703.0,,,,,,,,,,,,,0.14863,True,184.0
socs_paralogue,socs,191,169.0,R,SOCS_box,0.82007,0.04743,71.751,9.999000099990002e-05,0.00015,True,0.211,0.0327,2,SOCS1:V/SOCS3:P,0.6479,,0.13052,,,,,,,,,True,0.0212,V,V,703.0,0.9621,P,P,1.0,,,,,,,,,,,,,0.14863,True,
socs_paralogue,socs,192,170.0,R,SOCS_box,0.6826,0.02336,65.134,9.999000099990002e-05,0.00015,True,0.4895,0.4527,2,SOCS1:R/SOCS3:S,0.0005,,0.6826,,,,,,,,,False,0.0,R,R,704.0,0.0,S,S,704.0,,,,,,,,,,,,,0.14863,True,185.0
socs_paralogue,socs,193,,,,0.0,0.0,1.732,0.1204879512048795,0.13293,False,0.0,0.0,1,SOCS1:A/SOCS3:A,0.999,,,,,,,,,,,True,1.0,A,-,0.0,1.0,A,-,0.0,,,,,,,,,,,,,0.14863,False,
socs_paralogue,socs,194,171.0,V,SOCS_box,0.27721,0.0372,22.987,9.999000099990002e-05,0.00015,True,0.4772,0.4361,2,SOCS1:P/SOCS3:V,0.0368,,0.22635,,,,,,,,,False,0.1959,P,V,631.0,0.0,V,V,704.0,,,,,,,,,,,,,0.14863,True,186.0
socs_paralogue,socs,195,172.0,R,SOCS_box,0.76594,0.05133,77.489,9.999000099990002e-05,0.00015,True,0.53,0.4813,2,SOCS1:Q/SOCS3:S,0.0005,,0.76594,,,,,,,,,False,0.0,Q,Q,704.0,0.0,S,S,704.0,,,,,,,,,,,,,0.14863,True,187.0
socs_paralogue,socs,196,173.0,P,SOCS_box,0.239,0.02867,19.337,9.999000099990002e-05,0.00015,True,0.5776,0.4567,2,SOCS1:P/SOCS3:T,0.0005,,0.239,,,,,,,,,False,0.0,P,P,704.0,0.0,T,T,704.0,,,,,,,,,,,,,0.14863,True,188.0
socs_paralogue,socs,197,174.0,L,SOCS_box,0.0,0.0,1.732,0.1204879512048795,0.13293,False,0.7641,0.7641,1,SOCS1:L/SOCS3:L,0.0005,,0.0,,,,,,,,,False,0.0,L,L,704.0,0.0,L,L,704.0,,,,,,,,,,,,,0.14863,False,189.0
socs_paralogue,socs,198,175.0,Q,SOCS_box,0.0266,0.01723,1.306,0.1381861813818618,0.15175,False,0.7733,0.727,1,SOCS1:Q/SOCS3:Q,0.0005,,0.0266,,,,,,,,,False,0.0,Q,Q,704.0,0.0,Q,Q,704.0,,,,,,,,,,,,,0.14863,False,190.0
socs_paralogue,socs,199,176.0,E,SOCS_box,0.78281,0.02098,136.567,9.999000099990002e-05,0.00015,True,0.7711,0.6908,2,SOCS1:E/SOCS3:H,0.0005,,0.78281,,,,,,,,,False,0.0,E,E,704.0,0.0,H,H,704.0,,,,,,,,,,,,,0.14863,True,191.0
socs_paralogue,socs,200,177.0,L,SOCS_box,0.0266,0.01338,2.392,0.0306969303069693,0.0417,True,0.667,0.6474,1,SOCS1:L/SOCS3:L,0.0,,0.0266,,,,,,,,,False,0.0,L,L,704.0,0.0,L,L,704.0,,,,,,,,,,,,,0.14863,False,192.0
socs_paralogue,socs,201,178.0,C,SOCS_box,0.03233,0.03138,0.096,0.5029497050294971,0.53724,False,0.8694,0.7974,1,SOCS1:C/SOCS3:C,0.0,,0.03233,,,,,,,,,False,0.0,C,C,704.0,0.0,C,C,704.0,,,,,,,,,,,,,0.14863,False,193.0
socs_paralogue,socs,202,179.0,R,SOCS_box,0.02244,0.01341,10.068,9.999000099990002e-05,0.00015,True,0.825,0.8009,1,SOCS1:R/SOCS3:R,0.0,,0.02244,,,,,,,,,False,0.0,R,R,704.0,0.0,R,R,704.0,,,,,,,,,,,,,0.14863,False,194.0
socs_paralogue,socs,203,180.0,Q,SOCS_box,0.08358,0.01139,11.406,9.999000099990002e-05,0.00015,True,0.6747,0.6141,1,SOCS1:K/SOCS3:K,0.0,,0.08358,,,,,,,,,False,0.0,K,K,704.0,0.0,K,K,704.0,,,,,,,,,,,,,0.14863,False,195.0
socs_paralogue,socs,204,181.0,R,SOCS_box,0.68389,0.03618,67.609,9.999000099990002e-05,0.00015,True,0.5649,0.4563,2,SOCS1:R/SOCS3:T,0.0,,0.68389,,,,,,,,,False,0.0,R,S,704.0,0.0,T,T,704.0,,,,,,,,,,,,,0.14863,True,196.0
socs_paralogue,socs,205,182.0,I,SOCS_box,0.23644,0.00727,39.554,9.999000099990002e-05,0.00015,True,0.6065,0.5941,2,SOCS1:I/SOCS3:V,0.0,,0.23644,,,,,,,,,False,0.0,I,I,704.0,0.0,V,V,704.0,,,,,,,,,,,,,0.14863,True,197.0
socs_paralogue,socs,206,183.0,V,SOCS_box,0.82467,0.03911,108.803,9.999000099990002e-05,0.00015,True,0.6475,0.5342,2,SOCS1:V/SOCS3:N,0.0,,0.82467,,,,,,,,,False,0.0,V,V,704.0,0.0,N,N,704.0,,,,,,,,,,,,,0.14863,True,198.0
socs_paralogue,socs,207,184.0,A,SOCS_box,0.87196,0.05598,63.959,9.999000099990002e-05,0.00015,True,0.1723,0.0477,2,SOCS1:E/SOCS3:N,0.3506,,0.1431,,,,,,,,,True,0.0,E,K,704.0,0.9363,N,N,2.0,,,,,,,,,,,,,0.14863,True,
socs_paralogue,socs,208,185.0,T,SOCS_box,0.87551,0.03214,53.889,9.999000099990002e-05,0.00015,True,0.2325,0.0387,2,SOCS1:T/SOCS3:M,0.3511,,0.09604,,,,,,,,,True,0.0,T,T,704.0,0.9579,M,M,1.0,,,,,,,,,,,,,0.14863,True,
socs_paralogue,socs,209,186.0,V,SOCS_box,0.90543,0.0245,80.32,9.999000099990002e-05,0.00015,True,0.2787,0.0,2,SOCS1:F/SOCS3:A,0.364,,,,,,,,,,,True,0.0,F,F,704.0,1.0,A,-,0.0,,,,,,,,,,,,,0.14863,True,
socs_paralogue,socs,210,187.0,G,SOCS_box,0.86708,0.01732,129.586,9.999000099990002e-05,0.00015,True,0.3526,0.0,2,SOCS1:G/SOCS3:A,0.63,,,,,,,,,,,True,0.0075,G,G,701.0,1.0,A,-,0.0,,,,,,,,,,,,,0.14863,True,
socs_paralogue,socs,211,188.0,R,SOCS_box,0.85557,0.0444,90.416,9.999000099990002e-05,0.00015,True,0.198,0.0,2,SOCS1:R/SOCS3:A,0.635,,,,,,,,,,,True,0.0104,R,R,697.0,1.0,A,-,0.0,,,,,,,,,,,,,0.14863,True,
socs_paralogue,socs,212,189.0,E,SOCS_box,0.88242,0.02851,56.304,9.999000099990002e-05,0.00015,True,0.2119,0.0,2,SOCS1:E/SOCS3:A,0.6335,,,,,,,,,,,True,0.004,E,E,702.0,1.0,A,-,0.0,,,,,,,,,,,,,0.14863,True,
socs_paralogue,socs,213,190.0,N,SOCS_box,0.57014,0.0639,35.051,9.999000099990002e-05,0.00015,True,0.4366,0.3418,2,SOCS1:N/SOCS3:H,0.0179,,0.5702,,,,,,,,,False,0.0078,N,N,701.0,0.0,H,H,704.0,,,,,,,,,,,,,0.14863,True,200.0
socs_paralogue,socs,214,191.0,L,SOCS_box,0.25999,0.03723,20.639,9.999000099990002e-05,0.00015,True,0.4682,0.4075,2,SOCS1:I/SOCS3:L,0.0269,,0.22209,,,,,,,,,False,0.0034,I,L,703.0,0.1061,L,L,683.0,,,,,,,,,,,,,0.14863,True,201.0
socs_paralogue,socs,215,192.0,A,SOCS_box,0.30699,0.04799,18.424,9.999000099990002e-05,0.00015,True,0.3725,0.2737,2,SOCS1:S/SOCS3:D,0.0244,,0.26472,,,,,,,,,False,0.0,S,N,704.0,0.0926,D,D,686.0,,,,,,,,,,,,,0.14863,True,202.0
socs_paralogue,socs,216,193.0,R,SOCS_box,0.39506,0.03244,32.58,9.999000099990002e-05,0.00015,True,0.414,0.3515,2,SOCS1:R/SOCS3:K,0.0015,,0.39387,,,,,,,,,False,0.0,R,Q,704.0,0.003,K,K,703.0,,,,,,,,,,,,,0.14863,True,206.0
socs_paralogue,socs,217,194.0,I,SOCS_box,0.59857,0.02026,76.777,9.999000099990002e-05,0.00015,True,0.475,0.3835,2,SOCS1:L/SOCS3:R,0.0,,0.59857,,,,,,,,,False,0.0,L,I,704.0,0.0,R,M,704.0,,,,,,,,,,,,,0.14863,True,207.0
socs_paralogue,socs,218,195.0,P,SOCS_box,0.6877,0.02841,81.261,9.999000099990002e-05,0.00015,True,0.5976,0.4311,2,SOCS1:P/SOCS3:D,0.0,,0.6877,,,,,,,,,False,0.0,P,P,704.0,0.0,D,T,704.0,,,,,,,,,,,,,0.14863,True,208.0
socs_paralogue,socs,219,196.0,L,SOCS_box,0.21648,0.01843,18.532,9.999000099990002e-05,0.00015,True,0.5527,0.4227,1,SOCS1:L/SOCS3:L,0.0085,,0.20091,,,,,,,,,False,0.0617,L,L,688.0,0.0,L,L,704.0,,,,,,,,,,,,,0.14863,True,210.0
socs_paralogue,socs,220,197.0,N,SOCS_box,0.8358,0.04275,101.492,9.999000099990002e-05,0.00015,True,0.6808,0.5517,2,SOCS1:N/SOCS3:P,0.0,,0.8358,,,,,,,,,False,0.0,N,N,704.0,0.0,P,P,704.0,,,,,,,,,,,,,0.14863,True,211.0
socs_paralogue,socs,221,198.0,P,SOCS_box,0.37211,0.03849,26.049,9.999000099990002e-05,0.00015,True,0.3503,0.3332,2,SOCS1:P/SOCS3:H,0.0,,0.37211,,,,,,,,,False,0.0,P,P,704.0,0.0,H,A,704.0,,,,,,,,,,,,,0.14863,True,212.0
socs_paralogue,socs,222,199.0,V,SOCS_box,0.61196,0.04633,37.529,9.999000099990002e-05,0.00015,True,0.4493,0.4254,2,SOCS1:V/SOCS3:P,0.0,,0.61196,,,,,,,,,False,0.0,V,V,704.0,0.0,P,P,704.0,,,,,,,,,,,,,0.14863,True,213.0
socs_paralogue,socs,223,200.0,L,SOCS_box,0.22876,0.02596,17.977,9.999000099990002e-05,0.00015,True,0.5402,0.4787,1,SOCS1:L/SOCS3:L,0.0,,0.22876,,,,,,,,,False,0.0,L,L,704.0,0.0,L,I,704.0,,,,,,,,,,,,,0.14863,True,214.0
socs_paralogue,socs,224,201.0,R,SOCS_box,0.03671,0.02166,1.957,0.0528947105289471,0.07144,False,0.6127,0.5858,1,SOCS1:K/SOCS3:K,0.0,,0.03671,,,,,,,,,False,0.0,K,K,704.0,0.0,K,K,704.0,,,,,,,,,,,,,0.14863,False,215.0
socs_paralogue,socs,225,202.0,D,SOCS_box,0.30191,0.04032,20.872,9.999000099990002e-05,0.00015,True,0.5353,0.4437,2,SOCS1:D/SOCS3:E,0.0,,0.30191,,,,,,,,,False,0.0,D,D,704.0,0.0,E,E,704.0,,,,,,,,,,,,,0.14863,True,216.0
socs_paralogue,socs,226,203.0,Y,SOCS_box,0.20973,0.0327,57.45,9.999000099990002e-05,0.00015,True,0.7552,0.7352,2,SOCS1:Y/SOCS3:F,0.0,,0.20973,,,,,,,,,False,0.0,Y,Y,704.0,0.0,F,F,704.0,,,,,,,,,,,,,0.14863,True,217.0
socs_paralogue,socs,227,204.0,L,SOCS_box,0.08852,0.02454,6.542,9.999000099990002e-05,0.00015,True,0.6355,0.6097,1,SOCS1:L/SOCS3:L,0.0,,0.08852,,,,,,,,,False,0.0,L,L,704.0,0.0,L,L,704.0,,,,,,,,,,,,,0.14863,False,218.0
socs_paralogue,socs,228,205.0,S,SOCS_box,0.47196,0.04375,24.245,9.999000099990002e-05,0.00015,True,0.3675,0.2618,2,SOCS1:K/SOCS3:Q,0.001,,0.44692,,,,,,,,,False,0.0,K,K,704.0,0.0637,Q,D,702.0,,,,,,,,,,,,,0.14863,True,219.0
socs_paralogue,socs,229,206.0,S,SOCS_box,0.52734,0.04158,30.87,9.999000099990002e-05,0.00015,True,0.4644,0.3849,2,SOCS1:S/SOCS3:E,0.002,,0.50103,,,,,,,,,False,0.0,S,S,704.0,0.0698,E,Q,701.0,,,,,,,,,,,,,0.14863,True,220.0
socs_paralogue,socs,230,207.0,F,SOCS_box,0.41125,0.01065,33.18,9.999000099990002e-05,0.00015,True,0.8067,0.8023,2,SOCS1:F/SOCS3:Y,0.002,,0.36526,,,,,,,,,False,0.0,F,F,704.0,0.1077,Y,Y,700.0,,,,,,,,,,,,,0.14863,True,221.0
socs_paralogue,socs,231,208.0,P,SOCS_box,0.11755,0.01934,9.711,9.999000099990002e-05,0.00015,True,0.7308,0.628,1,SOCS1:P/SOCS3:P,0.0025,,0.06912,,,,,,,,,False,0.0,P,P,704.0,0.0933,P,P,699.0,,,,,,,,,,,,,0.14863,False,224.0
socs_paralogue,socs,232,209.0,F,SOCS_box,0.83475,0.01222,116.934,9.999000099990002e-05,0.00015,True,0.385,0.0341,2,SOCS1:F/SOCS3:Y,0.3506,,0.02616,,,,,,,,,True,0.0,F,F,704.0,0.9621,Y,Y,1.0,,,,,,,,,,,,,0.14863,True,
socs_paralogue,socs,233,210.0,Q,SOCS_box,0.88651,0.04731,59.592,9.999000099990002e-05,0.00015,True,0.2278,0.0309,2,SOCS1:Q/SOCS3:G,0.3511,,0.101,,,,,,,,,True,0.0,Q,Q,704.0,0.9621,G,G,1.0,,,,,,,,,,,,,0.14863,True,
socs_paralogue,socs,234,211.0,I,,0.08146,0.02863,3.804,0.0005999400059994,0.00085,True,0.5374,0.4917,1,SOCS1:I/SOCS3:I,0.092,,0.02012,,,,,,,,,False,0.0,I,I,704.0,0.1139,I,L,699.0,,,,,,,,,,,,,0.14863,False,225.0
jak_paralogue,jak,0,,G,,0.83884,0.01621,143.801,9.999000099990002e-05,0.00017,True,0.2222,0.0,2,JAK1:A/JAK2:G/TYK2:A,0.6084,834.0,,,,,,,,,,True,,,,,,,,,1.0,A,-,0.0,0.0161,G,G,621.0,1.0,A,-,0.0,0.20084,True,
jak_paralogue,jak,1,,A,,0.83435,0.03074,111.91,9.999000099990002e-05,0.00017,True,0.1767,0.0,1,JAK1:A/JAK2:A/TYK2:A,0.6091,835.0,,,,,,,,,,True,,,,,,,,,1.0,A,-,0.0,0.0182,A,A,620.0,1.0,A,-,0.0,0.20084,True,
jak_paralogue,jak,2,,F,,0.85752,0.03925,120.632,9.999000099990002e-05,0.00017,True,0.2001,0.0,2,JAK1:A/JAK2:F/TYK2:A,0.6072,836.0,,,,,,,,,,True,,,,,,,,,1.0,A,-,0.0,0.0079,F,F,623.0,1.0,A,-,0.0,0.20084,True,
jak_paralogue,jak,3,,E,,0.85411,0.0317,121.829,9.999000099990002e-05,0.00017,True,0.1968,0.0,2,JAK1:A/JAK2:E/TYK2:A,0.6078,837.0,,,,,,,,,,True,,,,,,,,,1.0,A,-,0.0,0.0093,E,E,622.0,1.0,A,-,0.0,0.20084,True,
jak_paralogue,jak,4,,D,,1.08678,0.05245,74.118,9.999000099990002e-05,0.00017,True,0.3001,0.0,3,JAK1:A/JAK2:D/TYK2:V,0.3872,838.0,0.46008,,,,,,,,,True,,,,,,,,,1.0,A,-,0.0,0.0093,D,D,622.0,0.0526,V,A,350.0,0.20084,True,
jak_paralogue,jak,5,,R,,1.27717,0.06373,78.569,9.999000099990002e-05,0.00017,True,0.5372,0.3983,3,JAK1:V/JAK2:R/TYK2:S,0.0044,839.0,1.30299,,,,,,,,,False,,,,,,,,,0.0167,V,V,604.0,0.0079,R,R,623.0,0.0463,S,S,353.0,0.20084,True,
jak_paralogue,jak,6,,D,,0.23875,0.08215,14.991,9.999000099990002e-05,0.00017,True,0.6989,0.6255,1,JAK1:D/JAK2:D/TYK2:D,0.0044,840.0,0.23732,,,,,,,,,False,,,,,,,,,0.0167,D,D,604.0,0.0079,D,D,623.0,0.0463,D,D,353.0,0.20084,True,
jak_paralogue,jak,7,,P,,0.05788,0.04586,1.197,0.1202879712028797,0.16469,False,0.7575,0.694,1,JAK1:P/JAK2:P/TYK2:P,0.0038,841.0,0.05231,,,,,,,,,False,,,,,,,,,0.0167,P,P,604.0,0.0079,P,P,623.0,0.0445,P,P,354.0,0.20084,False,
jak_paralogue,jak,8,,T,,0.30011,0.04415,24.31,9.999000099990002e-05,0.00017,True,0.6356,0.5653,1,JAK1:T/JAK2:T/TYK2:T,0.0038,842.0,0.30071,,,,,,,,,False,,,,,,,,,0.0167,T,T,604.0,0.0079,T,T,623.0,0.0445,T,T,354.0,0.20084,True,
jak_paralogue,jak,9,,Q,,0.95687,0.04739,76.53,9.999000099990002e-05,0.00017,True,0.5781,0.4132,3,JAK1:L/JAK2:Q/TYK2:V,0.0057,843.0,0.98442,,,,,,,,,False,,,,,,,,,0.0291,L,L,603.0,0.0151,Q,Q,621.0,0.0445,V,V,354.0,0.20084,True,
jak_paralogue,jak,10,,F,,0.03337,0.03556,-0.196,0.537046295370463,0.56791,False,0.8189,0.8016,1,JAK1:F/JAK2:F/TYK2:F,0.0044,844.0,0.02828,,,,,,,,,False,,,,,,,,,0.0291,F,F,603.0,0.0079,F,F,623.0,0.0445,F,F,354.0,0.20084,False,
jak_paralogue,jak,11,,E,,0.92728,0.03987,64.301,9.999000099990002e-05,0.00017,True,0.7131,0.6441,2,JAK1:E/JAK2:E/TYK2:H,0.0044,845.0,0.94863,,,,,,,,,False,,,,,,,,,0.0291,E,E,603.0,0.0079,E,E,623.0,0.0445,H,H,354.0,0.20084,True,
jak_paralogue,jak,12,,E,,0.92546,0.05981,74.967,9.999000099990002e-05,0.00017,True,0.7144,0.614,2,JAK1:K/JAK2:E/TYK2:K,0.0044,846.0,0.94675,,,,,,,,,False,,,,,,,,,0.0291,K,K,603.0,0.0079,E,E,623.0,0.0445,K,K,354.0,0.20084,True,
jak_paralogue,jak,13,,R,,0.01146,0.02078,-1.121,0.879012098790121,0.88456,False,0.8188,0.8027,1,JAK1:R/JAK2:R/TYK2:R,0.0044,847.0,0.00572,,,,,,,,,False,,,,,,,,,0.0291,R,R,603.0,0.0079,R,R,623.0,0.0445,R,R,354.0,0.20084,False,
jak_paralogue,jak,14,,H,,1.18797,0.0284,113.231,9.999000099990002e-05,0.00017,True,0.8171,0.7989,3,JAK1:F/JAK2:H/TYK2:Y,0.0044,848.0,1.21702,,,,,,,,,False,,,,,,,,,0.0291,F,F,603.0,0.0079,H,H,623.0,0.0445,Y,Y,354.0,0.20084,True,
jak_paralogue,jak,15,,L,JH1,0.02346,0.03101,-0.875,0.8027197280271973,0.8155,False,0.7333,0.7157,1,JAK1:L/JAK2:L/TYK2:L,0.0038,849.0,0.01754,,,,,,,,,False,,,,,,,,,0.02,L,L,604.0,0.0079,L,L,623.0,0.0445,L,L,354.0,0.20084,False,
jak_paralogue,jak,16,,K,JH1,0.34298,0.04557,34.47,9.999000099990002e-05,0.00017,True,0.707,0.6465,1,JAK1:K/JAK2:K/TYK2:K,0.0025,850.0,0.34074,,,,,,,,,False,,,,,,,,,0.0131,K,K,605.0,0.0079,K,K,623.0,0.0,K,K,355.0,0.20084,True,
jak_paralogue,jak,17,,F,JH1,1.13085,0.05614,93.396,9.999000099990002e-05,0.00017,True,0.7173,0.6145,3,JAK1:R/JAK2:F/TYK2:K,0.0025,851.0,1.13372,,,,,,,,,False,,,,,,,,,0.0131,R,R,605.0,0.0079,F,F,623.0,0.0,K,K,355.0,0.20084,True,
jak_paralogue,jak,18,,L,JH1,0.75737,0.05236,71.001,9.999000099990002e-05,0.00017,True,0.6613,0.6348,2,JAK1:I/JAK2:L/TYK2:I,0.0038,852.0,0.7542,,,,,,,,,False,,,,,,,,,0.0349,I,I,603.0,0.0079,L,L,623.0,0.0,I,I,355.0,0.20084,True,
jak_paralogue,jak,19,,Q,JH1,0.74252,0.05805,46.505,9.999000099990002e-05,0.00017,True,0.722,0.7079,2,JAK1:R/JAK2:Q/TYK2:R,0.0031,853.0,0.7414,,,,,,,,,False,,,,,,,,,0.0236,R,R,604.0,0.0079,Q,Q,623.0,0.0,R,R,355.0,0.20084,True,
jak_paralogue,jak,20,,Q,JH1,0.92799,0.08036,49.194,9.999000099990002e-05,0.00017,True,0.6345,0.5401,2,JAK1:D/JAK2:Q/TYK2:D,0.0031,854.0,0.92869,,,,,,,,,False,,,,,,,,,0.0236,D,D,604.0,0.0079,Q,Q,623.0,0.0,D,D,355.0,0.20084,True,
jak_paralogue,jak,21,,L,JH1,0.04282,0.03324,1.111,0.1375862413758624,0.18212,False,0.7244,0.7124,1,JAK1:L/JAK2:L/TYK2:L,0.0025,855.0,0.03279,,,,,,,,,False,,,,,,,,,0.0236,L,L,604.0,0.0015,L,L,624.0,0.0,L,L,355.0,0.20084,False,
jak_paralogue,jak,22,,G,JH1,0.02213,0.01218,2.275,0.021997800219978,0.03423,True,0.7946,0.7695,1,JAK1:G/JAK2:G/TYK2:G,0.0025,856.0,0.01193,,,,,,,,,False,,,,,,,,,0.0236,G,G,604.0,0.0015,G,G,624.0,0.0,G,G,355.0,0.20084,False,
jak_paralogue,jak,23,,K,JH1,0.80534,0.06593,63.71,9.999000099990002e-05,0.00017,True,0.7353,0.7071,2,JAK1:E/JAK2:K/TYK2:E,0.0025,857.0,0.80132,,,,,,,,,False,,,,,,,,,0.0236,E,E,604.0,0.0015,K,K,624.0,0.0,E,E,355.0,0.20084,True,
jak_paralogue,jak,24,,,,0.0239,0.02636,-0.42,0.4962503749625037,0.53122,False,0.0126,0.0,2,JAK1:A/JAK2:A/TYK2:R,0.9994,,,,,,,,,,,True,,,,,,,,,1.0,A,-,0.0,1.0,A,-,0.0,0.9555,R,R,1.0,0.20084,False,
jak_paralogue,jak,25,,,,0.0239,0.02636,-0.42,0.4962503749625037,0.53122,False,0.0121,0.0,2,JAK1:A/JAK2:A/TYK2:V,0.9994,,,,,,,,,,,True,,,,,,,,,1.0,A,-,0.0,1.0,A,-,0.0,0.9555,V,V,1.0,0.20084,False,
jak_paralogue,jak,26,,,,0.0239,0.02636,-0.42,0.4962503749625037,0.53122,False,0.0124,0.0,2,JAK1:A/JAK2:A/TYK2:K,0.9994,,,,,,,,,,,True,,,,,,,,,1.0,A,-,0.0,1.0,A,-,0.0,0.9555,K,K,1.0,0.20084,False,
jak_paralogue,jak,27,,,,0.0239,0.02636,-0.42,0.4962503749625037,0.53122,False,0.0125,0.0,2,JAK1:A/JAK2:A/TYK2:T,0.9994,,,,,,,,,,,True,,,,,,,,,1.0,A,-,0.0,1.0,A,-,0.0,0.9555,T,T,1.0,0.20084,False,
jak_paralogue,jak,28,,G,JH1,0.01351,0.01207,0.617,0.2610738926107389,0.30845,False,0.8035,0.7809,1,JAK1:G/JAK2:G/TYK2:G,0.0019,858.0,0.00887,,,,,,,,,False,,,,,,,,,0.0119,G,G,605.0,0.0,G,G,625.0,0.0008,G,G,354.0,0.20084,False,
jak_paralogue,jak,29,,N,JH1,0.74863,0.05231,89.423,9.999000099990002e-05,0.00017,True,0.8363,0.7899,2,JAK1:H/JAK2:N/TYK2:H,0.0013,859.0,0.74715,,,,,,,,,False,,,,,,,,,0.0113,H,H,606.0,0.0,N,N,625.0,0.0008,H,H,354.0,0.20084,True,
jak_paralogue,jak,30,,F,JH1,0.04086,0.0353,0.759,0.2323767623237676,0.27868,False,0.8451,0.8224,1,JAK1:F/JAK2:F/TYK2:F,0.0019,860.0,0.02834,,,,,,,,,False,,,,,,,,,0.0279,F,F,605.0,0.0,F,F,625.0,0.0008,F,F,354.0,0.20084,False,
jak_paralogue,jak,31,,G,JH1,0.03647,0.03326,0.449,0.2916708329167083,0.33957,False,0.7929,0.771,1,JAK1:G/JAK2:G/TYK2:G,0.0019,861.0,0.02391,,,,,,,,,False,,,,,,,,,0.0279,G,G,605.0,0.0,G,G,625.0,0.0008,G,G,354.0,0.20084,False,
jak_paralogue,jak,32,,S,JH1,0.87637,0.05441,56.303,9.999000099990002e-05,0.00017,True,0.7311,0.6875,2,JAK1:K/JAK2:S/TYK2:K,0.0019,862.0,0.87144,,,,,,,,,False,,,,,,,,,0.0279,K,K,605.0,0.0,S,S,625.0,0.0008,K,K,354.0,0.20084,True,
jak_paralogue,jak,33,,V,JH1,0.03647,0.03326,0.449,0.2916708329167083,0.33957,False,0.795,0.7684,1,JAK1:V/JAK2:V/TYK2:V,0.0019,863.0,0.02391,,,,,,,,,False,,,,,,,,,0.0279,V,V,605.0,0.0,V,V,625.0,0.0008,V,V,354.0,0.20084,False,
jak_paralogue,jak,34,,E,JH1,0.97043,0.0647,56.87,9.999000099990002e-05,0.00017,True,0.7042,0.5146,2,JAK1:E/JAK2:E/TYK2:S,0.0019,864.0,0.96636,,,,,,,,,False,,,,,,,,,0.0279,E,E,605.0,0.0,E,E,625.0,0.0008,S,S,354.0,0.20084,True,
jak_paralogue,jak,35,,M,JH1,0.68648,0.01247,107.819,9.999000099990002e-05,0.00017,True,0.7587,0.7428,2,JAK1:L/JAK2:M/TYK2:L,0.0019,865.0,0.67983,,,,,,,,,False,,,,,,,,,0.0279,L,L,605.0,0.0,M,M,625.0,0.0008,L,L,354.0,0.20084,True,
jak_paralogue,jak,36,,C,JH1,0.77647,0.03535,83.08,9.999000099990002e-05,0.00017,True,0.8872,0.8132,2,JAK1:C/JAK2:C/TYK2:Y,0.0019,866.0,0.77064,,,,,,,,,False,,,,,,,,,0.0279,C,C,605.0,0.0,C,C,625.0,0.0008,Y,Y,354.0,0.20084,True,
jak_paralogue,jak,37,,R,JH1,0.79959,0.04185,68.621,9.999000099990002e-05,0.00017,True,0.6929,0.5634,2,JAK1:R/JAK2:R/TYK2:C,0.0019,867.0,0.79397,,,,,,,,,False,,,,,,,,,0.0279,R,R,605.0,0.0,R,R,625.0,0.0008,C,C,354.0,0.20084,True,
jak_paralogue,jak,38,,Y,JH1,0.03899,0.03605,0.408,0.3013698630136986,0.34959,False,0.8715,0.8412,1,JAK1:Y/JAK2:Y/TYK2:Y,0.0019,868.0,0.02645,,,,,,,,,False,,,,,,,,,0.0279,Y,Y,605.0,0.0,Y,Y,625.0,0.0008,Y,Y,354.0,0.20084,False,
jak_paralogue,jak,39,,D,JH1,0.04744,0.04537,0.277,0.3472652734726527,0.39563,False,0.8095,0.7564,1,JAK1:D/JAK2:D/TYK2:D,0.0019,869.0,0.03498,,,,,,,,,False,,,,,,,,,0.0279,D,D,605.0,0.0,D,D,625.0,0.0008,D,D,354.0,0.20084,False,
jak_paralogue,jak,40,,P,JH1,0.07341,0.06552,0.942,0.1812818718128187,0.23413,False,0.7994,0.7721,1,JAK1:P/JAK2:P/TYK2:P,0.0025,870.0,0.06091,,,,,,,,,False,,,,,,,,,0.0285,P,P,604.0,0.0,P,P,625.0,0.0008,P,P,354.0,0.20084,False,
jak_paralogue,jak,41,,L,JH1,1.53635,0.05569,110.942,9.999000099990002e-05,0.00017,True,0.6128,0.481,3,JAK1:E/JAK2:L/TYK2:T,0.0019,871.0,1.53743,,,,,,,,,False,,,,,,,,,0.0279,E,E,605.0,0.0,L,L,625.0,0.0008,T,T,354.0,0.20084,True,
jak_paralogue,jak,42,,Q,JH1,1.3501,0.02422,163.053,9.999000099990002e-05,0.00017,True,0.764,0.7378,3,JAK1:G/JAK2:Q/TYK2:N,0.0019,872.0,1.34948,,,,,,,,,False,,,,,,,,,0.0279,G,G,605.0,0.0,Q,Q,625.0,0.0008,N,N,354.0,0.20084,True,
jak_paralogue,jak,43,,D,JH1,0.04402,0.03354,1.447,0.1024897510248975,0.14277,False,0.8249,0.8024,1,JAK1:D/JAK2:D/TYK2:D,0.0019,873.0,0.03152,,,,,,,,,False,,,,,,,,,0.0279,D,D,605.0,0.0,D,D,625.0,0.0008,D,D,354.0,0.20084,False,
jak_paralogue,jak,44,,N,JH1,1.05172,0.03128,90.318,9.999000099990002e-05,0.00017,True,0.6822,0.5869,2,JAK1:N/JAK2:N/TYK2:G,0.0019,874.0,1.04839,,,,,,,,,False,,,,,,,,,0.0279,N,N,605.0,0.0,N,N,625.0,0.0008,G,G,354.0,0.20084,True,
jak_paralogue,jak,45,,T,JH1,0.05784,0.0409,2.003,0.0375962403759624,0.05552,False,0.7879,0.7594,1,JAK1:T/JAK2:T/TYK2:T,0.0019,875.0,0.04547,,,,,,,,,False,,,,,,,,,0.0279,T,T,605.0,0.0,T,T,625.0,0.0008,T,T,354.0,0.20084,False,
jak_paralogue,jak,46,,G,JH1,0.01773,0.01254,1.19,0.1253874612538746,0.17021,False,0.8003,0.7924,1,JAK1:G/JAK2:G/TYK2:G,0.0019,876.0,0.005,,,,,,,,,False,,,,,,,,,0.0279,G,G,605.0,0.0,G,G,625.0,0.0008,G,G,354.0,0.20084,False,
jak_paralogue,jak,47,,E,JH1,0.07344,0.04565,3.561,0.0013998600139986,0.00234,True,0.7544,0.74,1,JAK1:E/JAK2:E/TYK2:E,0.0013,877.0,0.06936,,,,,,,,,False,,,,,,,,,0.0113,E,E,606.0,0.0,E,E,625.0,0.0008,E,E,354.0,0.20084,False,
jak_paralogue,jak,48,,V,JH1,1.16265,0.06955,86.586,9.999000099990002e-05,0.00017,True,0.6068,0.5066,3,JAK1:Q/JAK2:V/TYK2:M,0.0013,878.0,1.16275,,,,,,,,,False,,,,,,,,,0.0113,Q,Q,606.0,0.0,V,V,625.0,0.0008,M,M,354.0,0.20084,True,
jak_paralogue,jak,49,,V,JH1,0.0427,0.04463,-0.295,0.484951504849515,0.52619,False,0.7874,0.7648,1,JAK1:V/JAK2:V/TYK2:V,0.0013,879.0,0.03851,,,,,,,,,False,,,,,,,,,0.0113,V,V,606.0,0.0,V,V,625.0,0.0008,V,V,354.0,0.20084,False,
jak_paralogue,jak,50,,A,JH1,0.03935,0.04091,-0.24,0.4506549345065493,0.49233,False,0.7614,0.7348,1,JAK1:A/JAK2:A/TYK2:A,0.0013,880.0,0.03515,,,,,,,,,False,,,,,,,,,0.0113,A,A,606.0,0.0,A,A,625.0,0.0008,A,A,354.0,0.20084,False,
jak_paralogue,jak,51,,V,JH1,0.04165,0.03255,0.949,0.1585841415858414,0.20733,False,0.7734,0.7158,1,JAK1:V/JAK2:V/TYK2:V,0.0006,881.0,0.04124,,,,,,,,,False,,,,,,,,,0.0,V,V,607.0,0.0,V,V,625.0,0.0008,V,V,354.0,0.20084,False,
jak_paralogue,jak,52,,K,JH1,0.04136,0.04223,-0.135,0.4107589241075892,0.45656,False,0.8015,0.7902,1,JAK1:K/JAK2:K/TYK2:K,0.0006,882.0,0.04095,,,,,,,,,False,,,,,,,,,0.0,K,K,607.0,0.0,K,K,625.0,0.0008,K,K,354.0,0.20084,False,
jak_paralogue,jak,53,,K,JH1,1.13316,0.04613,118.31,9.999000099990002e-05,0.00017,True,0.7202,0.5519,3,JAK1:S/JAK2:K/TYK2:A,0.0006,883.0,1.13309,,,,,,,,,False,,,,,,,,,0.0,S,S,607.0,0.0,K,K,625.0,0.0008,A,A,354.0,0.20084,True,
jak_paralogue,jak,54,,L,JH1,0.01001,0.00607,1.226,0.1261873812618738,0.17057,False,0.7453,0.7228,1,JAK1:L/JAK2:L/TYK2:L,0.0006,884.0,0.00959,,,,,,,,,False,,,,,,,,,0.0,L,L,607.0,0.0,L,L,625.0,0.0008,L,L,354.0,0.20084,False,
jak_paralogue,jak,55,,Q,JH1,0.8655,0.02555,71.944,9.999000099990002e-05,0.00017,True,0.8081,0.7692,2,JAK1:K/JAK2:Q/TYK2:K,0.0006,885.0,0.86535,,,,,,,,,False,,,,,,,,,0.0,K,K,607.0,0.0,Q,Q,625.0,0.0008,K,K,354.0,0.20084,True,
jak_paralogue,jak,56,,H,JH1,1.37627,0.05968,100.302,9.999000099990002e-05,0.00017,True,0.693,0.5112,3,JAK1:P/JAK2:H/TYK2:Q,0.0013,886.0,1.37611,,,,,,,,,False,,,,,,,,,0.0,P,P,607.0,0.0217,H,H,624.0,0.0008,Q,A,354.0,0.20084,True,
jak_paralogue,jak,57,,S,JH1,0.92118,0.04836,84.652,9.999000099990002e-05,0.00017,True,0.6501,0.552,3,JAK1:E/JAK2:S/TYK2:G,0.0013,887.0,0.9179,,,,,,,,,False,,,,,,,,,0.0,E,E,607.0,0.0217,S,S,624.0,0.0008,G,G,354.0,0.20084,True,
jak_paralogue,jak,58,,T,JH1,1.14617,0.06809,67.829,9.999000099990002e-05,0.00017,True,0.583,0.4778,3,JAK1:G/JAK2:T/TYK2:C,0.005,888.0,1.18526,,,,,,,,,False,,,,,,,,,0.0318,G,G,602.0,0.0217,T,T,624.0,0.0453,C,C,353.0,0.20084,True,
jak_paralogue,jak,59,,E,JH1,0.77373,0.03745,56.383,9.999000099990002e-05,0.00017,True,0.5907,0.5692,2,JAK1:G/JAK2:E/TYK2:G,0.0057,889.0,0.80042,,,,,,,,,False,,,,,,,,,0.0318,G,G,602.0,0.0217,E,E,624.0,0.0506,G,G,352.0,0.20084,True,
jak_paralogue,jak,60,,E,JH1,0.83085,0.03825,60.997,9.999000099990002e-05,0.00017,True,0.5477,0.3417,3,JAK1:N/JAK2:E/TYK2:P,0.0453,890.0,0.8275,,,,,,,,,False,,,,,,,,,0.0318,N,N,602.0,0.0217,E,E,624.0,0.2998,P,P,289.0,0.20084,True,
jak_paralogue,jak,61,,H,JH1,0.45361,0.06758,23.243,9.999000099990002e-05,0.00017,True,0.6624,0.4881,2,JAK1:H/JAK2:H/TYK2:Q,0.0057,891.0,0.47117,,,,,,,,,False,,,,,,,,,0.0212,H,H,604.0,0.0566,H,H,623.0,0.0673,Q,Q,351.0,0.20084,True,
jak_paralogue,jak,62,,L,JH1,0.75668,0.05299,42.66,9.999000099990002e-05,0.00017,True,0.4877,0.3955,2,JAK1:I/JAK2:L/TYK2:L,0.0044,892.0,0.78588,,,,,,,,,False,,,,,,,,,0.0212,I,I,604.0,0.0566,L,L,623.0,0.0453,L,L,353.0,0.20084,True,
jak_paralogue,jak,63,,R,JH1,1.03838,0.05467,62.778,9.999000099990002e-05,0.00017,True,0.5369,0.3493,3,JAK1:A/JAK2:R/TYK2:L,0.0069,893.0,1.07095,,,,,,,,,False,,,,,,,,,0.0212,A,A,604.0,0.0217,R,R,624.0,0.0574,L,R,348.0,0.20084,True,
jak_paralogue,jak,64,,D,JH1,0.73941,0.06397,42.257,9.999000099990002e-05,0.00017,True,0.5965,0.3341,2,JAK1:D/JAK2:D/TYK2:T,0.005,894.0,0.76204,,,,,,,,,False,,,,,,,,,0.0251,D,D,602.0,0.0217,D,D,624.0,0.0453,T,T,353.0,0.20084,True,
jak_paralogue,jak,65,,F,JH1,1.53687,0.02875,127.287,9.999000099990002e-05,0.00017,True,0.8399,0.7641,3,JAK1:L/JAK2:F/TYK2:W,0.0019,895.0,1.55965,,,,,,,,,False,,,,,,,,,0.0,L,L,607.0,0.0217,F,F,624.0,0.0453,W,W,353.0,0.20084,True,
jak_paralogue,jak,66,,E,JH1,1.09265,0.04904,71.935,9.999000099990002e-05,0.00017,True,0.5986,0.4667,2,JAK1:K/JAK2:E/TYK2:K,0.0019,896.0,1.10445,,,,,,,,,False,,,,,,,,,0.0,K,K,607.0,0.0217,E,E,624.0,0.0453,K,R,353.0,0.20084,True,
jak_paralogue,jak,67,,R,JH1,0.34164,0.04074,24.625,9.999000099990002e-05,0.00017,True,0.6472,0.5737,2,JAK1:K/JAK2:R/TYK2:K,0.0019,897.0,0.33489,,,,,,,,,False,,,,,,,,,0.0,K,K,607.0,0.0217,R,R,624.0,0.0453,K,R,353.0,0.20084,True,
jak_paralogue,jak,68,,E,JH1,0.03917,0.03908,0.015,0.3634636536346365,0.41115,False,0.796,0.7729,1,JAK1:E/JAK2:E/TYK2:E,0.0013,898.0,0.0151,,,,,,,,,False,,,,,,,,,0.0,E,E,607.0,0.0,E,E,625.0,0.0453,E,E,353.0,0.20084,False,
jak_paralogue,jak,69,,I,JH1,0.05151,0.04351,1.195,0.1561843815618438,0.20503,False,0.7947,0.7801,1,JAK1:I/JAK2:I/TYK2:I,0.0013,899.0,0.02766,,,,,,,,,False,,,,,,,,,0.0,I,I,607.0,0.0,I,I,625.0,0.0453,I,I,353.0,0.20084,False,
jak_paralogue,jak,70,,E,JH1,0.27574,0.06614,13.391,9.999000099990002e-05,0.00017,True,0.566,0.4361,1,JAK1:E/JAK2:E/TYK2:E,0.0019,900.0,0.25287,,,,,,,,,False,,,,,,,,,0.0,E,E,607.0,0.0,E,E,625.0,0.0519,E,E,352.0,0.20084,True,
jak_paralogue,jak,71,,I,JH1,0.07261,0.04406,2.934,0.0065993400659934,0.0108,True,0.7604,0.7222,1,JAK1:I/JAK2:I/TYK2:I,0.0019,901.0,0.04555,,,,,,,,,False,,,,,,,,,0.0,I,I,607.0,0.0,I,I,625.0,0.0519,I,I,352.0,0.20084,False,
jak_paralogue,jak,72,,L,JH1,0.0751,0.02781,5.35,9.999000099990002e-05,0.00017,True,0.727,0.6924,1,JAK1:L/JAK2:L/TYK2:L,0.0019,902.0,0.04809,,,,,,,,,False,,,,,,,,,0.0,L,L,607.0,0.0,L,L,625.0,0.0519,L,L,352.0,0.20084,False,
jak_paralogue,jak,73,,K,JH1,0.23998,0.0287,25.855,9.999000099990002e-05,0.00017,True,0.738,0.6951,2,JAK1:R/JAK2:K/TYK2:K,0.0019,903.0,0.21638,,,,,,,,,False,,,,,,,,,0.0,R,R,607.0,0.0,K,K,625.0,0.0519,K,K,352.0,0.20084,True,
jak_paralogue,jak,74,,S,JH1,1.00411,0.05473,67.925,9.999000099990002e-05,0.00017,True,0.6261,0.5213,3,JAK1:N/JAK2:S/TYK2:T,0.0025,904.0,1.01385,,,,,,,,,False,,,,,,,,,0.0,N,N,607.0,0.0217,S,S,624.0,0.0519,T,T,352.0,0.20084,True,
jak_paralogue,jak,75,,L,JH1,0.03294,0.0359,-0.279,0.5647435256474352,0.58874,False,0.7288,0.6993,1,JAK1:L/JAK2:L/TYK2:L,0.0025,905.0,0.01603,,,,,,,,,False,,,,,,,,,0.0,L,L,607.0,0.0217,L,L,624.0,0.0519,L,L,352.0,0.20084,False,
jak_paralogue,jak,76,,Q,JH1,0.92219,0.07059,62.336,9.999000099990002e-05,0.00017,True,0.7753,0.7044,2,JAK1:Y/JAK2:Q/TYK2:Y,0.0025,906.0,0.92968,,,,,,,,,False,,,,,,,,,0.0,Y,Y,607.0,0.0217,Q,Q,624.0,0.0519,Y,Y,352.0,0.20084,True,
jak_paralogue,jak,77,,H,JH1,0.01937,0.02342,-0.388,0.6031396860313969,0.62468,False,0.8909,0.859,1,JAK1:H/JAK2:H/TYK2:H,0.0025,907.0,0.00209,,,,,,,,,False,,,,,,,,,0.0,H,H,607.0,0.0217,H,H,624.0,0.0519,H,H,352.0,0.20084,False,
jak_paralogue,jak,78,,D,JH1,0.42283,0.06546,23.322,9.999000099990002e-05,0.00017,True,0.5365,0.2856,2,JAK1:E/JAK2:D/TYK2:E,0.0025,908.0,0.41662,,,,,,,,,False,,,,,,,,,0.0,E,E,607.0,0.0217,D,D,624.0,0.0519,E,E,352.0,0.20084,True,
jak_paralogue,jak,79,,N,JH1,0.13861,0.02171,11.082,9.999000099990002e-05,0.00017,True,0.835,0.7815,1,JAK1:N/JAK2:N/TYK2:N,0.0025,909.0,0.1246,,,,,,,,,False,,,,,,,,,0.0,N,N,607.0,0.0217,N,N,624.0,0.0519,N,N,352.0,0.20084,False,
jak_paralogue,jak,80,,I,JH1,0.0218,0.02477,-0.288,0.5587441255874412,0.58439,False,0.8088,0.7739,1,JAK1:I/JAK2:I/TYK2:I,0.0025,910.0,0.00459,,,,,,,,,False,,,,,,,,,0.0,I,I,607.0,0.0217,I,I,624.0,0.0519,I,I,352.0,0.20084,False,
jak_paralogue,jak,81,,V,JH1,0.03103,0.02741,0.348,0.3235676432356764,0.37263,False,0.7843,0.7575,1,JAK1:V/JAK2:V/TYK2:V,0.0025,911.0,0.01407,,,,,,,,,False,,,,,,,,,0.0,V,V,607.0,0.0217,V,V,624.0,0.0519,V,V,352.0,0.20084,False,
jak_paralogue,jak,82,,K,JH1,0.04033,0.0415,-0.094,0.5023497650234976,0.53595,False,0.75,0.7033,1,JAK1:K/JAK2:K/TYK2:K,0.0031,912.0,0.02637,,,,,,,,,False,,,,,,,,,0.0012,K,K,606.0,0.0217,K,K,624.0,0.0519,K,K,352.0,0.20084,False,
jak_paralogue,jak,83,,Y,JH1,0.02836,0.03258,-0.415,0.6144385561443856,0.63432,False,0.8672,0.8422,1,JAK1:Y/JAK2:Y/TYK2:Y,0.0031,913.0,0.01407,,,,,,,,,False,,,,,,,,,0.0012,Y,Y,606.0,0.0217,Y,Y,624.0,0.0519,Y,Y,352.0,0.20084,False,
jak_paralogue,jak,84,,K,JH1,0.06461,0.05399,1.162,0.1223877612238776,0.16684,False,0.7638,0.7408,1,JAK1:K/JAK2:K/TYK2:K,0.0025,914.0,0.03997,,,,,,,,,False,,,,,,,,,0.0012,K,K,606.0,0.0,K,K,625.0,0.0519,K,K,352.0,0.20084,False,
jak_paralogue,jak,85,,G,JH1,0.02914,0.02707,0.29,0.3714628537146285,0.41872,False,0.7918,0.7728,1,JAK1:G/JAK2:G/TYK2:G,0.0031,915.0,0.00839,,,,,,,,,False,,,,,,,,,0.0012,G,G,606.0,0.0033,G,G,624.0,0.0519,G,G,352.0,0.20084,False,
jak_paralogue,jak,86,,V,JH1,1.42016,0.04526,135.208,9.999000099990002e-05,0.00017,True,0.7794,0.7344,3,JAK1:I/JAK2:V/TYK2:C,0.0031,916.0,1.43005,,,,,,,,,False,,,,,,,,,0.0012,I,I,606.0,0.0033,V,V,624.0,0.0519,C,C,352.0,0.20084,True,
jak_paralogue,jak,87,,C,JH1,0.03906,0.0246,1.933,0.0433956604339566,0.06292,False,0.8849,0.8487,1,JAK1:C/JAK2:C/TYK2:C,0.0031,917.0,0.01853,,,,,,,,,False,,,,,,,,,0.0012,C,C,606.0,0.0033,C,C,624.0,0.0519,C,C,352.0,0.20084,False,
jak_paralogue,jak,88,,Y,JH1,1.11165,0.05682,66.987,9.999000099990002e-05,0.00017,True,0.595,0.4606,3,JAK1:T/JAK2:Y/TYK2:S,0.0069,918.0,1.14107,,,,,,,,,False,,,,,,,,,0.0118,T,T,601.0,0.025,Y,Y,623.0,0.0519,S,E,352.0,0.20084,True,
jak_paralogue,jak,89,,S,JH1,0.90249,0.0462,74.554,9.999000099990002e-05,0.00017,True,0.7028,0.6571,2,JAK1:E/JAK2:S/TYK2:E,0.0038,919.0,0.91369,,,,,,,,,False,,,,,,,,,0.0012,E,E,606.0,0.025,S,S,623.0,0.0519,E,E,352.0,0.20084,True,
jak_paralogue,jak,90,,A,JH1,1.46884,0.0802,75.962,9.999000099990002e-05,0.00017,True,0.6336,0.5177,3,JAK1:D/JAK2:A/TYK2:Q,0.0038,920.0,1.49997,,,,,,,,,False,,,,,,,,,0.0012,D,D,606.0,0.038,A,A,622.0,0.0453,Q,Q,353.0,0.20084,True,
jak_paralogue,jak,91,,G,JH1,0.0358,0.01972,2.45,0.0172982701729827,0.02759,True,0.7627,0.7543,1,JAK1:G/JAK2:G/TYK2:G,0.0038,921.0,0.01501,,,,,,,,,False,,,,,,,,,0.0012,G,G,606.0,0.0441,G,G,620.0,0.0,G,G,355.0,0.20084,False,
jak_paralogue,jak,92,,R,JH1,0.94728,0.07834,59.779,9.999000099990002e-05,0.00017,True,0.6476,0.5601,3,JAK1:G/JAK2:R/TYK2:E,0.0069,922.0,0.97271,,,,,,,,,False,,,,,,,,,0.0293,G,G,602.0,0.0105,R,R,622.0,0.0554,E,E,352.0,0.20084,True,
jak_paralogue,jak,93,,R,JH1,0.89234,0.08177,50.257,9.999000099990002e-05,0.00017,True,0.5699,0.4383,3,JAK1:S/JAK2:R/TYK2:K,0.0063,923.0,0.93034,,,,,,,,,False,,,,,,,,,0.0308,S,S,603.0,0.0454,R,R,621.0,0.0452,K,K,353.0,0.20084,True,
jak_paralogue,jak,94,,N,JH1,1.17665,0.08379,69.496,9.999000099990002e-05,0.00017,True,0.5401,0.4238,3,JAK1:G/JAK2:N/TYK2:V,0.0057,924.0,1.20857,,,,,,,,,False,,,,,,,,,0.0308,G,G,603.0,0.0105,N,N,622.0,0.0452,V,S,353.0,0.20084,True,
jak_paralogue,jak,95,,L,JH1,1.16637,0.05391,89.504,9.999000099990002e-05,0.00017,True,0.6409,0.638,3,JAK1:I/JAK2:L/TYK2:V,0.0057,925.0,1.19797,,,,,,,,,False,,,,,,,,,0.0308,I,I,603.0,0.0105,L,L,622.0,0.0452,V,V,353.0,0.20084,True,
jak_paralogue,jak,96,,K,JH1,1.31977,0.07121,94.082,9.999000099990002e-05,0.00017,True,0.7378,0.6666,3,JAK1:K/JAK2:R/TYK2:Q,0.0063,926.0,1.36117,,,,,,,,,False,,,,,,,,,0.0308,K,K,603.0,0.0105,R,R,622.0,0.0644,Q,Q,352.0,0.20084,True,
jak_paralogue,jak,97,,L,JH1,0.05225,0.05731,-0.486,0.6537346265373463,0.67271,False,0.7092,0.6758,1,JAK1:L/JAK2:L/TYK2:L,0.0057,927.0,0.04897,,,,,,,,,False,,,,,,,,,0.0308,L,L,603.0,0.0105,L,L,622.0,0.0452,L,L,353.0,0.20084,False,
jak_paralogue,jak,98,,I,JH1,0.12124,0.03734,7.764,9.999000099990002e-05,0.00017,True,0.7228,0.6878,1,JAK1:I/JAK2:I/TYK2:I,0.0063,928.0,0.12002,,,,,,,,,False,,,,,,,,,0.0397,I,I,602.0,0.0105,I,I,622.0,0.0452,I,I,353.0,0.20084,False,
jak_paralogue,jak,99,,M,JH1,0.05596,0.04186,1.96,0.0381961803819618,0.05589,False,0.8831,0.8499,1,JAK1:M/JAK2:M/TYK2:M,0.0057,929.0,0.04413,,,,,,,,,False,,,,,,,,,0.0397,M,M,602.0,0.0105,M,M,622.0,0.0008,M,M,354.0,0.20084,False,
jak_paralogue,jak,100,,E,JH1,0.08114,0.07027,1.173,0.127987201279872,0.17155,False,0.7624,0.7307,1,JAK1:E/JAK2:E/TYK2:E,0.0057,930.0,0.06972,,,,,,,,,False,,,,,,,,,0.0397,E,E,602.0,0.0105,E,E,622.0,0.0008,E,E,354.0,0.20084,False,
jak_paralogue,jak,101,,Y,JH1,0.23524,0.07112,16.374,9.999000099990002e-05,0.00017,True,0.7713,0.7466,2,JAK1:F/JAK2:Y/TYK2:Y,0.0057,931.0,0.2263,,,,,,,,,False,,,,,,,,,0.0397,F,F,602.0,0.0105,Y,Y,622.0,0.0008,Y,Y,354.0,0.20084,True,
jak_paralogue,jak,102,,L,JH1,0.37129,0.03789,33.897,9.999000099990002e-05,0.00017,True,0.6774,0.5949,2,JAK1:L/JAK2:L/TYK2:V,0.0057,932.0,0.36453,,,,,,,,,False,,,,,,,,,0.0397,L,L,602.0,0.0105,L,L,622.0,0.0008,V,V,354.0,0.20084,True,
jak_paralogue,jak,103,,P,JH1,0.03974,0.02512,2.369,0.0193980601939806,0.03048,True,0.8222,0.7978,1,JAK1:P/JAK2:P/TYK2:P,0.0057,933.0,0.02765,,,,,,,,,False,,,,,,,,,0.0397,P,P,602.0,0.0105,P,P,622.0,0.0008,P,P,354.0,0.20084,False,
jak_paralogue,jak,104,,Y,JH1,1.14537,0.05616,95.848,9.999000099990002e-05,0.00017,True,0.6174,0.4788,3,JAK1:S/JAK2:Y/TYK2:L,0.0057,934.0,1.15108,,,,,,,,,False,,,,,,,,,0.0397,S,S,602.0,0.0105,Y,Y,622.0,0.0008,L,L,354.0,0.20084,True,
jak_paralogue,jak,105,,G,JH1,0.05596,0.04186,1.96,0.0381961803819618,0.05589,False,0.769,0.7099,1,JAK1:G/JAK2:G/TYK2:G,0.0057,935.0,0.04413,,,,,,,,,False,,,,,,,,,0.0397,G,G,602.0,0.0105,G,G,622.0,0.0008,G,G,354.0,0.20084,False,
jak_paralogue,jak,106,,S,JH1,0.05744,0.04736,0.668,0.243975602439756,0.29149,False,0.76,0.7196,1,JAK1:S/JAK2:S/TYK2:S,0.0057,936.0,0.05429,,,,,,,,,False,,,,,,,,,0.0292,S,S,603.0,0.0105,S,S,622.0,0.0452,S,S,353.0,0.20084,False,
jak_paralogue,jak,107,,L,JH1,0.04839,0.05446,-0.599,0.716028397160284,0.73209,False,0.7233,0.6916,1,JAK1:L/JAK2:L/TYK2:L,0.005,937.0,0.04422,,,,,,,,,False,,,,,,,,,0.0203,L,L,604.0,0.0105,L,L,622.0,0.0452,L,L,353.0,0.20084,False,
jak_paralogue,jak,108,,R,JH1,0.70168,0.07685,61.219,9.999000099990002e-05,0.00017,True,0.716,0.6383,2,JAK1:K/JAK2:R/TYK2:R,0.0044,938.0,0.70557,,,,,,,,,False,,,,,,,,,0.0036,K,K,605.0,0.0105,R,R,622.0,0.0452,R,R,353.0,0.20084,True,
jak_paralogue,jak,109,,D,JH1,0.41011,0.07243,28.541,9.999000099990002e-05,0.00017,True,0.6814,0.65,2,JAK1:E/JAK2:D/TYK2:D,0.0038,939.0,0.40411,,,,,,,,,False,,,,,,,,,0.0036,E,E,605.0,0.0048,D,D,623.0,0.0452,D,D,353.0,0.20084,True,
jak_paralogue,jak,110,,Y,JH1,0.08036,0.05888,1.828,0.0467953204679532,0.06755,False,0.8076,0.7838,1,JAK1:Y/JAK2:Y/TYK2:Y,0.0038,940.0,0.06757,,,,,,,,,False,,,,,,,,,0.0036,Y,Y,605.0,0.0048,Y,Y,623.0,0.0452,Y,Y,353.0,0.20084,False,
jak_paralogue,jak,111,,L,JH1,0.05343,0.04653,0.884,0.1886811318868113,0.24172,False,0.6905,0.6607,1,JAK1:L/JAK2:L/TYK2:L,0.0038,941.0,0.04009,,,,,,,,,False,,,,,,,,,0.0036,L,L,605.0,0.0048,L,L,623.0,0.0452,L,L,353.0,0.20084,False,
jak_paralogue,jak,112,,Q,JH1,0.76547,0.06336,48.985,9.999000099990002e-05,0.00017,True,0.6368,0.4513,2,JAK1:P/JAK2:Q/TYK2:P,0.0044,942.0,0.76923,,,,,,,,,False,,,,,,,,,0.0036,P,P,605.0,0.008,Q,Q,622.0,0.0452,P,P,353.0,0.20084,True,
jak_paralogue,jak,113,,K,JH1,0.44097,0.05605,38.248,9.999000099990002e-05,0.00017,True,0.6899,0.6464,2,JAK1:R/JAK2:K/TYK2:K,0.0044,943.0,0.44172,,,,,,,,,False,,,,,,,,,0.0036,R,R,605.0,0.0085,K,K,621.0,0.0008,K,K,354.0,0.20084,True,
jak_paralogue,jak,114,,H,JH1,0.50203,0.09284,30.936,9.999000099990002e-05,0.00017,True,0.679,0.6708,2,JAK1:N/JAK2:H/TYK2:H,0.0038,944.0,0.50248,,,,,,,,,False,,,,,,,,,0.0125,N,N,604.0,0.0048,H,H,623.0,0.0008,H,H,354.0,0.20084,True,
jak_paralogue,jak,115,,K,JH1,0.46634,0.07169,23.143,9.999000099990002e-05,0.00017,True,0.6126,0.4224,2,JAK1:K/JAK2:K/TYK2:N,0.0038,945.0,0.46659,,,,,,,,,False,,,,,,,,,0.0125,K,K,604.0,0.0048,K,K,623.0,0.0008,N,N,354.0,0.20084,True,
jak_paralogue,jak,116,,E,JH1,1.39885,0.04329,95.969,9.999000099990002e-05,0.00017,True,0.3477,0.0391,3,JAK1:N/JAK2:E/TYK2:Q,0.2263,946.0,0.9459,,,,,,,,,True,,,,,,,,,0.0125,N,N,604.0,0.0048,E,E,623.0,0.9556,Q,Q,1.0,0.20084,True,
jak_paralogue,jak,117,,R,JH1,1.22557,0.04227,125.774,9.999000099990002e-05,0.00017,True,0.4249,0.0391,3,JAK1:K/JAK2:R/TYK2:Q,0.2269,947.0,0.71435,,,,,,,,,True,,,,,,,,,0.0292,K,K,603.0,0.0048,R,R,623.0,0.9556,Q,Q,1.0,0.20084,True,
jak_paralogue,jak,118,,I,JH1,0.8295,0.06948,50.431,9.999000099990002e-05,0.00017,True,0.5411,0.4317,2,JAK1:I/JAK2:I/TYK2:V,0.005,948.0,0.84057,,,,,,,,,False,,,,,,,,,0.0292,I,I,603.0,0.0048,I,L,623.0,0.0173,V,V,353.0,0.20084,True,
jak_paralogue,jak,119,,D,JH1,1.03783,0.05789,91.437,9.999000099990002e-05,0.00017,True,0.628,0.5556,3,JAK1:N/JAK2:D/TYK2:G,0.0075,949.0,1.03693,,,,,,,,,False,,,,,,,,,0.0476,N,N,598.0,0.0048,D,D,623.0,0.0008,G,G,354.0,0.20084,True,
jak_paralogue,jak,120,,H,JH1,0.91912,0.09316,62.485,9.999000099990002e-05,0.00017,True,0.5416,0.4532,2,JAK1:L/JAK2:H/TYK2:L,0.0038,950.0,0.91993,,,,,,,,,False,,,,,,,,,0.028,L,L,604.0,0.0048,H,H,623.0,0.0008,L,L,354.0,0.20084,True,
jak_paralogue,jak,121,,I,JH1,0.80675,0.06978,58.461,9.999000099990002e-05,0.00017,True,0.4888,0.4168,2,JAK1:K/JAK2:K/TYK2:A,0.0038,951.0,0.80637,,,,,,,,,False,,,,,,,,,0.028,K,K,604.0,0.0048,K,K,623.0,0.0008,A,A,354.0,0.20084,True,
jak_paralogue,jak,122,,K,JH1,0.95237,0.09737,53.135,9.999000099990002e-05,0.00017,True,0.6365,0.5289,2,JAK1:Q/JAK2:K/TYK2:Q,0.0038,952.0,0.95353,,,,,,,,,False,,,,,,,,,0.028,Q,Q,604.0,0.0048,K,K,623.0,0.0008,Q,Q,354.0,0.20084,True,
jak_paralogue,jak,123,,L,JH1,0.55959,0.05678,38.85,9.999000099990002e-05,0.00017,True,0.5983,0.4818,1,JAK1:L/JAK2:L/TYK2:L,0.0044,953.0,0.55276,,,,,,,,,False,,,,,,,,,0.0409,L,L,603.0,0.0048,L,L,623.0,0.0008,L,L,354.0,0.20084,True,
jak_paralogue,jak,124,,L,JH1,0.10601,0.03761,8.12,9.999000099990002e-05,0.00017,True,0.6738,0.608,1,JAK1:L/JAK2:L/TYK2:L,0.005,954.0,0.0931,,,,,,,,,False,,,,,,,,,0.0409,L,L,603.0,0.006,L,L,622.0,0.0008,L,L,354.0,0.20084,False,
jak_paralogue,jak,125,,Q,JH1,0.91732,0.06324,74.397,9.999000099990002e-05,0.00017,True,0.5508,0.4455,2,JAK1:S/JAK2:L/TYK2:L,0.005,955.0,0.91664,,,,,,,,,False,,,,,,,,,0.0409,S,R,603.0,0.006,L,L,622.0,0.0008,L,L,354.0,0.20084,True,
jak_paralogue,jak,126,,Y,JH1,0.78379,0.03487,47.284,9.999000099990002e-05,0.00017,True,0.8346,0.815,2,JAK1:Y/JAK2:Y/TYK2:F,0.0057,956.0,0.78094,,,,,,,,,False,,,,,,,,,0.0416,Y,Y,602.0,0.006,Y,Y,622.0,0.0008,F,F,354.0,0.20084,True,
jak_paralogue,jak,127,,T,JH1,0.27592,0.04541,23.286,9.999000099990002e-05,0.00017,True,0.6456,0.6143,1,JAK1:A/JAK2:A/TYK2:A,0.005,957.0,0.26557,,,,,,,,,False,,,,,,,,,0.0409,A,A,603.0,0.006,A,A,622.0,0.0008,A,A,354.0,0.20084,True,
jak_paralogue,jak,128,,S,JH1,1.41423,0.0761,90.584,9.999000099990002e-05,0.00017,True,0.5925,0.4948,3,JAK1:V/JAK2:S/TYK2:Q,0.0057,958.0,1.4369,,,,,,,,,False,,,,,,,,,0.0409,V,V,603.0,0.0484,S,S,621.0,0.0008,Q,Q,354.0,0.20084,True,
jak_paralogue,jak,129,,Q,JH1,0.03464,0.0192,1.458,0.0913908609139086,0.129,False,0.8342,0.802,1,JAK1:Q/JAK2:Q/TYK2:Q,0.0063,959.0,0.0054,,,,,,,,,False,,,,,,,,,0.0409,Q,Q,603.0,0.0877,Q,Q,620.0,0.0008,Q,Q,354.0,0.20084,False,
jak_paralogue,jak,130,,I,JH1,0.05228,0.04521,0.615,0.2551744825517448,0.3026,False,0.7719,0.7454,1,JAK1:I/JAK2:I/TYK2:I,0.0057,960.0,0.03712,,,,,,,,,False,,,,,,,,,0.0409,I,I,603.0,0.0453,I,I,621.0,0.0008,I,I,354.0,0.20084,False,
jak_paralogue,jak,131,,C,JH1,0.06873,0.05883,0.641,0.245975402459754,0.29278,False,0.8382,0.7617,1,JAK1:C/JAK2:C/TYK2:C,0.0044,961.0,0.06401,,,,,,,,,False,,,,,,,,,0.0089,C,C,606.0,0.0453,C,C,621.0,0.0452,C,C,353.0,0.20084,False,
jak_paralogue,jak,132,,K,JH1,0.77264,0.07438,57.22,9.999000099990002e-05,0.00017,True,0.6481,0.5705,2,JAK1:K/JAK2:K/TYK2:E,0.0038,962.0,0.77952,,,,,,,,,False,,,,,,,,,0.0089,K,K,606.0,0.006,K,K,622.0,0.0452,E,E,353.0,0.20084,True,
jak_paralogue,jak,133,,G,JH1,0.06945,0.03376,2.029,0.0373962603739626,0.05549,False,0.7328,0.6999,1,JAK1:G/JAK2:G/TYK2:G,0.0069,963.0,0.02247,,,,,,,,,False,,,,,,,,,0.0047,G,G,606.0,0.0274,G,G,621.0,0.1414,G,G,349.0,0.20084,False,
jak_paralogue,jak,134,,M,JH1,0.07445,0.049,1.43,0.0930906909309069,0.13082,False,0.814,0.7079,1,JAK1:M/JAK2:M/TYK2:M,0.0063,964.0,0.02822,,,,,,,,,False,,,,,,,,,0.0047,M,M,606.0,0.0274,M,M,621.0,0.1406,M,M,350.0,0.20084,False,
jak_paralogue,jak,135,,E,JH1,0.4929,0.05964,25.01,9.999000099990002e-05,0.00017,True,0.5824,0.3973,3,JAK1:D/JAK2:E/TYK2:A,0.0075,965.0,0.48747,,,,,,,,,False,,,,,,,,,0.0176,D,D,605.0,0.0274,E,E,621.0,0.1473,A,A,349.0,0.20084,True,
jak_paralogue,jak,136,,Y,JH1,0.0734,0.03285,2.244,0.0308969103089691,0.04709,True,0.803,0.7178,1,JAK1:Y/JAK2:Y/TYK2:Y,0.0082,966.0,0.02196,,,,,,,,,False,,,,,,,,,0.0176,Y,Y,605.0,0.0274,Y,Y,621.0,0.1752,Y,Y,348.0,0.20084,False,
jak_paralogue,jak,137,,L,JH1,0.06406,0.0279,2.254,0.0355964403559644,0.05306,False,0.6984,0.6014,1,JAK1:L/JAK2:L/TYK2:L,0.0082,967.0,0.01178,,,,,,,,,False,,,,,,,,,0.0176,L,L,605.0,0.0274,L,L,621.0,0.1752,L,L,348.0,0.20084,False,
jak_paralogue,jak,138,,G,JH1,1.0575,0.03078,59.467,9.999000099990002e-05,0.00017,True,0.6903,0.5371,2,JAK1:G/JAK2:G/TYK2:H,0.0082,968.0,1.09381,,,,,,,,,False,,,,,,,,,0.0176,G,G,605.0,0.0274,G,G,621.0,0.1752,H,H,348.0,0.20084,True,
jak_paralogue,jak,139,,T,JH1,0.5635,0.05825,28.551,9.999000099990002e-05,0.00017,True,0.5408,0.3947,2,JAK1:S/JAK2:T/TYK2:S,0.0082,969.0,0.54662,,,,,,,,,False,,,,,,,,,0.0176,S,S,605.0,0.023,T,T,622.0,0.1934,S,S,347.0,0.20084,True,
jak_paralogue,jak,140,,K,JH1,0.71116,0.03782,38.342,9.999000099990002e-05,0.00017,True,0.6173,0.4923,2,JAK1:R/JAK2:K/TYK2:K,0.0082,970.0,0.70846,,,,,,,,,False,,,,,,,,,0.0176,R,R,605.0,0.023,K,K,622.0,0.1934,K,Q,347.0,0.20084,True,
jak_paralogue,jak,141,,R,JH1,0.97675,0.02972,55.794,9.999000099990002e-05,0.00017,True,0.7041,0.6488,2,JAK1:Q/JAK2:R/TYK2:R,0.0082,971.0,0.99956,,,,,,,,,False,,,,,,,,,0.0176,Q,Q,605.0,0.023,R,R,622.0,0.1934,R,H,347.0,0.20084,True,
jak_paralogue,jak,142,,Y,JH1,0.10036,0.04789,2.953,0.0123987601239876,0.02008,True,0.7846,0.7006,1,JAK1:Y/JAK2:Y/TYK2:Y,0.0088,972.0,0.02556,,,,,,,,,False,,,,,,,,,0.0182,Y,Y,604.0,0.0061,Y,Y,621.0,0.1908,Y,Y,348.0,0.20084,False,
jak_paralogue,jak,143,,I,JH1,0.07984,0.02668,3.576,0.0044995500449955,0.0074,True,0.6768,0.6329,2,JAK1:V/JAK2:I/TYK2:I,0.0075,973.0,0.02959,,,,,,,,,False,,,,,,,,,0.0053,V,V,605.0,0.0066,I,I,620.0,0.1255,I,I,350.0,0.20084,False,
jak_paralogue,jak,144,,H,JH1,0.09662,0.06204,2.223,0.028997100289971,0.04447,True,0.845,0.7249,1,JAK1:H/JAK2:H/TYK2:H,0.0075,974.0,0.0473,,,,,,,,,False,,,,,,,,,0.0053,H,H,605.0,0.0066,H,H,620.0,0.1255,H,H,350.0,0.20084,False,
jak_paralogue,jak,145,,R,JH1,0.07851,0.05959,1.35,0.0993900609939006,0.13906,False,0.7966,0.7018,1,JAK1:R/JAK2:R/TYK2:R,0.0069,975.0,0.04332,,,,,,,,,False,,,,,,,,,0.0053,R,R,605.0,0.0066,R,R,620.0,0.0972,R,R,351.0,0.20084,False,
jak_paralogue,jak,146,,D,JH1,0.04668,0.04461,0.157,0.378962103789621,0.42567,False,0.7821,0.6898,1,JAK1:D/JAK2:D/TYK2:D,0.0082,976.0,0.02997,,,,,,,,,False,,,,,,,,,0.0182,D,D,604.0,0.0283,D,D,619.0,0.0972,D,D,351.0,0.20084,False,
jak_paralogue,jak,147,,L,JH1,0.03051,0.02778,0.216,0.3498650134986501,0.39718,False,0.7158,0.6548,1,JAK1:L/JAK2:L/TYK2:L,0.0082,977.0,0.01291,,,,,,,,,False,,,,,,,,,0.0182,L,L,604.0,0.0283,L,L,619.0,0.0972,L,L,351.0,0.20084,False,
jak_paralogue,jak,148,,A,JH1,0.08322,0.0537,1.617,0.0694930506949305,0.09897,False,0.7361,0.6354,1,JAK1:A/JAK2:A/TYK2:A,0.0075,978.0,0.05693,,,,,,,,,False,,,,,,,,,0.0182,A,A,604.0,0.0066,A,A,620.0,0.0972,A,A,351.0,0.20084,False,
jak_paralogue,jak,149,,T,JH1,0.80833,0.06595,46.586,9.999000099990002e-05,0.00017,True,0.718,0.6307,2,JAK1:A/JAK2:T/TYK2:A,0.0069,979.0,0.81898,,,,,,,,,False,,,,,,,,,0.0182,A,A,604.0,0.0066,T,T,620.0,0.079,A,A,352.0,0.20084,True,
jak_paralogue,jak,150,,R,JH1,0.06901,0.07103,-0.136,0.5145485451454854,0.54714,False,0.7718,0.6715,1,JAK1:R/JAK2:R/TYK2:R,0.0069,980.0,0.05014,,,,,,,,,False,,,,,,,,,0.0182,R,R,604.0,0.0066,R,R,620.0,0.079,R,R,352.0,0.20084,False,
jak_paralogue,jak,151,,N,JH1,0.08789,0.0695,1.234,0.1151884811518848,0.15838,False,0.8039,0.7084,1,JAK1:N/JAK2:N/TYK2:N,0.0063,981.0,0.05469,,,,,,,,,False,,,,,,,,,0.0182,N,N,604.0,0.0018,N,N,622.0,0.1008,N,N,351.0,0.20084,False,
jak_paralogue,jak,152,,I,JH1,0.75606,0.06569,35.805,9.999000099990002e-05,0.00017,True,0.7257,0.6351,2,JAK1:V/JAK2:I/TYK2:V,0.0063,982.0,0.75467,,,,,,,,,False,,,,,,,,,0.0182,V,V,604.0,0.0018,I,I,622.0,0.1008,V,V,351.0,0.20084,True,
jak_paralogue,jak,153,,L,JH1,0.09199,0.05266,2.098,0.0320967903209679,0.0483,True,0.6986,0.5827,1,JAK1:L/JAK2:L/TYK2:L,0.0063,983.0,0.05899,,,,,,,,,False,,,,,,,,,0.0182,L,L,604.0,0.0018,L,L,622.0,0.1008,L,L,351.0,0.20084,False,
jak_paralogue,jak,154,,V,JH1,0.30344,0.0329,18.274,9.999000099990002e-05,0.00017,True,0.7006,0.5669,2,JAK1:V/JAK2:V/TYK2:L,0.0069,984.0,0.29773,,,,,,,,,False,,,,,,,,,0.0182,V,V,604.0,0.0235,V,V,621.0,0.1008,L,L,351.0,0.20084,True,
jak_paralogue,jak,155,,E,JH1,0.25321,0.09471,9.363,9.999000099990002e-05,0.00017,True,0.6974,0.531,1,JAK1:E/JAK2:E/TYK2:E,0.0069,985.0,0.24475,,,,,,,,,False,,,,,,,,,0.0182,E,E,604.0,0.0235,E,E,621.0,0.1008,E,E,351.0,0.20084,True,
jak_paralogue,jak,156,,N,JH1,0.19616,0.06644,7.538,9.999000099990002e-05,0.00017,True,0.6583,0.6189,1,JAK1:N/JAK2:N/TYK2:N,0.0063,986.0,0.18687,,,,,,,,,False,,,,,,,,,0.0182,N,S,604.0,0.0235,N,N,621.0,0.0941,N,N,352.0,0.20084,False,
jak_paralogue,jak,157,,E,JH1,0.39126,0.0713,14.972,9.999000099990002e-05,0.00017,True,0.6743,0.5113,2,JAK1:E/JAK2:E/TYK2:D,0.0063,987.0,0.39209,,,,,,,,,False,,,,,,,,,0.0182,E,E,604.0,0.0235,E,E,621.0,0.0941,D,D,352.0,0.20084,True,
jak_paralogue,jak,158,,N,JH1,0.40667,0.05785,20.208,9.999000099990002e-05,0.00017,True,0.4638,0.3794,2,JAK1:N/JAK2:N/TYK2:R,0.0069,988.0,0.40964,,,,,,,,,False,,,,,,,,,0.0182,N,N,604.0,0.0265,N,N,620.0,0.0941,R,R,352.0,0.20084,True,
jak_paralogue,jak,159,,R,JH1,0.87893,0.05464,46.429,9.999000099990002e-05,0.00017,True,0.5767,0.4874,2,JAK1:R/JAK2:R/TYK2:L,0.0063,989.0,0.90507,,,,,,,,,False,,,,,,,,,0.0182,R,R,604.0,0.0235,R,R,621.0,0.0941,L,L,352.0,0.20084,True,
jak_paralogue,jak,160,,V,JH1,0.04647,0.04659,-0.008,0.4380561943805619,0.48186,False,0.7487,0.6615,1,JAK1:V/JAK2:V/TYK2:V,0.0063,990.0,0.02941,,,,,,,,,False,,,,,,,,,0.0182,V,V,604.0,0.0235,V,V,621.0,0.0941,V,V,352.0,0.20084,False,
jak_paralogue,jak,161,,K,JH1,0.05547,0.04275,0.806,0.201979802019798,0.25568,False,0.7768,0.696,1,JAK1:K/JAK2:K/TYK2:K,0.0069,991.0,0.02728,,,,,,,,,False,,,,,,,,,0.0182,K,K,604.0,0.0235,K,K,621.0,0.1215,K,K,351.0,0.20084,False,
jak_paralogue,jak,162,,I,JH1,0.05865,0.04356,0.954,0.1726827317268273,0.22484,False,0.7723,0.6813,1,JAK1:I/JAK2:I/TYK2:I,0.0069,992.0,0.03066,,,,,,,,,False,,,,,,,,,0.0182,I,I,604.0,0.0235,I,I,621.0,0.1215,I,I,351.0,0.20084,False,
jak_paralogue,jak,163,,G,JH1,0.04347,0.02619,1.136,0.1366863313668633,0.18168,False,0.7585,0.6791,1,JAK1:G/JAK2:G/TYK2:G,0.0069,993.0,0.01451,,,,,,,,,False,,,,,,,,,0.0182,G,G,604.0,0.0235,G,G,621.0,0.1215,G,G,351.0,0.20084,False,
jak_paralogue,jak,164,,D,JH1,0.06314,0.06294,0.013,0.4354564543545645,0.48066,False,0.7758,0.6811,1,JAK1:D/JAK2:D/TYK2:D,0.0063,994.0,0.04713,,,,,,,,,False,,,,,,,,,0.0182,D,D,604.0,0.0235,D,D,621.0,0.0936,D,D,352.0,0.20084,False,
jak_paralogue,jak,165,,F,JH1,0.03755,0.03668,0.062,0.4058594140585941,0.45269,False,0.8201,0.758,1,JAK1:F/JAK2:F/TYK2:F,0.0063,995.0,0.02022,,,,,,,,,False,,,,,,,,,0.0182,F,F,604.0,0.0235,F,F,621.0,0.0936,F,F,352.0,0.20084,False,
jak_paralogue,jak,166,,G,JH1,0.04345,0.04308,0.025,0.4186581341865813,0.46372,False,0.7646,0.6976,1,JAK1:G/JAK2:G/TYK2:G,0.0063,996.0,0.02643,,,,,,,,,False,,,,,,,,,0.0182,G,G,604.0,0.0235,G,G,621.0,0.0936,G,G,352.0,0.20084,False,
jak_paralogue,jak,167,,L,JH1,0.01417,0.02612,-1.463,0.9686031396860314,0.9686,False,0.734,0.7055,1,JAK1:L/JAK2:L/TYK2:L,0.005,997.0,0.01524,,,,,,,,,False,,,,,,,,,0.0182,L,L,604.0,0.0235,L,L,621.0,0.0218,L,L,354.0,0.20084,False,
jak_paralogue,jak,168,,T,JH1,0.31335,0.06492,19.304,9.999000099990002e-05,0.00017,True,0.6931,0.5338,1,JAK1:T/JAK2:T/TYK2:T,0.0044,998.0,0.31632,,,,,,,,,False,,,,,,,,,0.0053,T,T,605.0,0.0235,T,T,621.0,0.0218,T,A,354.0,0.20084,True,
jak_paralogue,jak,169,,K,JH1,0.10541,0.09733,0.445,0.3084691530846915,0.35653,False,0.7423,0.6485,1,JAK1:K/JAK2:K/TYK2:K,0.0038,999.0,0.09771,,,,,,,,,False,,,,,,,,,0.0053,K,K,605.0,0.0235,K,K,621.0,0.0,K,K,355.0,0.20084,False,
jak_paralogue,jak,170,,V,JH1,1.12178,0.06032,57.11,9.999000099990002e-05,0.00017,True,0.6303,0.5855,2,JAK1:A/JAK2:V/TYK2:A,0.005,1000.0,1.146,,,,,,,,,False,,,,,,,,,0.0053,A,A,605.0,0.0235,V,V,621.0,0.0718,A,A,353.0,0.20084,True,
jak_paralogue,jak,171,,L,JH1,0.79165,0.0595,47.735,9.999000099990002e-05,0.00017,True,0.668,0.5339,2,JAK1:I/JAK2:L/TYK2:I,0.005,1001.0,0.80332,,,,,,,,,False,,,,,,,,,0.0053,I,I,605.0,0.0235,L,L,621.0,0.0718,I,I,353.0,0.20084,True,
jak_paralogue,jak,172,,P,JH1,0.89861,0.03179,107.207,9.999000099990002e-05,0.00017,True,0.7714,0.6641,2,JAK1:K/JAK2:P/TYK2:P,0.0038,1002.0,0.89786,,,,,,,,,False,,,,,,,,,0.0053,K,E,605.0,0.0235,P,P,621.0,0.0,P,P,355.0,0.20084,True,
jak_paralogue,jak,173,,Q,JH1,1.12758,0.07184,78.936,9.999000099990002e-05,0.00017,True,0.6503,0.6005,3,JAK1:T/JAK2:Q/TYK2:E,0.0044,1003.0,1.14478,,,,,,,,,False,,,,,,,,,0.0053,T,T,605.0,0.0235,Q,Q,621.0,0.0218,E,E,354.0,0.20084,True,
jak_paralogue,jak,174,,D,JH1,0.87153,0.04542,81.349,9.999000099990002e-05,0.00017,True,0.7135,0.6643,2,JAK1:D/JAK2:D/TYK2:G,0.0044,1004.0,0.88426,,,,,,,,,False,,,,,,,,,0.0053,D,D,605.0,0.0235,D,D,621.0,0.0218,G,G,354.0,0.20084,True,
jak_paralogue,jak,175,,K,JH1,0.71525,0.09829,33.092,9.999000099990002e-05,0.00017,True,0.6041,0.4246,2,JAK1:K/JAK2:K/TYK2:H,0.0044,1005.0,0.72525,,,,,,,,,False,,,,,,,,,0.0053,K,K,605.0,0.0235,K,K,621.0,0.0218,H,H,354.0,0.20084,True,
jak_paralogue,jak,176,,E,JH1,0.56212,0.08635,26.17,9.999000099990002e-05,0.00017,True,0.5662,0.3468,1,JAK1:E/JAK2:E/TYK2:E,0.0044,1006.0,0.56945,,,,,,,,,False,,,,,,,,,0.0053,E,E,605.0,0.0235,E,E,621.0,0.0218,E,E,354.0,0.20084,True,
jak_paralogue,jak,177,,Y,JH1,0.06841,0.06104,0.471,0.2865713428657134,0.33609,False,0.8369,0.7383,1,JAK1:Y/JAK2:Y/TYK2:Y,0.0057,1007.0,0.04345,,,,,,,,,False,,,,,,,,,0.0053,Y,Y,605.0,0.0235,Y,Y,621.0,0.0936,Y,Y,352.0,0.20084,False,
jak_paralogue,jak,178,,Y,JH1,0.06841,0.04336,1.283,0.1087891210878912,0.15089,False,0.8554,0.7936,1,JAK1:Y/JAK2:Y/TYK2:Y,0.0057,1008.0,0.04345,,,,,,,,,False,,,,,,,,,0.0053,Y,Y,605.0,0.0235,Y,Y,621.0,0.0936,Y,Y,352.0,0.20084,False,
jak_paralogue,jak,179,,K,JH1,1.11479,0.11145,64.916,9.999000099990002e-05,0.00017,True,0.6523,0.6169,3,JAK1:T/JAK2:K/TYK2:R,0.005,1009.0,1.13712,,,,,,,,,False,,,,,,,,,0.0053,T,T,605.0,0.0235,K,K,621.0,0.0501,R,R,353.0,0.20084,True,
jak_paralogue,jak,180,,V,JH1,0.10303,0.07415,1.545,0.072992700729927,0.10349,False,0.7432,0.652,1,JAK1:V/JAK2:V/TYK2:V,0.005,1010.0,0.09603,,,,,,,,,False,,,,,,,,,0.0053,V,V,605.0,0.0235,V,V,621.0,0.0501,V,V,353.0,0.20084,False,
jak_paralogue,jak,181,,K,JH1,0.67647,0.07075,27.888,9.999000099990002e-05,0.00017,True,0.6214,0.5788,2,JAK1:K/JAK2:K/TYK2:R,0.0057,1011.0,0.68008,,,,,,,,,False,,,,,,,,,0.0053,K,K,605.0,0.0235,K,K,621.0,0.0945,R,R,352.0,0.20084,True,
jak_paralogue,jak,182,,E,JH1,0.62362,0.05963,27.289,9.999000099990002e-05,0.00017,True,0.7073,0.6148,2,JAK1:D/JAK2:E/TYK2:E,0.0057,1012.0,0.62471,,,,,,,,,False,,,,,,,,,0.0053,D,D,605.0,0.0235,E,E,621.0,0.0945,E,E,352.0,0.20084,True,
jak_paralogue,jak,183,,P,JH1,1.03794,0.06544,54.417,9.999000099990002e-05,0.00017,True,0.7447,0.6355,2,JAK1:D/JAK2:P/TYK2:D,0.0044,1013.0,1.03626,,,,,,,,,False,,,,,,,,,0.0053,D,D,605.0,0.0009,P,P,623.0,0.0945,D,D,352.0,0.20084,True,
jak_paralogue,jak,184,,G,JH1,0.91759,0.04565,55.367,9.999000099990002e-05,0.00017,True,0.6721,0.4844,2,JAK1:R/JAK2:G/TYK2:G,0.0044,1014.0,0.91107,,,,,,,,,False,,,,,,,,,0.0053,R,R,605.0,0.0009,G,G,623.0,0.0945,G,G,352.0,0.20084,True,
jak_paralogue,jak,185,,E,JH1,0.7724,0.0793,40.424,9.999000099990002e-05,0.00017,True,0.7156,0.5744,2,JAK1:D/JAK2:E/TYK2:D,0.005,1015.0,0.78007,,,,,,,,,False,,,,,,,,,0.0053,D,D,605.0,0.0226,E,E,622.0,0.0945,D,D,352.0,0.20084,True,
jak_paralogue,jak,186,,S,JH1,0.08979,0.10178,-0.979,0.8262173782621738,0.83406,False,0.7366,0.6147,1,JAK1:S/JAK2:S/TYK2:S,0.0038,1016.0,0.08798,,,,,,,,,False,,,,,,,,,0.0053,S,S,605.0,0.0226,S,S,622.0,0.0283,S,S,354.0,0.20084,False,
jak_paralogue,jak,187,,P,JH1,0.01838,0.02885,-1.273,0.9336066393360664,0.93654,False,0.8305,0.8024,1,JAK1:P/JAK2:P/TYK2:P,0.0038,1017.0,0.01515,,,,,,,,,False,,,,,,,,,0.0053,P,P,605.0,0.0226,P,P,622.0,0.0283,P,P,354.0,0.20084,False,
jak_paralogue,jak,188,,I,JH1,0.88815,0.06948,48.0,9.999000099990002e-05,0.00017,True,0.7482,0.6421,2,JAK1:V/JAK2:I/TYK2:V,0.005,1018.0,0.90355,,,,,,,,,False,,,,,,,,,0.0053,V,V,605.0,0.0226,I,I,622.0,0.0574,V,V,352.0,0.20084,True,
jak_paralogue,jak,189,,F,JH1,0.03045,0.03076,-0.027,0.459054094590541,0.49979,False,0.7958,0.7428,1,JAK1:F/JAK2:F/TYK2:F,0.0057,1019.0,0.01925,,,,,,,,,False,,,,,,,,,0.0053,F,F,605.0,0.0286,F,F,621.0,0.0574,F,F,352.0,0.20084,False,
jak_paralogue,jak,190,,W,JH1,0.04158,0.04432,-0.241,0.5407459254074592,0.56816,False,0.8986,0.8454,1,JAK1:W/JAK2:W/TYK2:W,0.0069,1020.0,0.03168,,,,,,,,,False,,,,,,,,,0.0068,W,W,604.0,0.0286,W,W,621.0,0.0583,W,W,351.0,0.20084,False,
jak_paralogue,jak,191,,Y,JH1,0.14826,0.09322,3.183,0.0033996600339966,0.00562,True,0.7737,0.6508,1,JAK1:Y/JAK2:Y/TYK2:Y,0.0094,1021.0,0.10433,,,,,,,,,False,,,,,,,,,0.0015,Y,Y,606.0,0.0105,Y,Y,618.0,0.1171,Y,Y,348.0,0.20084,False,
jak_paralogue,jak,192,,A,JH1,0.12089,0.08651,2.107,0.030996900309969,0.04709,True,0.6818,0.6088,1,JAK1:A/JAK2:A/TYK2:A,0.0088,1022.0,0.07514,,,,,,,,,False,,,,,,,,,0.0015,A,A,606.0,0.01,A,A,619.0,0.1171,A,A,348.0,0.20084,False,
jak_paralogue,jak,193,,P,JH1,0.48266,0.11461,20.824,9.999000099990002e-05,0.00017,True,0.6122,0.3973,2,JAK1:P/JAK2:P/TYK2:I,0.0082,1023.0,0.47675,,,,,,,,,False,,,,,,,,,0.0015,P,P,606.0,0.0336,P,P,619.0,0.0888,I,P,349.0,0.20084,True,
jak_paralogue,jak,194,,E,JH1,0.10206,0.10516,-0.177,0.5376462353764624,0.56791,False,0.696,0.6236,1,JAK1:E/JAK2:E/TYK2:E,0.0088,1024.0,0.08273,,,,,,,,,False,,,,,,,,,0.0049,E,E,605.0,0.0336,E,E,619.0,0.0888,E,E,349.0,0.20084,False,
jak_paralogue,jak,195,,S,JH1,0.92908,0.08768,51.632,9.999000099990002e-05,0.00017,True,0.7983,0.7694,2,JAK1:C/JAK2:S/TYK2:C,0.0088,1025.0,0.9253,,,,,,,,,False,,,,,,,,,0.0049,C,C,605.0,0.004,S,S,620.0,0.1068,C,C,348.0,0.20084,True,
jak_paralogue,jak,196,,L,JH1,0.09087,0.07035,1.182,0.1270872912708729,0.17106,False,0.6745,0.6284,1,JAK1:L/JAK2:L/TYK2:L,0.0088,1026.0,0.04824,,,,,,,,,False,,,,,,,,,0.0049,L,L,605.0,0.004,L,L,620.0,0.1068,L,L,348.0,0.20084,False,
jak_paralogue,jak,197,,T,JH1,1.13577,0.08189,67.244,9.999000099990002e-05,0.00017,True,0.604,0.4858,3,JAK1:L/JAK2:T/TYK2:K,0.0088,1027.0,1.15581,,,,,,,,,False,,,,,,,,,0.0049,L,L,605.0,0.0168,T,T,619.0,0.0933,K,K,349.0,0.20084,True,
jak_paralogue,jak,198,,E,JH1,0.82824,0.07933,41.521,9.999000099990002e-05,0.00017,True,0.6158,0.5832,2,JAK1:Q/JAK2:E/TYK2:E,0.0094,1028.0,0.84433,,,,,,,,,False,,,,,,,,,0.0086,Q,Q,604.0,0.0257,E,E,619.0,0.0933,E,E,349.0,0.20084,True,
jak_paralogue,jak,199,,S,JH1,0.43206,0.06892,22.57,9.999000099990002e-05,0.00017,True,0.6355,0.5257,2,JAK1:C/JAK2:S/TYK2:S,0.0088,1029.0,0.432,,,,,,,,,False,,,,,,,,,0.0086,C,S,604.0,0.0257,S,S,619.0,0.0802,S,C,350.0,0.20084,True,
jak_paralogue,jak,200,,K,JH1,0.03321,0.04247,-0.578,0.6915308469153084,0.70932,False,0.7395,0.7123,1,JAK1:K/JAK2:K/TYK2:K,0.0088,1030.0,0.01584,,,,,,,,,False,,,,,,,,,0.0086,K,K,604.0,0.0257,K,K,619.0,0.0802,K,K,350.0,0.20084,False,
jak_paralogue,jak,201,,F,JH1,0.08846,0.09136,-0.193,0.5414458554144586,0.56816,False,0.778,0.6844,1,JAK1:F/JAK2:F/TYK2:F,0.0088,1031.0,0.0735,,,,,,,,,False,,,,,,,,,0.0086,F,F,604.0,0.0257,F,F,619.0,0.0802,F,F,350.0,0.20084,False,
jak_paralogue,jak,202,,S,JH1,0.64767,0.07255,30.214,9.999000099990002e-05,0.00017,True,0.6931,0.551,2,JAK1:Y/JAK2:S/TYK2:S,0.0094,1032.0,0.65492,,,,,,,,,False,,,,,,,,,0.0086,Y,Y,604.0,0.0257,S,S,619.0,0.0933,S,Y,349.0,0.20084,True,
jak_paralogue,jak,203,,V,JH1,1.4013,0.09688,79.273,9.999000099990002e-05,0.00017,True,0.5978,0.4864,3,JAK1:I/JAK2:V/TYK2:F,0.0094,1033.0,1.44544,,,,,,,,,False,,,,,,,,,0.0086,I,I,604.0,0.0257,V,V,619.0,0.0933,F,Y,349.0,0.20084,True,
jak_paralogue,jak,204,,A,JH1,0.24876,0.07278,11.034,9.999000099990002e-05,0.00017,True,0.6417,0.4746,1,JAK1:A/JAK2:A/TYK2:A,0.0094,1034.0,0.2556,,,,,,,,,False,,,,,,,,,0.0466,A,A,603.0,0.0257,A,A,619.0,0.0802,A,A,350.0,0.20084,True,
jak_paralogue,jak,205,,S,JH1,0.06954,0.06894,0.03,0.4493550644935506,0.49233,False,0.7119,0.6343,1,JAK1:S/JAK2:S/TYK2:S,0.0094,1035.0,0.06626,,,,,,,,,False,,,,,,,,,0.0466,S,S,603.0,0.0257,S,S,619.0,0.0802,S,S,350.0,0.20084,False,
jak_paralogue,jak,206,,D,JH1,0.04246,0.05596,-0.884,0.8055194480551945,0.81575,False,0.7626,0.7224,1,JAK1:D/JAK2:D/TYK2:D,0.0094,1036.0,0.03765,,,,,,,,,False,,,,,,,,,0.0466,D,D,603.0,0.0257,D,D,619.0,0.0802,D,D,350.0,0.20084,False,
jak_paralogue,jak,207,,V,JH1,0.13362,0.0526,4.46,0.0006999300069993,0.00119,True,0.6748,0.5725,1,JAK1:V/JAK2:V/TYK2:V,0.0101,1037.0,0.12224,,,,,,,,,False,,,,,,,,,0.0466,V,V,603.0,0.0257,V,V,619.0,0.1238,V,V,349.0,0.20084,False,
jak_paralogue,jak,208,,W,JH1,0.03338,0.02975,0.305,0.3304669533046695,0.37785,False,0.9059,0.877,1,JAK1:W/JAK2:W/TYK2:W,0.0088,1038.0,0.01603,,,,,,,,,False,,,,,,,,,0.0086,W,W,604.0,0.0257,W,W,619.0,0.0802,W,W,350.0,0.20084,False,
jak_paralogue,jak,209,,S,JH1,0.10287,0.08811,0.929,0.1744825517448255,0.22626,False,0.7035,0.6048,1,JAK1:S/JAK2:S/TYK2:S,0.0101,1039.0,0.08729,,,,,,,,,False,,,,,,,,,0.0246,S,S,603.0,0.0257,S,S,619.0,0.1085,S,S,349.0,0.20084,False,
jak_paralogue,jak,210,,F,JH1,0.09068,0.06372,1.627,0.0676932306769323,0.09683,False,0.7776,0.693,1,JAK1:F/JAK2:F/TYK2:F,0.0101,1040.0,0.07435,,,,,,,,,False,,,,,,,,,0.0246,F,F,603.0,0.0257,F,F,619.0,0.1085,F,F,349.0,0.20084,False,
jak_paralogue,jak,211,,,,0.01557,0.01362,0.634,0.2252774722527747,0.27118,False,0.0082,0.0,2,JAK1:A/JAK2:K/TYK2:A,0.9994,,,,,,,,,,,True,,,,,,,,,1.0,A,-,0.0,0.9704,K,K,1.0,1.0,A,-,0.0,0.20084,False,
jak_paralogue,jak,212,,,,0.01557,0.01362,0.634,0.2252774722527747,0.27118,False,0.0084,0.0,2,JAK1:A/JAK2:D/TYK2:A,0.9994,,,,,,,,,,,True,,,,,,,,,1.0,A,-,0.0,0.9704,D,D,1.0,1.0,A,-,0.0,0.20084,False,
jak_paralogue,jak,213,,,,0.01557,0.01362,0.634,0.2252774722527747,0.27118,False,0.0089,0.0,2,JAK1:A/JAK2:Y/TYK2:A,0.9994,,,,,,,,,,,True,,,,,,,,,1.0,A,-,0.0,0.9704,Y,Y,1.0,1.0,A,-,0.0,0.20084,False,
jak_paralogue,jak,214,,,,0.01557,0.01362,0.634,0.2252774722527747,0.27118,False,0.0086,0.0,2,JAK1:A/JAK2:F/TYK2:A,0.9994,,,,,,,,,,,True,,,,,,,,,1.0,A,-,0.0,0.9704,F,F,1.0,1.0,A,-,0.0,0.20084,False,
jak_paralogue,jak,215,,,,0.01557,0.01362,0.634,0.2252774722527747,0.27118,False,0.0091,0.0,2,JAK1:A/JAK2:M/TYK2:A,0.9994,,,,,,,,,,,True,,,,,,,,,1.0,A,-,0.0,0.9704,M,M,1.0,1.0,A,-,0.0,0.20084,False,
jak_paralogue,jak,216,,,,0.01557,0.01362,0.634,0.2252774722527747,0.27118,False,0.0083,0.0,2,JAK1:A/JAK2:T/TYK2:A,0.9994,,,,,,,,,,,True,,,,,,,,,1.0,A,-,0.0,0.9704,T,T,1.0,1.0,A,-,0.0,0.20084,False,
jak_paralogue,jak,217,,,,0.01557,0.01362,0.634,0.2252774722527747,0.27118,False,0.0082,0.0,2,JAK1:A/JAK2:I/TYK2:A,0.9994,,,,,,,,,,,True,,,,,,,,,1.0,A,-,0.0,0.9704,I,I,1.0,1.0,A,-,0.0,0.20084,False,
jak_paralogue,jak,218,,G,JH1,0.07718,0.03465,2.599,0.0184981501849815,0.02921,True,0.7249,0.6427,1,JAK1:G/JAK2:G/TYK2:G,0.0107,1041.0,0.04136,,,,,,,,,False,,,,,,,,,0.0246,G,G,603.0,0.0257,G,G,619.0,0.1521,G,G,348.0,0.20084,False,
jak_paralogue,jak,219,,V,JH1,0.07889,0.03829,2.601,0.0208979102089791,0.03268,True,0.7271,0.6626,1,JAK1:V/JAK2:V/TYK2:V,0.0113,1042.0,0.03697,,,,,,,,,False,,,,,,,,,0.0246,V,V,603.0,0.0257,V,V,619.0,0.1651,V,V,347.0,0.20084,False,
jak_paralogue,jak,220,,V,JH1,0.89559,0.05476,51.938,9.999000099990002e-05,0.00017,True,0.7333,0.6347,2,JAK1:T/JAK2:V/TYK2:T,0.0119,1043.0,0.92811,,,,,,,,,False,,,,,,,,,0.0246,T,T,603.0,0.0303,V,V,618.0,0.1651,T,T,347.0,0.20084,True,
jak_paralogue,jak,221,,L,JH1,0.19975,0.04721,9.811,9.999000099990002e-05,0.00017,True,0.6525,0.5782,1,JAK1:L/JAK2:L/TYK2:L,0.0126,1044.0,0.1651,,,,,,,,,False,,,,,,,,,0.0246,L,L,603.0,0.0303,L,L,618.0,0.1786,L,L,346.0,0.20084,False,
jak_paralogue,jak,222,,Y,JH1,0.14328,0.03521,7.159,9.999000099990002e-05,0.00017,True,0.7901,0.7137,1,JAK1:Y/JAK2:Y/TYK2:Y,0.0126,1045.0,0.10331,,,,,,,,,False,,,,,,,,,0.0246,Y,Y,603.0,0.0303,Y,Y,618.0,0.1786,Y,Y,346.0,0.20084,False,
jak_paralogue,jak,223,,E,JH1,0.05609,0.03519,1.326,0.1094890510948905,0.1512,False,0.753,0.7004,1,JAK1:E/JAK2:E/TYK2:E,0.0113,1046.0,0.02084,,,,,,,,,False,,,,,,,,,0.0246,E,E,603.0,0.0303,E,E,618.0,0.1521,E,E,348.0,0.20084,False,
jak_paralogue,jak,224,,L,JH1,0.24153,0.03986,12.329,9.999000099990002e-05,0.00017,True,0.6232,0.5274,1,JAK1:L/JAK2:L/TYK2:L,0.0119,1047.0,0.23251,,,,,,,,,False,,,,,,,,,0.0246,L,L,603.0,0.0599,L,L,617.0,0.1521,L,L,348.0,0.20084,True,
jak_paralogue,jak,225,,F,JH1,0.86924,0.03867,50.872,9.999000099990002e-05,0.00017,True,0.651,0.5627,2,JAK1:L/JAK2:F/TYK2:L,0.0126,1048.0,0.91802,,,,,,,,,False,,,,,,,,,0.0246,L,L,603.0,0.0599,F,F,617.0,0.1656,L,L,347.0,0.20084,True,
jak_paralogue,jak,226,,T,JH1,0.04153,0.02938,0.786,0.1882811718828117,0.24172,False,0.7365,0.6774,1,JAK1:T/JAK2:T/TYK2:T,0.0132,1049.0,0.02522,,,,,,,,,False,,,,,,,,,0.0627,T,T,602.0,0.0599,T,T,617.0,0.1656,T,T,347.0,0.20084,False,
jak_paralogue,jak,227,,Y,JH1,0.54479,0.06467,26.162,9.999000099990002e-05,0.00017,True,0.6747,0.502,2,JAK1:Y/JAK2:Y/TYK2:R,0.0126,1050.0,0.56146,,,,,,,,,False,,,,,,,,,0.0246,Y,Y,603.0,0.0599,Y,Y,617.0,0.1656,R,R,347.0,0.20084,True,
jak_paralogue,jak,228,,I,JH1,0.75932,0.02885,52.022,9.999000099990002e-05,0.00017,True,0.7694,0.6036,2,JAK1:C/JAK2:I/TYK2:C,0.0113,1051.0,0.7994,,,,,,,,,False,,,,,,,,,0.0246,C,C,603.0,0.0599,I,I,617.0,0.1212,C,C,349.0,0.20084,True,
jak_paralogue,jak,229,,E,JH1,0.1546,0.05432,6.021,9.999000099990002e-05,0.00017,True,0.6217,0.5195,1,JAK1:D/JAK2:D/TYK2:D,0.0113,1052.0,0.13439,,,,,,,,,False,,,,,,,,,0.0086,D,D,604.0,0.0599,D,D,617.0,0.1216,D,D,348.0,0.20084,False,
jak_paralogue,jak,230,,K,JH1,0.96944,0.05793,52.8,9.999000099990002e-05,0.00017,True,0.5609,0.3872,2,JAK1:S/JAK2:K/TYK2:S,0.0119,1053.0,1.01789,,,,,,,,,False,,,,,,,,,0.0163,S,S,603.0,0.0599,K,K,617.0,0.1216,S,S,348.0,0.20084,True,
jak_paralogue,jak,231,,S,JH1,0.58975,0.05959,30.782,9.999000099990002e-05,0.00017,True,0.3874,0.329,3,JAK1:E/JAK2:S/TYK2:R,0.0119,1054.0,0.63038,,,,,,,,,False,,,,,,,,,0.0544,E,E,602.0,0.0599,S,S,617.0,0.0771,R,S,349.0,0.20084,True,
jak_paralogue,jak,232,,K,JH1,0.74062,0.06723,39.772,9.999000099990002e-05,0.00017,True,0.5167,0.4214,3,JAK1:S/JAK2:K/TYK2:Q,0.0107,1055.0,0.78862,,,,,,,,,False,,,,,,,,,0.0466,S,S,603.0,0.0599,K,K,617.0,0.0763,Q,Q,350.0,0.20084,True,
jak_paralogue,jak,233,,S,JH1,0.06917,0.07883,-0.663,0.7250274972502749,0.73893,False,0.663,0.6118,1,JAK1:S/JAK2:S/TYK2:S,0.0113,1056.0,0.06995,,,,,,,,,False,,,,,,,,,0.0466,S,S,603.0,0.0599,S,S,617.0,0.0955,S,S,349.0,0.20084,False,
jak_paralogue,jak,234,,P,JH1,0.06627,0.07143,-0.361,0.6023397660233977,0.62468,False,0.759,0.6712,1,JAK1:P/JAK2:P/TYK2:P,0.0119,1057.0,0.06302,,,,,,,,,False,,,,,,,,,0.0466,P,P,603.0,0.0599,P,P,617.0,0.1137,P,P,348.0,0.20084,False,
jak_paralogue,jak,235,,P,JH1,0.71432,0.05481,44.528,9.999000099990002e-05,0.00017,True,0.731,0.6613,2,JAK1:M/JAK2:P/TYK2:P,0.0113,1058.0,0.76391,,,,,,,,,False,,,,,,,,,0.0466,M,M,603.0,0.0599,P,P,617.0,0.1006,P,P,349.0,0.20084,True,
jak_paralogue,jak,236,,A,JH1,0.37567,0.07381,16.471,9.999000099990002e-05,0.00017,True,0.374,0.2116,2,JAK1:A/JAK2:A/TYK2:S,0.0189,1059.0,0.38856,,,,,,,,,False,,,,,,,,,0.0563,A,A,599.0,0.0683,A,A,615.0,0.2081,S,S,343.0,0.20084,True,
jak_paralogue,jak,237,,E,JH1,0.99677,0.03872,63.948,9.999000099990002e-05,0.00017,True,0.5526,0.436,3,JAK1:L/JAK2:E/TYK2:K,0.0264,1060.0,1.07428,,,,,,,,,False,,,,,,,,,0.0334,L,E,597.0,0.0708,E,E,605.0,0.2043,K,K,343.0,0.20084,True,
jak_paralogue,jak,238,,F,JH1,0.07218,0.04061,2.089,0.0402959704029597,0.0587,False,0.7024,0.5832,1,JAK1:F/JAK2:F/TYK2:F,0.027,1061.0,0.03225,,,,,,,,,False,,,,,,,,,0.0503,F,F,595.0,0.0412,F,F,606.0,0.2043,F,F,343.0,0.20084,False,
jak_paralogue,jak,239,,M,JH1,0.92864,0.07328,50.669,9.999000099990002e-05,0.00017,True,0.518,0.1993,3,JAK1:L/JAK2:M/TYK2:I,0.027,1062.0,0.99002,,,,,,,,,False,,,,,,,,,0.0423,L,L,596.0,0.0469,M,M,605.0,0.2043,I,I,343.0,0.20084,True,
jak_paralogue,jak,240,,R,JH1,0.8792,0.05504,52.51,9.999000099990002e-05,0.00017,True,0.455,0.3838,3,JAK1:K/JAK2:R/TYK2:E,0.0277,1063.0,0.93907,,,,,,,,,False,,,,,,,,,0.0478,K,K,595.0,0.0469,R,R,605.0,0.2043,E,E,343.0,0.20084,True,
jak_paralogue,jak,241,,M,JH1,0.28505,0.06503,13.975,9.999000099990002e-05,0.00017,True,0.622,0.5228,1,JAK1:M/JAK2:M/TYK2:M,0.027,1064.0,0.27192,,,,,,,,,False,,,,,,,,,0.0478,M,M,595.0,0.0456,M,M,606.0,0.2043,M,M,343.0,0.20084,True,
jak_paralogue,jak,242,,I,JH1,0.26243,0.09103,10.251,9.999000099990002e-05,0.00017,True,0.5815,0.4265,1,JAK1:I/JAK2:I/TYK2:I,0.0277,1065.0,0.24561,,,,,,,,,False,,,,,,,,,0.0478,I,I,595.0,0.0456,I,I,606.0,0.2069,I,I,342.0,0.20084,True,
jak_paralogue,jak,243,,G,JH1,0.17521,0.05489,7.961,9.999000099990002e-05,0.00017,True,0.6177,0.4442,1,JAK1:G/JAK2:G/TYK2:G,0.0289,1066.0,0.15969,,,,,,,,,False,,,,,,,,,0.0478,G,G,595.0,0.0849,G,G,605.0,0.2135,G,G,341.0,0.20084,False,
jak_paralogue,jak,244,,N,JH1,0.99235,0.04935,54.083,9.999000099990002e-05,0.00017,True,0.39,0.1041,3,JAK1:P/JAK2:N/TYK2:L,0.0277,1067.0,1.09033,,,,,,,,,False,,,,,,,,,0.0478,P,P,595.0,0.0849,N,N,605.0,0.1943,L,L,343.0,0.20084,True,
jak_paralogue,jak,245,,D,JH1,0.73759,0.0636,91.626,9.999000099990002e-05,0.00017,True,0.2219,0.0169,3,JAK1:I/JAK2:D/TYK2:K,0.616,1068.0,0.42997,,,,,,,,,True,,,,,,,,,0.9619,I,I,1.0,0.0849,D,D,605.0,0.9747,K,D,3.0,0.20084,True,
jak_paralogue,jak,246,,K,JH1,0.89119,0.05699,52.703,9.999000099990002e-05,0.00017,True,0.5453,0.3214,2,JAK1:T/JAK2:K/TYK2:T,0.0289,1069.0,0.96371,,,,,,,,,False,,,,,,,,,0.0353,T,T,596.0,0.0849,K,K,605.0,0.2415,T,T,340.0,0.20084,True,
jak_paralogue,jak,247,,Q,JH1,0.23362,0.04831,12.077,9.999000099990002e-05,0.00017,True,0.6454,0.4505,1,JAK1:Q/JAK2:Q/TYK2:Q,0.0283,1070.0,0.21393,,,,,,,,,False,,,,,,,,,0.0353,Q,Q,596.0,0.0849,Q,Q,605.0,0.2247,Q,Q,341.0,0.20084,True,
jak_paralogue,jak,248,,G,JH1,0.12563,0.04733,5.191,0.0010998900109989,0.00185,True,0.6539,0.4999,1,JAK1:G/JAK2:G/TYK2:G,0.027,1071.0,0.09553,,,,,,,,,False,,,,,,,,,0.0418,G,G,595.0,0.0632,G,G,606.0,0.2082,G,G,343.0,0.20084,False,
jak_paralogue,jak,249,,Q,JH1,0.12293,0.08736,2.23,0.0313968603139686,0.04747,True,0.6848,0.5271,1,JAK1:Q/JAK2:Q/TYK2:Q,0.027,1072.0,0.10073,,,,,,,,,False,,,,,,,,,0.0498,Q,Q,594.0,0.0632,Q,Q,606.0,0.1981,Q,Q,344.0,0.20084,False,
jak_paralogue,jak,250,,M,JH1,0.20841,0.08578,7.349,9.999000099990002e-05,0.00017,True,0.6822,0.5641,1,JAK1:M/JAK2:M/TYK2:M,0.0283,1073.0,0.19088,,,,,,,,,False,,,,,,,,,0.055,M,M,593.0,0.0317,M,M,604.0,0.179,M,M,345.0,0.20084,True,
jak_paralogue,jak,251,,I,JH1,0.85075,0.10301,33.578,9.999000099990002e-05,0.00017,True,0.6169,0.4499,2,JAK1:T/JAK2:I/TYK2:T,0.0258,1074.0,0.88715,,,,,,,,,False,,,,,,,,,0.055,T,T,593.0,0.017,I,I,608.0,0.179,T,T,345.0,0.20084,True,
jak_paralogue,jak,252,,V,JH1,0.21071,0.06304,9.138,9.999000099990002e-05,0.00017,True,0.6166,0.5097,1,JAK1:V/JAK2:V/TYK2:V,0.0264,1075.0,0.18134,,,,,,,,,False,,,,,,,,,0.055,V,V,593.0,0.017,V,V,608.0,0.1815,V,V,344.0,0.20084,True,
jak_paralogue,jak,253,,F,JH1,1.14808,0.06458,68.277,9.999000099990002e-05,0.00017,True,0.522,0.4295,3,JAK1:T/JAK2:F/TYK2:L,0.0264,1076.0,1.21349,,,,,,,,,False,,,,,,,,,0.0578,T,T,592.0,0.0145,F,F,609.0,0.1815,L,L,344.0,0.20084,True,
jak_paralogue,jak,254,,H,JH1,0.91883,0.07643,42.686,9.999000099990002e-05,0.00017,True,0.5866,0.3282,2,JAK1:R/JAK2:H/TYK2:R,0.0258,1077.0,0.95868,,,,,,,,,False,,,,,,,,,0.0544,R,R,593.0,0.0145,H,H,609.0,0.1815,R,R,344.0,0.20084,True,
jak_paralogue,jak,255,,L,JH1,0.10598,0.07082,2.35,0.0273972602739726,0.04222,True,0.6404,0.5488,1,JAK1:L/JAK2:L/TYK2:L,0.0245,1078.0,0.05933,,,,,,,,,False,,,,,,,,,0.0425,L,L,595.0,0.0145,L,L,609.0,0.1815,L,L,344.0,0.20084,False,
jak_paralogue,jak,256,,I,JH1,0.89172,0.08595,48.1,9.999000099990002e-05,0.00017,True,0.6077,0.5118,2,JAK1:V/JAK2:I/TYK2:I,0.0245,1079.0,0.90745,,,,,,,,,False,,,,,,,,,0.0264,V,V,596.0,0.0145,I,I,609.0,0.1872,I,I,343.0,0.20084,True,
jak_paralogue,jak,257,,E,JH1,0.66015,0.07109,32.406,9.999000099990002e-05,0.00017,True,0.4473,0.3293,2,JAK1:R/JAK2:E/TYK2:E,0.0251,1080.0,0.64954,,,,,,,,,False,,,,,,,,,0.0264,R,R,596.0,0.0145,E,E,609.0,0.2037,E,E,342.0,0.20084,True,
jak_paralogue,jak,258,,L,JH1,0.72207,0.04566,45.315,9.999000099990002e-05,0.00017,True,0.5369,0.4217,2,JAK1:V/JAK2:L/TYK2:L,0.0264,1081.0,0.7294,,,,,,,,,False,,,,,,,,,0.0411,V,V,594.0,0.0145,L,L,609.0,0.2037,L,L,342.0,0.20084,True,
jak_paralogue,jak,259,,L,JH1,0.10385,0.03893,4.844,0.0010998900109989,0.00185,True,0.6709,0.5981,1,JAK1:L/JAK2:L/TYK2:L,0.0258,1082.0,0.02894,,,,,,,,,False,,,,,,,,,0.0259,L,L,596.0,0.0145,L,L,609.0,0.2172,L,L,341.0,0.20084,False,
jak_paralogue,jak,260,,K,JH1,0.85854,0.04378,49.178,9.999000099990002e-05,0.00017,True,0.5434,0.3914,3,JAK1:Q/JAK2:K/TYK2:E,0.0264,1083.0,0.90596,,,,,,,,,False,,,,,,,,,0.0293,Q,Q,595.0,0.0538,K,K,608.0,0.1893,E,E,342.0,0.20084,True,
jak_paralogue,jak,261,,N,JH1,0.93974,0.04834,57.239,9.999000099990002e-05,0.00017,True,0.4659,0.4559,3,JAK1:E/JAK2:N/TYK2:R,0.0283,1084.0,1.04189,,,,,,,,,False,,,,,,,,,0.0959,E,E,592.0,0.0538,N,N,608.0,0.1893,R,R,342.0,0.20084,True,
jak_paralogue,jak,262,,N,JH1,0.46125,0.05225,27.173,9.999000099990002e-05,0.00017,True,0.5153,0.3871,2,JAK1:G/JAK2:N/TYK2:G,0.0295,1085.0,0.51077,,,,,,,,,False,,,,,,,,,0.0959,G,G,592.0,0.0779,N,N,606.0,0.1893,G,G,342.0,0.20084,True,
jak_paralogue,jak,263,,G,JH1,0.84065,0.05536,48.202,9.999000099990002e-05,0.00017,True,0.4067,0.2709,3,JAK1:K/JAK2:G/TYK2:E,0.0302,1086.0,0.9509,,,,,,,,,False,,,,,,,,,0.0935,K,K,593.0,0.0849,G,G,605.0,0.2172,E,E,341.0,0.20084,True,
jak_paralogue,jak,264,,R,JH1,0.05544,0.02912,2.001,0.0483951604839516,0.06954,False,0.6936,0.6122,1,JAK1:R/JAK2:R/TYK2:R,0.0308,1087.0,0.03896,,,,,,,,,False,,,,,,,,,0.0941,R,R,592.0,0.0849,R,R,605.0,0.2172,R,R,341.0,0.20084,False,
jak_paralogue,jak,265,,L,JH1,0.07498,0.03031,3.235,0.0105989401059894,0.01725,True,0.6337,0.5799,1,JAK1:L/JAK2:L/TYK2:L,0.0295,1088.0,0.05679,,,,,,,,,False,,,,,,,,,0.0775,L,L,594.0,0.0849,L,L,605.0,0.2172,L,L,341.0,0.20084,False,
jak_paralogue,jak,266,,P,JH1,0.06176,0.03045,2.253,0.0340965903409659,0.05106,False,0.684,0.6241,1,JAK1:P/JAK2:P/TYK2:P,0.0289,1089.0,0.03063,,,,,,,,,False,,,,,,,,,0.0417,P,P,594.0,0.0849,P,P,605.0,0.2042,P,P,342.0,0.20084,False,
jak_paralogue,jak,267,,R,JH1,0.38376,0.04897,22.29,9.999000099990002e-05,0.00017,True,0.5061,0.4515,2,JAK1:R/JAK2:R/TYK2:C,0.0295,1090.0,0.39605,,,,,,,,,False,,,,,,,,,0.0423,R,R,593.0,0.0849,R,R,605.0,0.2042,C,C,342.0,0.20084,True,
jak_paralogue,jak,268,,P,JH1,0.08221,0.04687,2.55,0.024997500249975,0.03871,True,0.7189,0.682,1,JAK1:P/JAK2:P/TYK2:P,0.0295,1091.0,0.05414,,,,,,,,,False,,,,,,,,,0.0423,P,P,593.0,0.0849,P,P,605.0,0.2042,P,P,342.0,0.20084,False,
jak_paralogue,jak,269,,D,JH1,0.53652,0.05745,30.315,9.999000099990002e-05,0.00017,True,0.3643,0.3263,3,JAK1:P/JAK2:D/TYK2:K,0.0289,1092.0,0.57474,,,,,,,,,False,,,,,,,,,0.0423,P,P,593.0,0.0849,D,D,605.0,0.1598,K,K,343.0,0.20084,True,
jak_paralogue,jak,270,,G,JH1,0.65596,0.05772,39.072,9.999000099990002e-05,0.00017,True,0.4121,0.3212,3,JAK1:N/JAK2:G/TYK2:D,0.0289,1093.0,0.70756,,,,,,,,,False,,,,,,,,,0.0423,N,N,593.0,0.0849,G,G,605.0,0.1598,D,D,343.0,0.20084,True,
jak_paralogue,jak,271,,C,JH1,0.05251,0.03787,1.073,0.1390860913908609,0.18334,False,0.7998,0.727,1,JAK1:C/JAK2:C/TYK2:C,0.0277,1094.0,0.04114,,,,,,,,,False,,,,,,,,,0.0417,C,C,594.0,0.0849,C,C,605.0,0.1433,C,C,344.0,0.20084,False,
jak_paralogue,jak,272,,P,JH1,0.08502,0.03344,4.123,0.0027997200279972,0.00465,True,0.6997,0.6786,1,JAK1:P/JAK2:P/TYK2:P,0.0277,1095.0,0.07704,,,,,,,,,False,,,,,,,,,0.0417,P,P,594.0,0.0849,P,P,605.0,0.1433,P,P,344.0,0.20084,False,
jak_paralogue,jak,273,,D,JH1,0.7938,0.06629,55.309,9.999000099990002e-05,0.00017,True,0.3482,0.1748,3,JAK1:E/JAK2:D/TYK2:C,0.1075,1096.0,0.7814,,,,,,,,,True,,,,,,,,,0.0542,E,E,593.0,0.0849,D,D,605.0,0.5474,C,C,218.0,0.20084,True,
jak_paralogue,jak,274,,E,JH1,0.23417,0.06451,11.879,9.999000099990002e-05,0.00017,True,0.5029,0.3176,1,JAK1:E/JAK2:E/TYK2:E,0.0308,1097.0,0.25198,,,,,,,,,False,,,,,,,,,0.0876,E,E,586.0,0.0849,E,E,605.0,0.0579,E,E,347.0,0.20084,True,
jak_paralogue,jak,275,,I,JH1,0.38359,0.04123,25.385,9.999000099990002e-05,0.00017,True,0.6111,0.5167,2,JAK1:V/JAK2:I/TYK2:V,0.027,1098.0,0.39324,,,,,,,,,False,,,,,,,,,0.037,V,V,591.0,0.0393,I,I,606.0,0.1284,V,I,347.0,0.20084,True,
jak_paralogue,jak,276,,Y,JH1,0.27657,0.06695,17.042,9.999000099990002e-05,0.00017,True,0.5514,0.502,1,JAK1:Y/JAK2:Y/TYK2:Y,0.203,1099.0,0.28511,,,,,,,,,False,,,,,,,,,0.3074,Y,Y,319.0,0.0763,Y,Y,602.0,0.1479,Y,Y,343.0,0.20084,True,
jak_paralogue,jak,277,,M,JH1,0.63393,0.04953,38.687,9.999000099990002e-05,0.00017,True,0.2674,0.22,3,JAK1:Q/JAK2:A/TYK2:L,0.0396,1100.0,0.6842,,,,,,,,,False,,,,,,,,,0.0871,Q,Q,577.0,0.0414,A,A,603.0,0.1442,L,L,344.0,0.20084,True,
jak_paralogue,jak,278,,I,JH1,0.63603,0.06104,38.378,9.999000099990002e-05,0.00017,True,0.5403,0.4876,2,JAK1:L/JAK2:I/TYK2:L,0.0383,1101.0,0.68374,,,,,,,,,False,,,,,,,,,0.0849,L,L,578.0,0.0382,I,I,604.0,0.1442,L,L,344.0,0.20084,True,
jak_paralogue,jak,279,,M,JH1,0.10778,0.07133,2.48,0.0168983101689831,0.02709,True,0.7096,0.6506,1,JAK1:M/JAK2:M/TYK2:M,0.0333,1102.0,0.08703,,,,,,,,,False,,,,,,,,,0.0314,M,M,586.0,0.0382,M,M,604.0,0.1442,M,M,344.0,0.20084,False,
jak_paralogue,jak,280,,T,JH1,0.70877,0.06124,42.255,9.999000099990002e-05,0.00017,True,0.4332,0.3402,2,JAK1:R/JAK2:K/TYK2:K,0.0327,1103.0,0.74218,,,,,,,,,False,,,,,,,,,0.0432,R,R,585.0,0.0323,K,K,606.0,0.1442,K,K,344.0,0.20084,True,
jak_paralogue,jak,281,,,,0.00085,0.00078,0.383,0.2246775322467753,0.27118,False,0.0005,0.0,2,JAK1:F/JAK2:A/TYK2:A,0.9994,,,,,,,,,,,True,,,,,,,,,0.9984,F,F,1.0,1.0,A,-,0.0,1.0,A,-,0.0,0.20084,False,
jak_paralogue,jak,282,,,,0.00085,0.00078,0.383,0.2246775322467753,0.27118,False,0.0004,0.0,2,JAK1:V/JAK2:A/TYK2:A,0.9994,,,,,,,,,,,True,,,,,,,,,0.9984,V,V,1.0,1.0,A,-,0.0,1.0,A,-,0.0,0.20084,False,
jak_paralogue,jak,283,,E,JH1,1.11599,0.06918,67.119,9.999000099990002e-05,0.00017,True,0.5284,0.4434,3,JAK1:K/JAK2:E/TYK2:Q,0.0339,1104.0,1.20766,,,,,,,,,False,,,,,,,,,0.0813,K,K,584.0,0.0335,E,E,605.0,0.1442,Q,N,344.0,0.20084,True,
jak_paralogue,jak,284,,C,JH1,0.06645,0.03293,2.746,0.0183981601839816,0.0292,True,0.8175,0.7126,1,JAK1:C/JAK2:C/TYK2:C,0.0358,1105.0,0.0258,,,,,,,,,False,,,,,,,,,0.0502,C,C,584.0,0.0388,C,C,604.0,0.2016,C,C,342.0,0.20084,False,
jak_paralogue,jak,285,,W,JH1,0.0912,0.04698,2.728,0.0127987201279872,0.02062,True,0.7858,0.7135,1,JAK1:W/JAK2:W/TYK2:W,0.0358,1106.0,0.04691,,,,,,,,,False,,,,,,,,,0.0384,W,W,585.0,0.0388,W,W,604.0,0.2034,W,W,341.0,0.20084,False,
jak_paralogue,jak,286,,,,0.00482,0.0044,0.43,0.2177782221777822,0.27118,False,0.0026,0.0,2,JAK1:I/JAK2:A/TYK2:A,0.9994,,,,,,,,,,,True,,,,,,,,,0.9908,I,I,1.0,1.0,A,-,0.0,1.0,A,-,0.0,0.20084,False,
jak_paralogue,jak,287,,,,0.00482,0.0044,0.43,0.2177782221777822,0.27118,False,0.0027,0.0,2,JAK1:Y/JAK2:A/TYK2:A,0.9994,,,,,,,,,,,True,,,,,,,,,0.9908,Y,Y,1.0,1.0,A,-,0.0,1.0,A,-,0.0,0.20084,False,
jak_paralogue,jak,288,,,,0.00482,0.0044,0.43,0.2177782221777822,0.27118,False,0.0026,0.0,2,JAK1:K/JAK2:A/TYK2:A,0.9994,,,,,,,,,,,True,,,,,,,,,0.9908,K,K,1.0,1.0,A,-,0.0,1.0,A,-,0.0,0.20084,False,
jak_paralogue,jak,289,,,,0.00482,0.0044,0.43,0.2177782221777822,0.27118,False,0.0026,0.0,2,JAK1:R/JAK2:A/TYK2:A,0.9994,,,,,,,,,,,True,,,,,,,,,0.9908,R,R,1.0,1.0,A,-,0.0,1.0,A,-,0.0,0.20084,False,
jak_paralogue,jak,290,,N,JH1,0.65391,0.06158,41.486,9.999000099990002e-05,0.00017,True,0.4256,0.3561,2,JAK1:E/JAK2:N/TYK2:E,0.0358,1107.0,0.70444,,,,,,,,,False,,,,,,,,,0.0867,E,E,583.0,0.0388,N,N,604.0,0.1461,E,E,343.0,0.20084,True,
jak_paralogue,jak,291,,N,JH1,0.8539,0.05015,52.955,9.999000099990002e-05,0.00017,True,0.4095,0.3031,3,JAK1:H/JAK2:N/TYK2:A,0.0365,1108.0,0.92708,,,,,,,,,False,,,,,,,,,0.0867,H,F,583.0,0.0388,N,N,604.0,0.1653,A,A,342.0,0.20084,True,
jak_paralogue,jak,292,,N,JH1,0.69799,0.04981,45.989,9.999000099990002e-05,0.00017,True,0.415,0.2876,3,JAK1:K/JAK2:N/TYK2:E,0.0371,1109.0,0.75415,,,,,,,,,False,,,,,,,,,0.0892,K,K,582.0,0.0388,N,N,604.0,0.1653,E,E,342.0,0.20084,True,
jak_paralogue,jak,293,,V,JH1,0.65501,0.07437,38.288,9.999000099990002e-05,0.00017,True,0.5433,0.4345,3,JAK1:P/JAK2:V/TYK2:A,0.0365,1110.0,0.70369,,,,,,,,,False,,,,,,,,,0.0943,P,P,581.0,0.0335,V,V,605.0,0.1634,A,A,343.0,0.20084,True,
jak_paralogue,jak,294,,N,JH1,0.52431,0.04873,32.334,9.999000099990002e-05,0.00017,True,0.327,0.2371,2,JAK1:E/JAK2:S/TYK2:S,0.0377,1111.0,0.56231,,,,,,,,,False,,,,,,,,,0.0943,E,D,581.0,0.0394,S,N,603.0,0.1634,S,S,343.0,0.20084,True,
jak_paralogue,jak,295,,Q,JH1,0.7233,0.0677,42.353,9.999000099990002e-05,0.00017,True,0.3781,0.3027,3,JAK1:E/JAK2:Q/TYK2:F,0.039,1112.0,0.79149,,,,,,,,,False,,,,,,,,,0.0943,E,E,581.0,0.049,Q,Q,601.0,0.1634,F,F,343.0,0.20084,True,
jak_paralogue,jak,296,,R,JH1,0.08558,0.08142,0.315,0.3275672432756724,0.37588,False,0.6812,0.6185,1,JAK1:R/JAK2:R/TYK2:R,0.0396,1113.0,0.0767,,,,,,,,,False,,,,,,,,,0.0951,R,R,580.0,0.049,R,R,601.0,0.1643,R,R,343.0,0.20084,False,
jak_paralogue,jak,297,,P,JH1,0.82326,0.04185,66.698,9.999000099990002e-05,0.00017,True,0.6674,0.5255,2,JAK1:T/JAK2:P/TYK2:P,0.0402,1114.0,0.90409,,,,,,,,,False,,,,,,,,,0.0951,T,T,580.0,0.049,P,P,601.0,0.1662,P,P,342.0,0.20084,True,
jak_paralogue,jak,298,,S,JH1,0.2269,0.06661,10.792,9.999000099990002e-05,0.00017,True,0.4505,0.3914,1,JAK1:T/JAK2:T/TYK2:T,0.0383,1115.0,0.233,,,,,,,,,False,,,,,,,,,0.0852,T,T,583.0,0.049,T,T,601.0,0.1662,T,T,342.0,0.20084,True,
jak_paralogue,jak,299,,F,JH1,0.06077,0.05931,0.111,0.3999600039996,0.44767,False,0.7312,0.6736,1,JAK1:F/JAK2:F/TYK2:F,0.0383,1116.0,0.04721,,,,,,,,,False,,,,,,,,,0.0852,F,F,583.0,0.049,F,F,601.0,0.1662,F,F,342.0,0.20084,False,
jak_paralogue,jak,300,,R,JH1,0.52106,0.0617,30.657,9.999000099990002e-05,0.00017,True,0.4109,0.2566,3,JAK1:K/JAK2:R/TYK2:Q,0.039,1117.0,0.56545,,,,,,,,,False,,,,,,,,,0.097,K,H,582.0,0.049,R,R,601.0,0.1662,Q,Q,342.0,0.20084,True,
jak_paralogue,jak,301,,D,JH1,0.60592,0.04591,39.013,9.999000099990002e-05,0.00017,True,0.3778,0.3345,2,JAK1:N/JAK2:D/TYK2:N,0.039,1118.0,0.66075,,,,,,,,,False,,,,,,,,,0.097,N,N,582.0,0.049,D,D,601.0,0.1662,N,N,342.0,0.20084,True,
jak_paralogue,jak,302,,L,JH1,0.06037,0.05417,0.469,0.280971902809719,0.33074,False,0.6355,0.5897,1,JAK1:L/JAK2:L/TYK2:L,0.0377,1119.0,0.04689,,,,,,,,,False,,,,,,,,,0.0861,L,L,584.0,0.049,L,L,601.0,0.1662,L,L,342.0,0.20084,False,
jak_paralogue,jak,303,,A,JH1,0.58907,0.05315,36.976,9.999000099990002e-05,0.00017,True,0.5111,0.4503,2,JAK1:I/JAK2:A/TYK2:I,0.0396,1120.0,0.63761,,,,,,,,,False,,,,,,,,,0.0935,I,I,582.0,0.049,A,A,601.0,0.2097,I,I,341.0,0.20084,True,
jak_paralogue,jak,304,,L,JH1,0.70603,0.04488,43.576,9.999000099990002e-05,0.00017,True,0.3889,0.3483,3,JAK1:E/JAK2:Q/TYK2:P,0.0396,1121.0,0.76995,,,,,,,,,False,,,,,,,,,0.0906,E,Q,584.0,0.049,Q,Q,601.0,0.2111,P,P,339.0,0.20084,True,
jak_paralogue,jak,305,,R,JH1,0.86492,0.04414,51.471,9.999000099990002e-05,0.00017,True,0.3886,0.2654,3,JAK1:G/JAK2:R/TYK2:I,0.0383,1122.0,0.94468,,,,,,,,,False,,,,,,,,,0.0868,G,G,585.0,0.0433,R,R,602.0,0.2111,I,I,339.0,0.20084,True,
jak_paralogue,jak,306,,V,JH1,0.75423,0.03605,55.534,9.999000099990002e-05,0.00017,True,0.5757,0.4579,3,JAK1:F/JAK2:V/TYK2:L,0.0396,1123.0,0.82853,,,,,,,,,False,,,,,,,,,0.0981,F,F,584.0,0.049,V,V,601.0,0.2111,L,L,339.0,0.20084,True,
jak_paralogue,jak,307,,D,JH1,0.81139,0.04203,52.319,9.999000099990002e-05,0.00017,True,0.5092,0.3608,3,JAK1:E/JAK2:D/TYK2:K,0.0409,1124.0,0.89863,,,,,,,,,False,,,,,,,,,0.1083,E,E,582.0,0.049,D,D,601.0,0.2111,K,K,339.0,0.20084,True,
jak_paralogue,jak,308,,Q,JH1,0.49563,0.04856,28.885,9.999000099990002e-05,0.00017,True,0.2718,0.2181,3,JAK1:T/JAK2:H/TYK2:A,0.0409,1125.0,0.53263,,,,,,,,,False,,,,,,,,,0.1072,T,T,583.0,0.049,H,H,601.0,0.2279,A,T,338.0,0.20084,True,
jak_paralogue,jak,309,,I,JH1,0.36153,0.03585,25.284,9.999000099990002e-05,0.00017,True,0.439,0.326,2,JAK1:L/JAK2:I/TYK2:I,0.0421,1126.0,0.37475,,,,,,,,,False,,,,,,,,,0.0979,L,I,583.0,0.0513,I,I,600.0,0.2329,I,I,337.0,0.20084,True,
jak_paralogue,jak,310,,R,JH1,0.75453,0.04959,49.08,9.999000099990002e-05,0.00017,True,0.4668,0.2327,2,JAK1:S/JAK2:R/TYK2:R,0.0421,1127.0,0.83142,,,,,,,,,False,,,,,,,,,0.0981,S,S,583.0,0.053,R,R,599.0,0.231,R,H,338.0,0.20084,True,
jak_paralogue,jak,311,,D,JH1,0.57575,0.04901,42.354,9.999000099990002e-05,0.00017,True,0.4044,0.2967,3,JAK1:K/JAK2:D/TYK2:E,0.1138,1128.0,0.66101,,,,,,,,,False,,,,,,,,,0.1821,K,K,472.0,0.0686,D,D,598.0,0.2475,E,E,337.0,0.20084,True,
jak_paralogue,jak,312,,N,JH1,0.75542,0.04329,58.013,9.999000099990002e-05,0.00017,True,0.3102,0.1506,3,JAK1:Q/JAK2:N/TYK2:K,0.3118,1129.0,0.84507,,,,,,,,,True,,,,,,,,,0.5338,Q,Q,153.0,0.0507,N,N,600.0,0.236,K,K,339.0,0.20084,True,
jak_paralogue,jak,313,,M,,0.70688,0.03439,60.219,9.999000099990002e-05,0.00017,True,0.246,0.047,3,JAK1:N/JAK2:M/TYK2:Q,0.3941,1130.0,0.67791,,,,,,,,,True,,,,,,,,,0.8471,N,M,45.0,0.1046,M,M,592.0,0.2794,Q,Q,324.0,0.20084,True,
jak_paralogue,jak,314,,A,,0.66128,0.02465,91.587,9.999000099990002e-05,0.00017,True,0.1389,0.0109,3,JAK1:Y/JAK2:G/TYK2:E,0.6235,1131.0,0.20008,,,,,,,,,True,,,,,,,,,0.9869,Y,I,2.0,0.1106,G,G,591.0,0.9736,E,A,4.0,0.20084,True,
jak_paralogue,jak,315,,G,,0.63634,0.02368,83.178,9.999000099990002e-05,0.00017,True,0.1472,0.0103,3,JAK1:N/JAK2:G/TYK2:V,0.6279,1132.0,0.2667,,,,,,,,,True,,,,,,,,,0.9881,N,N,1.0,0.1448,G,G,585.0,0.9736,V,P,4.0,0.20084,True,
jak_paralogue,jak,316,,,,0.01231,0.00949,1.058,0.1300869913008699,0.17363,False,0.0067,0.0,2,JAK1:A/JAK2:A/TYK2:C,0.9981,,,,,,,,,,,True,,,,,,,,,0.9881,A,A,1.0,1.0,A,-,0.0,0.9885,C,C,2.0,0.20084,False,
jak_paralogue,jak,317,,,,0.0061,0.00379,0.985,0.1980801919808019,0.25174,False,0.0033,0.0,2,JAK1:A/JAK2:A/TYK2:P,0.9987,,,,,,,,,,,True,,,,,,,,,1.0,A,-,0.0,1.0,A,-,0.0,0.9885,P,P,2.0,0.20084,False,
jak_paralogue,jak,318,,,,0.0061,0.00379,0.985,0.1980801919808019,0.25174,False,0.0031,0.0,2,JAK1:A/JAK2:A/TYK2:S,0.9987,,,,,,,,,,,True,,,,,,,,,1.0,A,-,0.0,1.0,A,-,0.0,0.9885,S,S,2.0,0.20084,False,
